Store,OperatingDays,TotalSales,AverageDailySales,MedianDailySales,SalesStandardDeviation,AverageCustomers,MedianCustomers,AverageSalesPerCustomer,PromoDays,SalesCoefficientOfVariationPct,StoreType,Assortment,CompetitionDistance,Promo2,StoreTypeLabel,AssortmentLabel,AverageSalesRank,CustomerRank,SalesPerCustomerRank,PerformanceSegment,AverageNonPromoSales,AveragePromoSales,SalesUpliftPct,PromotionResponseSegment,StrategicCategory,RecommendedAction
1,781,3716854,4759.1,4647.0,1012.11,564.05,550.0,8.39,350,21.27,c,a,1270.0,0,Type C,Basic,961,784,756,Low Sales / Low Footfall,4319.76,5300.11,22.69,Low Promotion Response,Turnaround Priority,"Conduct store-specific review of local demand, competition, assortment and promotion response before allocating further promotional resources."
2,784,3883858,4953.9,4783.0,1610.15,584.0,575.5,8.41,354,32.5,a,a,570.0,1,Type A,Basic,915,744,754,Low Sales / Low Footfall,3864.29,6277.44,62.45,High Promotion Response,Turnaround Priority,"Conduct store-specific review of local demand, competition, assortment and promotion response before allocating further promotional resources."
3,779,5408261,6942.57,6619.0,2193.38,750.08,744.0,9.12,350,31.59,a,a,14130.0,1,Type A,Basic,487,421,617,High Sales / High Footfall,5382.61,8854.63,64.5,High Promotion Response,High-Value Promotion Priority,Prioritise for regular promotions because these stores combine strong baseline performance with high promotional responsiveness.
4,784,7556507,9638.4,9430.5,1936.03,1321.75,1301.5,7.25,353,20.09,c,c,620.0,0,Type C,Extended,115,58,1003,High Sales / High Footfall,8870.35,10576.16,19.23,Low Promotion Response,Strong Core Performer,Maintain current operations and use promotions selectively to protect profitability and avoid unnecessary discounting.
5,779,3642818,4676.27,4616.0,1765.75,537.34,564.0,8.61,351,37.76,a,a,29910.0,0,Type A,Basic,976,844,716,Low Sales / Low Footfall,3511.41,6096.68,73.63,High Promotion Response,Turnaround Priority,"Conduct store-specific review of local demand, competition, assortment and promotion response before allocating further promotional resources."
6,780,4297758,5509.95,5462.5,1577.38,635.23,634.5,8.63,352,28.63,a,a,310.0,0,Type A,Basic,792,647,713,Low Sales / Low Footfall,4578.64,6642.33,45.07,Moderate Promotion Response,Turnaround Priority,"Conduct store-specific review of local demand, competition, assortment and promotion response before allocating further promotional resources."
7,786,6930202,8817.05,8494.0,2448.62,948.56,938.5,9.23,354,27.77,a,c,24000.0,0,Type A,Extended,179,206,588,High Sales / High Footfall,7419.02,10523.13,41.84,Moderate Promotion Response,Strong Core Performer,Maintain current operations and use promotions selectively to protect profitability and avoid unnecessary discounting.
8,784,4342857,5539.36,5356.0,1894.09,658.2,672.5,8.29,353,34.19,a,a,7520.0,0,Type A,Basic,780,595,771,Low Sales / Low Footfall,4250.44,7113.08,67.35,High Promotion Response,Turnaround Priority,"Conduct store-specific review of local demand, competition, assortment and promotion response before allocating further promotional resources."
9,779,5112061,6562.34,6215.0,1628.65,579.82,561.0,11.21,350,24.82,a,c,2030.0,0,Type A,Extended,564,752,237,Low Sales / Low Footfall,5735.0,7576.42,32.11,Moderate Promotion Response,Turnaround Priority,"Conduct store-specific review of local demand, competition, assortment and promotion response before allocating further promotional resources."
10,784,4365642,5568.42,5395.5,1051.13,593.96,588.0,9.33,353,18.88,a,a,3160.0,0,Type A,Basic,772,723,565,Low Sales / Low Footfall,4961.5,6309.45,27.17,Low Promotion Response,Turnaround Priority,"Conduct store-specific review of local demand, competition, assortment and promotion response before allocating further promotional resources."
11,784,6296286,8030.98,7571.5,2242.53,1130.09,1118.0,7.05,353,27.92,a,c,960.0,1,Type A,Extended,267,103,1035,High Sales / High Footfall,7048.81,9230.16,30.95,Moderate Promotion Response,Strong Core Performer,Maintain current operations and use promotions selectively to protect profitability and avoid unnecessary discounting.
12,784,5950245,7589.6,7171.5,2055.97,896.95,876.0,8.35,353,27.09,a,c,1070.0,1,Type A,Extended,341,245,763,High Sales / High Footfall,6199.72,9286.59,49.79,Moderate Promotion Response,Strong Core Performer,Maintain current operations and use promotions selectively to protect profitability and avoid unnecessary discounting.
13,621,3126578,5034.75,4719.0,1617.51,382.83,370.0,12.94,274,32.13,d,a,310.0,1,Type D,Basic,901,1082,64,Low Sales / Low Footfall,3921.01,6445.22,64.38,High Promotion Response,Turnaround Priority,"Conduct store-specific review of local demand, competition, assortment and promotion response before allocating further promotional resources."
14,779,4291174,5508.57,5391.0,1479.65,631.47,641.0,8.65,350,26.86,a,a,1300.0,1,Type A,Basic,794,656,708,Low Sales / Low Footfall,4538.32,6697.81,47.58,Moderate Promotion Response,Turnaround Priority,"Conduct store-specific review of local demand, competition, assortment and promotion response before allocating further promotional resources."
15,784,5231510,6672.84,6418.0,1625.67,663.4,648.0,9.95,353,24.36,d,c,4110.0,1,Type D,Extended,541,582,439,High Sales / Low Footfall,5680.88,7883.99,38.78,Moderate Promotion Response,High Customer Value Store,Protect high spending per customer and focus on targeted footfall-building campaigns.
16,777,5967891,7680.68,7478.0,1904.36,852.48,877.0,8.98,348,24.79,a,c,3270.0,0,Type A,Extended,323,289,647,High Sales / High Footfall,6462.6,9182.28,42.08,Moderate Promotion Response,Strong Core Performer,Maintain current operations and use promotions selectively to protect profitability and avoid unnecessary discounting.
17,782,4954488,6335.66,5997.0,2497.62,791.68,807.5,7.84,353,39.42,a,a,50.0,1,Type A,Basic,607,365,887,Low Sales / High Footfall,4620.8,8419.73,82.21,High Promotion Response,Conversion Improvement Priority,"Review assortment, cross-selling and promotion design because customer traffic is relatively high but sales per customer are weak."
18,782,5130137,6560.28,6362.5,1783.42,713.28,712.0,9.1,353,27.19,d,c,13840.0,1,Type D,Extended,566,480,618,Low Sales / High Footfall,5480.0,7873.14,43.67,Moderate Promotion Response,Conversion Improvement Priority,"Review assortment, cross-selling and promotion design because customer traffic is relatively high but sales per customer are weak."
19,779,5036169,6464.92,6247.0,1842.07,624.67,633.0,10.26,350,28.49,a,c,3240.0,1,Type A,Extended,585,663,383,Low Sales / Low Footfall,5245.26,7959.87,51.75,Moderate Promotion Response,Turnaround Priority,"Conduct store-specific review of local demand, competition, assortment and promotion response before allocating further promotional resources."
20,619,4801543,7756.94,7804.0,1695.43,848.56,887.0,9.22,271,21.86,d,a,2340.0,1,Type D,Basic,305,295,592,High Sales / High Footfall,6819.33,8960.94,31.4,Moderate Promotion Response,Strong Core Performer,Maintain current operations and use promotions selectively to protect profitability and avoid unnecessary discounting.
21,777,4259763,5482.32,5278.0,1790.77,516.36,518.0,10.41,348,32.66,c,c,550.0,1,Type C,Extended,801,888,357,Low Sales / Low Footfall,4276.17,6969.21,62.98,High Promotion Response,Turnaround Priority,"Conduct store-specific review of local demand, competition, assortment and promotion response before allocating further promotional resources."
22,619,2801506,4525.86,4311.0,1140.0,504.25,504.0,8.9,273,25.19,a,a,1040.0,1,Type A,Basic,1004,914,665,Low Sales / Low Footfall,3794.75,5452.46,43.68,Moderate Promotion Response,Turnaround Priority,"Conduct store-specific review of local demand, competition, assortment and promotion response before allocating further promotional resources."
23,779,4300299,5520.28,5181.0,1605.53,482.44,466.0,11.28,350,29.08,d,a,4060.0,0,Type D,Basic,786,960,226,Low Sales / Low Footfall,4479.89,6795.51,51.69,Moderate Promotion Response,Turnaround Priority,"Conduct store-specific review of local demand, competition, assortment and promotion response before allocating further promotional resources."
24,779,7313475,9388.29,8875.0,2604.82,835.43,809.0,11.1,350,27.75,a,c,4590.0,1,Type A,Extended,131,311,249,High Sales / High Footfall,7818.17,11312.8,44.7,Moderate Promotion Response,Strong Core Performer,Maintain current operations and use promotions selectively to protect profitability and avoid unnecessary discounting.
25,750,8376557,11168.74,10812.5,2807.87,1570.36,1543.0,7.05,338,25.14,c,a,430.0,0,Type C,Basic,51,36,1031,High Sales / High Footfall,9663.42,13003.63,34.57,Moderate Promotion Response,Strong Core Performer,Maintain current operations and use promotions selectively to protect profitability and avoid unnecessary discounting.
26,782,5217266,6671.7,6363.5,2012.8,556.07,542.5,11.82,353,30.17,d,a,2300.0,0,Type D,Basic,542,802,155,High Sales / Low Footfall,5394.02,8224.45,52.47,High Promotion Response,High Customer Value Store,Protect high spending per customer and focus on targeted footfall-building campaigns.
27,779,7383809,9478.57,8684.0,2915.38,1074.76,1035.0,8.68,350,30.76,a,a,60.0,1,Type A,Basic,123,127,702,High Sales / High Footfall,7555.87,11835.26,56.64,High Promotion Response,High-Value Promotion Priority,Prioritise for regular promotions because these stores combine strong baseline performance with high promotional responsiveness.
28,768,4080950,5313.74,5049.5,2128.43,583.59,592.0,8.93,346,40.06,a,a,1200.0,1,Type A,Basic,839,746,658,Low Sales / Low Footfall,4064.84,6836.96,68.2,High Promotion Response,Turnaround Priority,"Conduct store-specific review of local demand, competition, assortment and promotion response before allocating further promotional resources."
29,779,5737160,7364.78,6887.0,2204.59,653.7,630.0,11.09,350,29.93,d,c,2170.0,0,Type D,Extended,379,602,250,High Sales / Low Footfall,6175.61,8822.35,42.86,Moderate Promotion Response,High Customer Value Store,Protect high spending per customer and focus on targeted footfall-building campaigns.
30,777,4114046,5294.78,5149.0,1542.35,777.13,769.0,6.75,348,29.13,a,a,40.0,1,Type A,Basic,844,379,1056,Low Sales / High Footfall,4449.98,6336.22,42.39,Moderate Promotion Response,Conversion Improvement Priority,"Review assortment, cross-selling and promotion design because customer traffic is relatively high but sales per customer are weak."
31,784,4596143,5862.43,5716.5,1333.96,586.05,575.0,9.92,353,22.75,d,c,9800.0,0,Type D,Extended,716,741,441,Low Sales / Low Footfall,5173.25,6703.89,29.59,Moderate Promotion Response,Turnaround Priority,"Conduct store-specific review of local demand, competition, assortment and promotion response before allocating further promotional resources."
32,621,2526117,4067.82,3896.0,1278.99,477.19,485.0,8.41,274,31.44,a,a,2910.0,1,Type A,Basic,1054,967,753,Low Sales / Low Footfall,3162.98,5213.73,64.84,High Promotion Response,Turnaround Priority,"Conduct store-specific review of local demand, competition, assortment and promotion response before allocating further promotional resources."
33,779,6572158,8436.66,8248.0,1745.39,836.31,825.0,10.02,350,20.69,a,c,1320.0,0,Type A,Extended,218,310,431,High Sales / High Footfall,7598.47,9464.04,24.55,Low Promotion Response,Strong Core Performer,Maintain current operations and use promotions selectively to protect profitability and avoid unnecessary discounting.
34,784,6296685,8031.49,7807.5,1513.0,993.46,972.0,8.04,353,18.84,c,a,2240.0,0,Type C,Basic,266,169,842,High Sales / High Footfall,7166.63,9087.44,26.8,Low Promotion Response,Strong Core Performer,Maintain current operations and use promotions selectively to protect profitability and avoid unnecessary discounting.
35,779,7558693,9703.07,9127.0,2998.39,729.65,711.0,13.06,350,30.9,d,c,7660.0,1,Type D,Extended,111,450,51,High Sales / High Footfall,7756.1,12089.51,55.87,High Promotion Response,High-Value Promotion Priority,Prioritise for regular promotions because these stores combine strong baseline performance with high promotional responsiveness.
36,622,5824183,9363.64,9234.5,1323.59,1090.32,1077.5,8.57,274,14.14,a,c,540.0,1,Type A,Extended,135,119,720,High Sales / High Footfall,8805.24,10072.84,14.4,Low Promotion Response,Strong Core Performer,Maintain current operations and use promotions selectively to protect profitability and avoid unnecessary discounting.
37,780,5549053,7114.17,7102.5,1890.99,781.09,771.5,9.05,351,26.58,c,a,4230.0,0,Type C,Basic,437,376,634,High Sales / High Footfall,6305.84,8102.13,28.49,Low Promotion Response,Strong Core Performer,Maintain current operations and use promotions selectively to protect profitability and avoid unnecessary discounting.
38,779,4677617,6004.64,5903.0,1811.57,535.35,535.0,11.06,350,30.17,d,a,1090.0,0,Type D,Basic,684,848,255,Low Sales / Low Footfall,4938.3,7311.68,48.06,Moderate Promotion Response,Turnaround Priority,"Conduct store-specific review of local demand, competition, assortment and promotion response before allocating further promotional resources."
39,779,3780153,4852.57,4391.0,1864.53,629.62,602.0,7.52,350,38.42,a,a,260.0,1,Type A,Basic,938,659,957,Low Sales / Low Footfall,3644.67,6333.12,73.76,High Promotion Response,Turnaround Priority,"Conduct store-specific review of local demand, competition, assortment and promotion response before allocating further promotional resources."
40,776,3804215,4902.34,4865.0,1125.84,663.82,654.0,7.35,348,22.97,a,a,180.0,1,Type A,Basic,927,580,983,Low Sales / Low Footfall,4492.9,5405.9,20.32,Low Promotion Response,Turnaround Priority,"Conduct store-specific review of local demand, competition, assortment and promotion response before allocating further promotional resources."
41,622,3318407,5335.06,5187.5,1377.8,397.96,394.0,13.3,274,25.83,d,c,1180.0,1,Type D,Extended,833,1065,40,Low Sales / Low Footfall,4827.54,5979.65,23.87,Low Promotion Response,Turnaround Priority,"Conduct store-specific review of local demand, competition, assortment and promotion response before allocating further promotional resources."
42,779,7928768,10178.14,9631.0,2487.34,1100.05,1080.0,9.16,350,24.44,a,c,290.0,1,Type A,Extended,91,114,606,High Sales / High Footfall,8583.53,12132.67,41.35,Moderate Promotion Response,Strong Core Performer,Maintain current operations and use promotions selectively to protect profitability and avoid unnecessary discounting.
43,779,5315050,6822.91,6554.0,1963.71,610.16,611.0,11.06,350,28.78,d,a,4880.0,1,Type D,Basic,515,696,257,High Sales / Low Footfall,5495.59,8449.83,53.76,High Promotion Response,High Customer Value Store,Protect high spending per customer and focus on targeted footfall-building campaigns.
44,784,4295144,5478.5,5159.0,1585.82,640.06,633.0,8.45,353,28.95,a,a,540.0,0,Type A,Basic,802,629,742,Low Sales / Low Footfall,4367.66,6834.79,56.49,High Promotion Response,Turnaround Priority,"Conduct store-specific review of local demand, competition, assortment and promotion response before allocating further promotional resources."
45,779,4166458,5348.47,5340.0,1321.45,415.38,413.0,12.77,350,24.71,d,a,9710.0,0,Type D,Basic,828,1051,72,Low Sales / Low Footfall,4679.41,6168.54,31.82,Moderate Promotion Response,Turnaround Priority,"Conduct store-specific review of local demand, competition, assortment and promotion response before allocating further promotional resources."
46,622,3329125,5352.29,5098.0,1578.75,660.5,656.0,7.97,274,29.5,c,a,1200.0,1,Type C,Basic,826,589,859,Low Sales / Low Footfall,4340.87,6636.86,52.89,High Promotion Response,Turnaround Priority,"Conduct store-specific review of local demand, competition, assortment and promotion response before allocating further promotional resources."
47,784,5601760,7145.1,6862.0,1745.36,920.65,901.0,7.68,353,24.43,a,c,270.0,1,Type A,Extended,429,225,930,High Sales / High Footfall,6035.25,8500.2,40.84,Moderate Promotion Response,Strong Core Performer,Maintain current operations and use promotions selectively to protect profitability and avoid unnecessary discounting.
48,784,3085014,3934.97,3840.0,905.37,429.23,426.5,9.15,353,23.01,a,a,1060.0,0,Type A,Basic,1062,1036,609,Low Sales / Low Footfall,3404.65,4582.46,34.59,Moderate Promotion Response,Turnaround Priority,"Conduct store-specific review of local demand, competition, assortment and promotion response before allocating further promotional resources."
49,777,5675296,7304.11,7041.0,1811.95,531.71,519.0,13.61,348,24.81,d,c,18010.0,0,Type D,Extended,390,853,26,High Sales / Low Footfall,6452.71,8353.69,29.46,Moderate Promotion Response,High Customer Value Store,Protect high spending per customer and focus on targeted footfall-building campaigns.
50,779,3315479,4256.07,4198.0,1181.06,358.8,357.0,11.72,350,27.75,d,a,6260.0,0,Type D,Basic,1035,1092,169,Low Sales / Low Footfall,3562.85,5105.76,43.31,Moderate Promotion Response,Turnaround Priority,"Conduct store-specific review of local demand, competition, assortment and promotion response before allocating further promotional resources."
51,622,4152028,6675.29,6583.5,1516.28,496.99,488.5,13.35,274,22.71,a,c,10570.0,1,Type A,Extended,539,926,35,High Sales / Low Footfall,6120.21,7380.28,20.59,Low Promotion Response,High Customer Value Store,Protect high spending per customer and focus on targeted footfall-building campaigns.
52,622,4607742,7407.95,7178.0,1995.84,503.5,496.0,14.59,274,26.94,d,c,450.0,1,Type D,Extended,368,916,6,High Sales / Low Footfall,6406.05,8680.43,35.5,Moderate Promotion Response,High Customer Value Store,Protect high spending per customer and focus on targeted footfall-building campaigns.
53,784,4127609,5264.81,5143.0,1479.47,566.71,564.5,9.2,353,28.1,a,c,30360.0,0,Type A,Extended,852,781,597,Low Sales / Low Footfall,4399.29,6321.57,43.7,Moderate Promotion Response,Turnaround Priority,"Conduct store-specific review of local demand, competition, assortment and promotion response before allocating further promotional resources."
54,785,6207418,7907.54,7984.0,2081.58,730.48,710.0,10.76,354,26.32,d,c,7170.0,1,Type D,Extended,287,449,296,High Sales / High Footfall,7158.33,8819.71,23.21,Low Promotion Response,Strong Core Performer,Maintain current operations and use promotions selectively to protect profitability and avoid unnecessary discounting.
55,780,3587212,4598.99,4299.0,1533.85,558.96,558.0,8.12,352,33.35,a,a,720.0,0,Type A,Basic,983,798,814,Low Sales / Low Footfall,3646.13,5757.58,57.91,High Promotion Response,Turnaround Priority,"Conduct store-specific review of local demand, competition, assortment and promotion response before allocating further promotional resources."
56,781,5718290,7321.75,7238.0,1730.43,506.94,508.0,14.36,350,23.63,d,c,6620.0,1,Type D,Extended,386,909,8,High Sales / Low Footfall,6654.76,8143.11,22.37,Low Promotion Response,High Customer Value Store,Protect high spending per customer and focus on targeted footfall-building campaigns.
57,769,8155633,10605.5,9759.0,3687.77,989.81,946.0,10.54,347,34.77,d,c,420.0,0,Type D,Extended,76,173,334,High Sales / High Footfall,8542.18,13114.8,53.53,High Promotion Response,High-Value Promotion Priority,Prioritise for regular promotions because these stores combine strong baseline performance with high promotional responsiveness.
58,623,3947427,6336.16,5962.0,1789.09,513.15,498.0,12.17,275,28.24,a,c,7340.0,1,Type A,Extended,606,896,121,Low Sales / Low Footfall,5327.9,7612.07,42.87,Moderate Promotion Response,Turnaround Priority,"Conduct store-specific review of local demand, competition, assortment and promotion response before allocating further promotional resources."
59,782,4302026,5501.31,5386.5,1913.43,564.02,581.5,9.62,353,34.78,a,c,2840.0,1,Type A,Extended,795,785,505,Low Sales / Low Footfall,4277.34,6988.8,63.39,High Promotion Response,Turnaround Priority,"Conduct store-specific review of local demand, competition, assortment and promotion response before allocating further promotional resources."
60,780,6265808,8033.09,7460.5,2697.45,713.47,703.0,11.11,352,33.58,d,c,5540.0,0,Type D,Extended,264,476,246,High Sales / High Footfall,6274.38,10171.51,62.11,High Promotion Response,High-Value Promotion Priority,Prioritise for regular promotions because these stores combine strong baseline performance with high promotional responsiveness.
61,777,3668998,4722.01,4574.0,1192.85,571.74,565.0,8.19,348,25.26,a,c,350.0,1,Type A,Extended,969,770,793,Low Sales / Low Footfall,4201.52,5363.64,27.66,Low Promotion Response,Turnaround Priority,"Conduct store-specific review of local demand, competition, assortment and promotion response before allocating further promotional resources."
62,779,5066512,6503.87,6491.0,1831.51,717.98,745.0,9.01,350,28.16,a,a,2050.0,0,Type A,Basic,576,465,640,Low Sales / High Footfall,5343.44,7926.21,48.34,Moderate Promotion Response,Conversion Improvement Priority,"Review assortment, cross-selling and promotion design because customer traffic is relatively high but sales per customer are weak."
63,784,5453808,6956.39,6858.0,1858.94,638.85,635.0,10.77,353,26.72,c,c,3700.0,1,Type C,Extended,485,631,291,High Sales / Low Footfall,6031.87,8085.2,34.04,Moderate Promotion Response,High Customer Value Store,Protect high spending per customer and focus on targeted footfall-building campaigns.
64,779,8070070,10359.53,10085.0,2644.01,792.85,786.0,12.94,350,25.52,d,c,22560.0,1,Type D,Extended,80,359,65,High Sales / High Footfall,8948.59,12088.93,35.09,Moderate Promotion Response,Strong Core Performer,Maintain current operations and use promotions selectively to protect profitability and avoid unnecessary discounting.
65,780,3988058,5112.89,4985.0,1757.78,455.9,462.0,11.07,351,34.38,a,c,13840.0,1,Type A,Extended,892,1002,254,Low Sales / Low Footfall,4018.41,6450.59,60.53,High Promotion Response,Turnaround Priority,"Conduct store-specific review of local demand, competition, assortment and promotion response before allocating further promotional resources."
66,777,4750858,6114.36,5991.0,1158.22,524.06,518.0,11.63,348,18.94,d,a,7660.0,1,Type D,Basic,657,873,185,Low Sales / Low Footfall,5563.72,6793.16,22.1,Low Promotion Response,Turnaround Priority,"Conduct store-specific review of local demand, competition, assortment and promotion response before allocating further promotional resources."
67,777,6083079,7828.93,7401.0,2188.94,798.32,791.0,9.7,348,27.96,a,c,410.0,0,Type A,Extended,293,352,481,High Sales / High Footfall,6290.41,9725.55,54.61,High Promotion Response,High-Value Promotion Priority,Prioritise for regular promotions because these stores combine strong baseline performance with high promotional responsiveness.
68,784,5929590,7563.25,7135.5,1927.51,1151.95,1118.0,6.5,353,25.49,a,c,250.0,1,Type A,Extended,346,94,1076,High Sales / High Footfall,7320.28,7859.92,7.37,Low Promotion Response,Strong Core Performer,Maintain current operations and use promotions selectively to protect profitability and avoid unnecessary discounting.
69,781,7362059,9426.45,9042.0,2172.91,1183.66,1153.0,7.9,350,23.05,c,c,1130.0,1,Type C,Extended,128,85,874,High Sales / High Footfall,8207.16,10927.93,33.15,Moderate Promotion Response,Strong Core Performer,Maintain current operations and use promotions selectively to protect profitability and avoid unnecessary discounting.
70,782,5167478,6608.03,6296.0,1677.98,679.1,658.5,9.63,351,25.39,c,c,4840.0,0,Type C,Extended,554,557,499,High Sales / High Footfall,5593.16,7854.21,40.43,Moderate Promotion Response,Strong Core Performer,Maintain current operations and use promotions selectively to protect profitability and avoid unnecessary discounting.
71,779,7058595,9061.1,8514.0,2583.33,746.92,725.0,11.97,350,28.51,a,a,17500.0,1,Type A,Basic,161,423,139,High Sales / High Footfall,7301.18,11218.25,53.65,High Promotion Response,High-Value Promotion Priority,Prioritise for regular promotions because these stores combine strong baseline performance with high promotional responsiveness.
72,623,2753676,4420.03,3960.0,1773.28,474.86,460.0,9.07,275,40.12,a,a,2200.0,1,Type A,Basic,1017,970,630,Low Sales / Low Footfall,3182.93,5985.52,88.05,High Promotion Response,Turnaround Priority,"Conduct store-specific review of local demand, competition, assortment and promotion response before allocating further promotional resources."
73,784,3588351,4576.98,4528.0,1356.55,494.14,512.0,9.21,353,29.64,a,c,1650.0,0,Type A,Extended,986,936,594,Low Sales / Low Footfall,3754.45,5581.25,48.66,Moderate Promotion Response,Turnaround Priority,"Conduct store-specific review of local demand, competition, assortment and promotion response before allocating further promotional resources."
74,776,4855145,6256.63,5832.5,1706.95,854.22,823.0,7.25,348,27.28,a,a,330.0,0,Type A,Basic,630,288,1004,Low Sales / High Footfall,5251.35,7493.01,42.69,Moderate Promotion Response,Conversion Improvement Priority,"Review assortment, cross-selling and promotion design because customer traffic is relatively high but sales per customer are weak."
75,784,4722388,6023.45,5847.0,1289.83,642.14,631.0,9.32,353,21.41,d,c,22440.0,0,Type D,Extended,679,622,566,Low Sales / Low Footfall,5581.92,6562.55,17.57,Low Promotion Response,Turnaround Priority,"Conduct store-specific review of local demand, competition, assortment and promotion response before allocating further promotional resources."
76,623,5606718,8999.55,8573.0,2068.19,928.1,896.0,9.61,275,22.98,d,c,19960.0,0,Type D,Extended,167,219,507,High Sales / High Footfall,7939.31,10341.23,30.25,Moderate Promotion Response,Strong Core Performer,Maintain current operations and use promotions selectively to protect profitability and avoid unnecessary discounting.
77,781,5952383,7621.49,7428.0,1958.09,662.83,655.0,11.37,350,25.69,d,c,1090.0,1,Type D,Extended,335,583,218,High Sales / Low Footfall,6519.26,8978.8,37.73,Moderate Promotion Response,High Customer Value Store,Protect high spending per customer and focus on targeted footfall-building campaigns.
78,780,2899629,3717.47,3588.0,1091.69,494.86,487.0,7.4,351,29.37,a,a,3510.0,1,Type A,Basic,1080,931,977,Low Sales / Low Footfall,3014.79,4576.31,51.8,Moderate Promotion Response,Turnaround Priority,"Conduct store-specific review of local demand, competition, assortment and promotion response before allocating further promotional resources."
79,777,4253485,5474.24,5058.0,1547.23,560.49,548.0,9.64,348,28.26,a,a,3320.0,0,Type A,Basic,803,794,496,Low Sales / Low Footfall,4428.07,6763.91,52.75,High Promotion Response,Turnaround Priority,"Conduct store-specific review of local demand, competition, assortment and promotion response before allocating further promotional resources."
80,779,5933077,7616.27,7616.0,1774.03,577.75,574.0,13.1,350,23.29,d,a,7910.0,0,Type D,Basic,338,755,48,High Sales / Low Footfall,6773.3,8649.52,27.7,Low Promotion Response,High Customer Value Store,Protect high spending per customer and focus on targeted footfall-building campaigns.
81,622,4345098,6985.69,6814.0,1320.29,561.5,550.0,12.39,274,18.9,a,a,2370.0,1,Type A,Basic,475,792,99,High Sales / Low Footfall,6706.9,7339.77,9.44,Low Promotion Response,High Customer Value Store,Protect high spending per customer and focus on targeted footfall-building campaigns.
82,779,7026310,9019.65,8668.0,2796.89,838.56,844.0,10.62,350,31.01,a,a,22390.0,1,Type A,Basic,164,308,317,High Sales / High Footfall,7073.16,11405.5,61.25,High Promotion Response,High-Value Promotion Priority,Prioritise for regular promotions because these stores combine strong baseline performance with high promotional responsiveness.
83,779,3028523,3887.71,3725.0,886.0,345.84,342.0,11.16,350,22.79,a,a,2710.0,0,Type A,Basic,1066,1099,244,Low Sales / Low Footfall,3329.25,4572.21,37.33,Moderate Promotion Response,Turnaround Priority,"Conduct store-specific review of local demand, competition, assortment and promotion response before allocating further promotional resources."
84,779,10092722,12956.0,12213.0,2947.79,1392.31,1356.0,9.23,350,22.75,a,c,11810.0,0,Type A,Extended,29,48,590,High Sales / High Footfall,11140.72,15181.0,36.27,Moderate Promotion Response,Strong Core Performer,Maintain current operations and use promotions selectively to protect profitability and avoid unnecessary discounting.
85,942,6850652,7272.45,6622.0,2272.86,1015.4,929.5,7.12,360,31.25,b,a,1870.0,0,Type B,Basic,399,155,1026,High Sales / High Footfall,7100.61,7550.27,6.33,Low Promotion Response,Strong Core Performer,Maintain current operations and use promotions selectively to protect profitability and avoid unnecessary discounting.
86,778,3652727,4695.02,4374.0,1369.6,604.96,581.0,7.66,349,29.17,a,a,480.0,1,Type A,Basic,973,702,938,Low Sales / Low Footfall,3773.16,5828.19,54.46,High Promotion Response,Turnaround Priority,"Conduct store-specific review of local demand, competition, assortment and promotion response before allocating further promotional resources."
87,784,4598287,5865.16,5838.5,1631.68,737.45,759.0,7.93,353,27.82,a,a,560.0,0,Type A,Basic,714,438,868,Low Sales / High Footfall,4837.26,7120.19,47.19,Moderate Promotion Response,Conversion Improvement Priority,"Review assortment, cross-selling and promotion design because customer traffic is relatively high but sales per customer are weak."
88,780,4699058,6024.43,5949.0,2463.73,613.49,644.0,9.66,351,40.9,a,a,10690.0,0,Type A,Basic,678,691,491,Low Sales / Low Footfall,4351.85,8068.71,85.41,High Promotion Response,Turnaround Priority,"Conduct store-specific review of local demand, competition, assortment and promotion response before allocating further promotional resources."
89,622,3714173,5971.34,5846.5,1271.07,624.18,630.0,9.54,274,21.29,a,a,2380.0,1,Type A,Basic,691,665,527,Low Sales / Low Footfall,5214.78,6932.22,32.93,Moderate Promotion Response,Turnaround Priority,"Conduct store-specific review of local demand, competition, assortment and promotion response before allocating further promotional resources."
90,778,6548246,8416.77,7909.5,2018.0,1057.06,1027.5,7.9,350,23.98,a,a,330.0,0,Type A,Basic,222,134,873,High Sales / High Footfall,7310.19,9769.96,33.65,Moderate Promotion Response,Strong Core Performer,Maintain current operations and use promotions selectively to protect profitability and avoid unnecessary discounting.
91,778,4324904,5559.0,5335.0,1664.11,613.93,600.0,8.99,349,29.94,c,a,2410.0,1,Type C,Basic,775,690,643,Low Sales / Low Footfall,4751.95,6551.05,37.86,Moderate Promotion Response,Turnaround Priority,"Conduct store-specific review of local demand, competition, assortment and promotion response before allocating further promotional resources."
92,779,4671417,5996.68,5719.0,1836.88,547.06,538.0,10.77,350,30.63,c,a,240.0,1,Type C,Basic,685,821,293,Low Sales / Low Footfall,4845.85,7407.28,52.86,High Promotion Response,Turnaround Priority,"Conduct store-specific review of local demand, competition, assortment and promotion response before allocating further promotional resources."
93,779,4646872,5965.18,5968.0,1952.22,603.55,612.0,9.81,350,32.73,a,a,16690.0,1,Type A,Basic,692,706,463,Low Sales / Low Footfall,4681.86,7538.16,61.01,High Promotion Response,Turnaround Priority,"Conduct store-specific review of local demand, competition, assortment and promotion response before allocating further promotional resources."
94,779,5547371,7121.14,6641.0,1993.8,640.14,620.0,10.97,350,28.0,d,c,14620.0,0,Type D,Extended,435,627,266,High Sales / Low Footfall,5768.0,8779.71,52.21,High Promotion Response,High Customer Value Store,Protect high spending per customer and focus on targeted footfall-building campaigns.
95,780,5958064,7638.54,7303.5,2434.3,843.72,839.0,8.97,352,31.87,a,a,1890.0,0,Type A,Basic,332,297,650,High Sales / High Footfall,6028.53,9596.17,59.18,High Promotion Response,High-Value Promotion Priority,Prioritise for regular promotions because these stores combine strong baseline performance with high promotional responsiveness.
96,780,4037973,5176.89,4861.5,2257.38,542.77,550.0,9.36,352,43.6,a,a,8780.0,1,Type A,Basic,873,834,559,Low Sales / Low Footfall,3638.35,7047.62,93.7,High Promotion Response,Turnaround Priority,"Conduct store-specific review of local demand, competition, assortment and promotion response before allocating further promotional resources."
97,780,5228649,6703.4,6500.5,2000.31,688.83,687.0,9.63,352,29.84,d,c,8980.0,0,Type D,Extended,533,537,501,High Sales / High Footfall,5370.13,8324.52,55.02,High Promotion Response,High-Value Promotion Priority,Prioritise for regular promotions because these stores combine strong baseline performance with high promotional responsiveness.
98,779,3980584,5109.86,4957.0,1299.45,451.59,442.0,11.2,350,25.43,d,c,15140.0,1,Type D,Extended,893,1011,239,Low Sales / Low Footfall,4415.61,5960.83,34.99,Moderate Promotion Response,Turnaround Priority,"Conduct store-specific review of local demand, competition, assortment and promotion response before allocating further promotional resources."
99,622,3191184,5130.52,4971.5,1346.82,465.52,456.5,10.88,274,26.25,c,c,2030.0,1,Type C,Extended,889,985,280,Low Sales / Low Footfall,4461.71,5979.96,34.03,Moderate Promotion Response,Turnaround Priority,"Conduct store-specific review of local demand, competition, assortment and promotion response before allocating further promotional resources."
100,606,4826434,7964.41,7754.0,1672.27,686.22,670.0,11.55,265,21.0,d,a,17930.0,0,Type D,Basic,279,540,191,High Sales / High Footfall,7417.29,8668.45,16.87,Low Promotion Response,Strong Core Performer,Maintain current operations and use promotions selectively to protect profitability and avoid unnecessary discounting.
101,784,5856384,7469.88,7273.5,1673.19,777.16,766.0,9.53,353,22.4,d,c,2440.0,1,Type D,Extended,357,378,529,High Sales / High Footfall,6508.99,8643.08,32.79,Moderate Promotion Response,Strong Core Performer,Maintain current operations and use promotions selectively to protect profitability and avoid unnecessary discounting.
102,769,5444156,7079.53,6562.0,2344.29,1051.71,1017.0,6.6,345,33.11,a,a,150.0,1,Type A,Basic,443,138,1068,High Sales / High Footfall,5636.76,8852.66,57.05,High Promotion Response,High-Value Promotion Priority,Prioritise for regular promotions because these stores combine strong baseline performance with high promotional responsiveness.
103,631,2959073,4689.5,4555.0,1207.66,421.62,416.0,11.05,281,25.75,d,c,5210.0,0,Type D,Extended,974,1043,258,Low Sales / Low Footfall,4195.72,5304.52,26.43,Low Promotion Response,Turnaround Priority,"Conduct store-specific review of local demand, competition, assortment and promotion response before allocating further promotional resources."
104,784,7939205,10126.54,9915.0,1418.14,1312.38,1298.0,7.69,353,14.0,a,a,390.0,0,Type A,Basic,93,60,923,High Sales / High Footfall,9795.01,10531.32,7.52,Low Promotion Response,Strong Core Performer,Maintain current operations and use promotions selectively to protect profitability and avoid unnecessary discounting.
105,754,3348791,4441.37,4271.0,1723.25,515.05,528.0,8.51,338,38.8,a,c,6190.0,1,Type A,Extended,1014,889,729,Low Sales / Low Footfall,3625.3,5445.76,50.22,Moderate Promotion Response,Turnaround Priority,"Conduct store-specific review of local demand, competition, assortment and promotion response before allocating further promotional resources."
106,775,6718335,8668.82,8567.0,2070.44,825.65,839.0,10.45,351,23.88,a,a,1390.0,0,Type A,Basic,196,323,348,High Sales / High Footfall,7523.11,10052.81,33.63,Moderate Promotion Response,Strong Core Performer,Maintain current operations and use promotions selectively to protect profitability and avoid unnecessary discounting.
107,784,5751886,7336.59,7134.5,1261.9,955.31,941.0,7.64,353,17.2,a,a,1930.0,0,Type A,Basic,381,199,939,High Sales / High Footfall,6746.16,8057.48,19.44,Low Promotion Response,Strong Core Performer,Maintain current operations and use promotions selectively to protect profitability and avoid unnecessary discounting.
108,622,6863994,11035.36,10642.0,2334.76,848.78,834.0,12.92,274,21.16,d,c,2190.0,0,Type D,Extended,56,294,67,High Sales / High Footfall,10292.03,11979.44,16.4,Low Promotion Response,Strong Core Performer,Maintain current operations and use promotions selectively to protect profitability and avoid unnecessary discounting.
109,784,5068030,6464.32,6137.0,1477.57,742.38,727.0,8.63,353,22.86,a,c,3300.0,0,Type A,Extended,586,429,712,Low Sales / High Footfall,5668.0,7436.61,31.2,Moderate Promotion Response,Conversion Improvement Priority,"Review assortment, cross-selling and promotion design because customer traffic is relatively high but sales per customer are weak."
110,784,3554993,4534.43,4410.0,1228.5,587.44,590.0,7.69,353,27.09,a,c,46590.0,0,Type A,Extended,1000,736,928,Low Sales / Low Footfall,3970.71,5222.71,31.53,Moderate Promotion Response,Turnaround Priority,"Conduct store-specific review of local demand, competition, assortment and promotion response before allocating further promotional resources."
111,781,5288733,6771.75,6618.0,1692.26,597.67,592.0,11.22,350,24.99,d,c,7890.0,1,Type D,Extended,523,716,234,High Sales / Low Footfall,5800.86,7967.33,37.35,Moderate Promotion Response,High Customer Value Store,Protect high spending per customer and focus on targeted footfall-building campaigns.
112,784,4883888,6229.45,6075.5,904.97,775.99,763.0,8.01,353,14.53,a,a,1630.0,0,Type A,Basic,638,382,848,Low Sales / High Footfall,5954.61,6565.02,10.25,Low Promotion Response,Conversion Improvement Priority,"Review assortment, cross-selling and promotion design because customer traffic is relatively high but sales per customer are weak."
113,622,4477826,7199.08,6917.0,1714.43,699.31,686.0,10.22,274,23.81,d,c,20930.0,0,Type D,Extended,419,515,391,High Sales / High Footfall,6664.91,7877.51,18.19,Low Promotion Response,Strong Core Performer,Maintain current operations and use promotions selectively to protect profitability and avoid unnecessary discounting.
114,784,4191703,5346.56,5187.5,1256.11,608.12,601.5,8.72,354,23.49,c,a,4510.0,1,Type C,Basic,830,699,695,Low Sales / Low Footfall,4643.66,6200.37,33.52,Moderate Promotion Response,Turnaround Priority,"Conduct store-specific review of local demand, competition, assortment and promotion response before allocating further promotional resources."
115,622,4585191,7371.69,7152.5,1693.14,552.05,530.0,13.28,274,22.97,d,c,5740.0,1,Type D,Extended,375,814,41,High Sales / Low Footfall,7008.59,7832.85,11.76,Low Promotion Response,High Customer Value Store,Protect high spending per customer and focus on targeted footfall-building campaigns.
116,783,5711629,7294.55,7096.0,1420.46,758.25,759.0,9.58,353,19.47,a,a,680.0,0,Type A,Basic,395,404,518,High Sales / High Footfall,6405.02,8378.1,30.81,Moderate Promotion Response,Strong Core Performer,Maintain current operations and use promotions selectively to protect profitability and avoid unnecessary discounting.
117,779,3024044,3881.96,3786.0,1091.67,492.07,503.0,7.81,350,28.12,a,a,3450.0,0,Type A,Basic,1068,941,894,Low Sales / Low Footfall,3172.21,4751.9,49.8,Moderate Promotion Response,Turnaround Priority,"Conduct store-specific review of local demand, competition, assortment and promotion response before allocating further promotional resources."
118,782,6085216,7781.61,7425.0,2293.52,675.55,662.5,11.35,352,29.47,d,c,3580.0,0,Type D,Extended,299,565,219,High Sales / Low Footfall,6509.0,9336.21,43.44,Moderate Promotion Response,High Customer Value Store,Protect high spending per customer and focus on targeted footfall-building campaigns.
119,784,4707987,6005.09,5759.5,1391.75,664.96,663.0,8.96,353,23.18,a,c,2100.0,0,Type A,Extended,683,578,652,Low Sales / Low Footfall,5134.24,7068.36,37.67,Moderate Promotion Response,Turnaround Priority,"Conduct store-specific review of local demand, competition, assortment and promotion response before allocating further promotional resources."
120,781,5552990,7110.1,6767.0,1724.74,638.2,622.0,11.03,350,24.26,d,a,2290.0,1,Type D,Basic,440,635,261,High Sales / Low Footfall,5990.26,8489.1,41.71,Moderate Promotion Response,High Customer Value Store,Protect high spending per customer and focus on targeted footfall-building campaigns.
121,780,3473474,4453.17,4462.0,1381.44,504.11,523.0,8.84,352,31.02,a,a,3570.0,1,Type A,Basic,1011,915,678,Low Sales / Low Footfall,3583.99,5510.01,53.74,High Promotion Response,Turnaround Priority,"Conduct store-specific review of local demand, competition, assortment and promotion response before allocating further promotional resources."
122,885,5718883,6462.01,6176.0,2254.82,793.78,780.0,8.08,354,34.89,a,c,58260.0,0,Type A,Extended,588,356,824,Low Sales / High Footfall,5686.35,7625.52,34.1,Moderate Promotion Response,Conversion Improvement Priority,"Review assortment, cross-selling and promotion design because customer traffic is relatively high but sales per customer are weak."
123,768,6450589,8399.2,8001.0,3243.67,959.78,970.5,8.6,346,38.62,a,a,16760.0,0,Type A,Basic,223,193,717,High Sales / High Footfall,6432.36,10798.08,67.87,High Promotion Response,High-Value Promotion Priority,Prioritise for regular promotions because these stores combine strong baseline performance with high promotional responsiveness.
124,779,3446410,4424.15,4401.0,1270.46,525.68,529.0,8.37,350,28.72,a,a,1410.0,0,Type A,Basic,1016,867,759,Low Sales / Low Footfall,3805.42,5182.53,36.19,Moderate Promotion Response,Turnaround Priority,"Conduct store-specific review of local demand, competition, assortment and promotion response before allocating further promotional resources."
125,784,9280089,11836.85,11418.0,2741.77,1573.94,1561.0,7.46,353,23.16,a,a,760.0,0,Type A,Basic,38,35,966,High Sales / High Footfall,10171.26,13870.47,36.37,Moderate Promotion Response,Strong Core Performer,Maintain current operations and use promotions selectively to protect profitability and avoid unnecessary discounting.
126,779,5069540,6507.75,5919.0,3049.54,543.81,529.0,11.81,350,46.86,d,a,3370.0,1,Type D,Basic,575,830,157,Low Sales / Low Footfall,5363.28,7910.55,47.49,Moderate Promotion Response,Turnaround Priority,"Conduct store-specific review of local demand, competition, assortment and promotion response before allocating further promotional resources."
127,623,3263370,5238.15,5164.0,1513.12,659.75,667.0,7.82,275,28.89,d,a,1350.0,1,Type D,Basic,863,592,892,Low Sales / Low Footfall,4308.95,6414.03,48.85,Moderate Promotion Response,Turnaround Priority,"Conduct store-specific review of local demand, competition, assortment and promotion response before allocating further promotional resources."
128,781,5822099,7454.67,7129.0,2146.69,594.68,584.0,12.37,350,28.8,d,c,2000.0,1,Type D,Extended,362,721,101,High Sales / Low Footfall,6425.98,8721.43,35.72,Moderate Promotion Response,High Customer Value Store,Protect high spending per customer and focus on targeted footfall-building campaigns.
129,622,5727451,9208.12,8768.5,2031.71,1165.46,1144.5,7.84,274,22.06,a,a,2460.0,1,Type A,Basic,150,88,885,High Sales / High Footfall,8012.8,10726.27,33.86,Moderate Promotion Response,Strong Core Performer,Maintain current operations and use promotions selectively to protect profitability and avoid unnecessary discounting.
130,781,3999550,5121.06,4953.0,964.21,573.75,574.0,8.89,350,18.83,c,a,900.0,1,Type C,Basic,891,764,672,Low Sales / Low Footfall,4552.88,5820.74,27.85,Low Promotion Response,Turnaround Priority,"Conduct store-specific review of local demand, competition, assortment and promotion response before allocating further promotional resources."
131,779,4109540,5275.4,5057.0,1299.8,558.9,543.0,9.36,350,24.64,c,a,920.0,0,Type C,Basic,849,799,557,Low Sales / Low Footfall,4565.31,6145.78,34.62,Moderate Promotion Response,Turnaround Priority,"Conduct store-specific review of local demand, competition, assortment and promotion response before allocating further promotional resources."
132,622,3908185,6283.26,6094.5,1591.17,582.41,577.0,10.68,274,25.32,d,c,1040.0,1,Type D,Extended,619,749,308,Low Sales / Low Footfall,5586.9,7167.68,28.29,Low Promotion Response,Turnaround Priority,"Conduct store-specific review of local demand, competition, assortment and promotion response before allocating further promotional resources."
133,782,5057788,6467.76,6276.5,2163.86,758.83,760.5,8.45,353,33.46,a,a,270.0,1,Type A,Basic,584,402,744,Low Sales / High Footfall,5053.64,8186.34,61.99,High Promotion Response,Conversion Improvement Priority,"Review assortment, cross-selling and promotion design because customer traffic is relatively high but sales per customer are weak."
134,784,3705099,4725.89,4758.5,980.92,494.6,511.0,9.56,353,20.76,a,a,1200.0,0,Type A,Basic,968,932,522,Low Sales / Low Footfall,4150.45,5428.49,30.79,Moderate Promotion Response,Turnaround Priority,"Conduct store-specific review of local demand, competition, assortment and promotion response before allocating further promotional resources."
135,781,4648837,5952.42,5906.0,1366.09,539.78,534.0,10.94,350,22.95,d,a,5190.0,1,Type D,Basic,695,840,274,Low Sales / Low Footfall,5308.45,6745.41,27.07,Low Promotion Response,Turnaround Priority,"Conduct store-specific review of local demand, competition, assortment and promotion response before allocating further promotional resources."
136,622,3414045,5488.82,5049.5,1793.88,423.98,404.0,12.72,274,32.68,a,c,2200.0,1,Type A,Extended,798,1040,79,Low Sales / Low Footfall,4482.0,6767.55,50.99,Moderate Promotion Response,Turnaround Priority,"Conduct store-specific review of local demand, competition, assortment and promotion response before allocating further promotional resources."
137,622,5147039,8274.98,8054.0,1714.83,957.28,957.0,8.62,274,20.72,a,a,1730.0,1,Type A,Basic,243,196,715,High Sales / High Footfall,7324.33,9482.38,29.46,Moderate Promotion Response,Strong Core Performer,Maintain current operations and use promotions selectively to protect profitability and avoid unnecessary discounting.
138,780,5721236,7334.92,7139.0,2728.31,714.44,745.5,10.2,352,37.2,a,c,25360.0,0,Type A,Extended,382,474,392,High Sales / High Footfall,5597.73,9447.18,68.77,High Promotion Response,High-Value Promotion Priority,Prioritise for regular promotions because these stores combine strong baseline performance with high promotional responsiveness.
139,622,4020701,6464.15,6207.0,1686.49,513.82,520.0,12.51,274,26.09,a,a,1700.0,1,Type A,Basic,587,892,92,Low Sales / Low Footfall,5360.64,7865.69,46.73,Moderate Promotion Response,Turnaround Priority,"Conduct store-specific review of local demand, competition, assortment and promotion response before allocating further promotional resources."
140,781,5833328,7469.05,7181.0,1624.09,963.61,949.0,7.69,350,21.74,a,c,1090.0,1,Type A,Extended,358,192,922,High Sales / High Footfall,6498.54,8664.17,33.32,Moderate Promotion Response,Strong Core Performer,Maintain current operations and use promotions selectively to protect profitability and avoid unnecessary discounting.
141,777,4305156,5540.74,5235.0,1463.09,611.9,597.0,8.95,348,26.41,c,c,1540.0,1,Type C,Extended,779,694,655,Low Sales / Low Footfall,4594.84,6706.81,45.96,Moderate Promotion Response,Turnaround Priority,"Conduct store-specific review of local demand, competition, assortment and promotion response before allocating further promotional resources."
142,779,3586489,4603.97,4515.0,1065.17,568.74,576.0,8.05,350,23.14,a,a,1090.0,0,Type A,Basic,982,777,834,Low Sales / Low Footfall,3998.02,5346.69,33.73,Moderate Promotion Response,Turnaround Priority,"Conduct store-specific review of local demand, competition, assortment and promotion response before allocating further promotional resources."
143,779,4919195,6314.76,5954.0,1857.95,582.04,560.0,10.69,350,29.42,d,a,2930.0,0,Type D,Basic,612,750,307,Low Sales / Low Footfall,5106.61,7795.59,52.66,High Promotion Response,Turnaround Priority,"Conduct store-specific review of local demand, competition, assortment and promotion response before allocating further promotional resources."
144,625,4823879,7718.21,7525.0,1896.27,728.89,725.0,10.52,274,24.57,a,c,16570.0,0,Type A,Extended,316,452,337,High Sales / High Footfall,6823.51,8864.33,29.91,Moderate Promotion Response,Strong Core Performer,Maintain current operations and use promotions selectively to protect profitability and avoid unnecessary discounting.
145,608,5072096,8342.26,7833.0,2070.37,1267.79,1246.5,6.54,269,24.82,a,a,280.0,1,Type A,Basic,233,69,1072,High Sales / High Footfall,6998.83,10035.29,43.39,Moderate Promotion Response,Strong Core Performer,Maintain current operations and use promotions selectively to protect profitability and avoid unnecessary discounting.
146,779,6086195,7812.83,7395.0,2031.91,702.42,684.0,10.99,350,26.01,d,c,8050.0,1,Type D,Extended,296,502,263,High Sales / High Footfall,6590.6,9310.94,41.28,Moderate Promotion Response,Strong Core Performer,Maintain current operations and use promotions selectively to protect profitability and avoid unnecessary discounting.
147,779,6397583,8212.56,7977.0,1991.07,879.62,870.0,9.25,350,24.24,d,c,8540.0,0,Type D,Extended,249,258,582,High Sales / High Footfall,7153.49,9510.67,32.95,Moderate Promotion Response,Strong Core Performer,Maintain current operations and use promotions selectively to protect profitability and avoid unnecessary discounting.
148,784,6772949,8638.97,8320.0,1576.82,819.48,812.0,10.5,353,18.25,a,a,2090.0,0,Type A,Basic,199,330,341,High Sales / High Footfall,7693.29,9793.61,27.3,Low Promotion Response,Strong Core Performer,Maintain current operations and use promotions selectively to protect profitability and avoid unnecessary discounting.
149,622,3462975,5567.48,5312.0,1497.34,486.22,478.5,11.33,274,26.89,d,a,2610.0,1,Type D,Basic,774,953,220,Low Sales / Low Footfall,4569.36,6835.17,49.59,Moderate Promotion Response,Turnaround Priority,"Conduct store-specific review of local demand, competition, assortment and promotion response before allocating further promotional resources."
150,784,6599117,8417.24,8039.0,2151.46,820.4,802.0,10.15,353,25.56,c,c,31830.0,0,Type C,Extended,221,328,401,High Sales / High Footfall,7258.88,9831.56,35.44,Moderate Promotion Response,Strong Core Performer,Maintain current operations and use promotions selectively to protect profitability and avoid unnecessary discounting.
151,780,5269496,6755.76,6479.5,1858.23,652.01,635.0,10.22,351,27.51,d,c,4360.0,0,Type D,Extended,526,607,390,High Sales / Low Footfall,5629.13,8132.76,44.48,Moderate Promotion Response,High Customer Value Store,Protect high spending per customer and focus on targeted footfall-building campaigns.
152,779,4317171,5541.94,5181.0,1860.54,621.4,617.0,8.73,350,33.57,a,a,1780.0,0,Type A,Basic,778,667,693,Low Sales / Low Footfall,4187.41,7202.21,72.0,High Promotion Response,Turnaround Priority,"Conduct store-specific review of local demand, competition, assortment and promotion response before allocating further promotional resources."
153,779,5505047,7066.81,6493.0,2601.5,633.88,626.0,10.88,350,36.81,a,a,16240.0,1,Type A,Basic,448,649,281,High Sales / Low Footfall,5142.48,9425.49,83.29,High Promotion Response,High Customer Value Store,Protect high spending per customer and focus on targeted footfall-building campaigns.
154,781,6824045,8737.57,8291.0,2289.92,737.43,716.0,11.72,350,26.21,d,c,16420.0,0,Type D,Extended,187,439,171,High Sales / High Footfall,7508.42,10251.19,36.53,Moderate Promotion Response,Strong Core Performer,Maintain current operations and use promotions selectively to protect profitability and avoid unnecessary discounting.
155,623,4290509,6886.85,6847.0,1627.5,660.31,653.0,10.34,275,23.63,d,a,3050.0,1,Type D,Basic,503,591,370,High Sales / Low Footfall,6024.56,7978.04,32.43,Moderate Promotion Response,High Customer Value Store,Protect high spending per customer and focus on targeted footfall-building campaigns.
156,782,5443980,6961.61,6703.0,2815.32,712.62,726.0,9.55,353,40.44,a,a,2020.0,1,Type A,Basic,484,482,524,High Sales / High Footfall,4995.24,9351.33,87.2,High Promotion Response,High-Value Promotion Priority,Prioritise for regular promotions because these stores combine strong baseline performance with high promotional responsiveness.
157,779,7574054,9722.79,9202.0,2425.04,989.83,970.0,9.74,350,24.94,a,c,2950.0,0,Type A,Extended,109,172,472,High Sales / High Footfall,8134.34,11669.78,43.46,Moderate Promotion Response,Strong Core Performer,Maintain current operations and use promotions selectively to protect profitability and avoid unnecessary discounting.
158,779,6354198,8156.87,8060.0,1646.7,519.98,508.0,15.63,350,20.19,d,c,11840.0,1,Type D,Extended,255,882,4,High Sales / Low Footfall,7677.94,8743.89,13.88,Low Promotion Response,High Customer Value Store,Protect high spending per customer and focus on targeted footfall-building campaigns.
159,623,4827383,7748.61,7309.0,2090.59,695.97,678.0,10.98,275,26.98,d,a,8530.0,0,Type D,Basic,307,522,265,High Sales / High Footfall,6359.31,9506.7,49.49,Moderate Promotion Response,Strong Core Performer,Maintain current operations and use promotions selectively to protect profitability and avoid unnecessary discounting.
160,781,4475644,5730.66,5476.0,1409.86,559.18,546.0,10.14,350,24.6,d,c,17110.0,0,Type D,Extended,750,796,403,Low Sales / Low Footfall,4842.7,6824.11,40.92,Moderate Promotion Response,Turnaround Priority,"Conduct store-specific review of local demand, competition, assortment and promotion response before allocating further promotional resources."
161,779,5649774,7252.6,7026.0,1400.03,819.22,806.0,8.8,350,19.3,a,c,2970.0,0,Type A,Extended,404,331,683,High Sales / High Footfall,6501.55,8173.17,25.71,Low Promotion Response,Strong Core Performer,Maintain current operations and use promotions selectively to protect profitability and avoid unnecessary discounting.
162,781,6066911,7768.13,7479.0,2167.97,555.7,548.0,13.8,350,27.91,d,c,5340.0,1,Type D,Extended,303,803,20,High Sales / Low Footfall,6474.28,9361.41,44.59,Moderate Promotion Response,High Customer Value Store,Protect high spending per customer and focus on targeted footfall-building campaigns.
163,784,5722186,7298.71,6998.5,1517.63,870.8,852.0,8.36,353,20.79,a,a,1480.0,0,Type A,Basic,392,270,762,High Sales / High Footfall,6670.82,8065.33,20.9,Low Promotion Response,Strong Core Performer,Maintain current operations and use promotions selectively to protect profitability and avoid unnecessary discounting.
164,623,3868966,6210.22,5764.0,1986.16,633.43,624.0,9.65,275,31.98,a,a,1160.0,1,Type A,Basic,642,651,494,Low Sales / Low Footfall,4860.86,7917.77,62.89,High Promotion Response,Turnaround Priority,"Conduct store-specific review of local demand, competition, assortment and promotion response before allocating further promotional resources."
165,622,2486031,3996.83,3836.5,931.9,422.65,420.5,9.4,274,23.32,a,a,3720.0,1,Type A,Basic,1055,1041,549,Low Sales / Low Footfall,3374.67,4787.03,41.85,Moderate Promotion Response,Turnaround Priority,"Conduct store-specific review of local demand, competition, assortment and promotion response before allocating further promotional resources."
166,779,4533193,5819.25,5558.0,1527.92,817.27,793.0,7.06,350,26.26,a,c,100.0,1,Type A,Extended,723,336,1029,Low Sales / High Footfall,5212.91,6562.44,25.89,Low Promotion Response,Conversion Improvement Priority,"Review assortment, cross-selling and promotion design because customer traffic is relatively high but sales per customer are weak."
167,780,7250708,9295.78,8773.0,3220.27,1055.18,1043.0,8.66,351,34.64,a,a,140.0,0,Type A,Basic,142,137,706,High Sales / High Footfall,7135.59,11936.02,67.27,High Promotion Response,High-Value Promotion Priority,Prioritise for regular promotions because these stores combine strong baseline performance with high promotional responsiveness.
168,777,5840824,7517.15,7184.0,2287.2,731.24,737.0,10.16,348,30.43,a,a,12540.0,0,Type A,Basic,352,447,399,High Sales / High Footfall,5990.3,9399.39,56.91,High Promotion Response,High-Value Promotion Priority,Prioritise for regular promotions because these stores combine strong baseline performance with high promotional responsiveness.
169,766,5529699,7218.93,7058.0,1975.1,687.92,690.5,10.41,343,27.36,d,a,980.0,1,Type D,Basic,414,538,356,High Sales / High Footfall,6377.15,8257.03,29.48,Moderate Promotion Response,Strong Core Performer,Maintain current operations and use promotions selectively to protect profitability and avoid unnecessary discounting.
170,779,3902355,5009.44,4771.0,1327.25,543.76,535.0,9.13,350,26.49,a,a,1070.0,1,Type A,Basic,907,831,614,Low Sales / Low Footfall,4211.22,5987.83,42.19,Moderate Promotion Response,Turnaround Priority,"Conduct store-specific review of local demand, competition, assortment and promotion response before allocating further promotional resources."
171,779,6566306,8429.15,7891.0,2513.83,867.25,853.0,9.6,350,29.82,a,a,2640.0,0,Type A,Basic,219,277,511,High Sales / High Footfall,6714.46,10530.86,56.84,High Promotion Response,High-Value Promotion Priority,Prioritise for regular promotions because these stores combine strong baseline performance with high promotional responsiveness.
172,622,4342600,6981.67,6809.0,1316.57,868.9,848.0,8.0,274,18.86,a,a,110.0,1,Type A,Basic,477,273,851,High Sales / High Footfall,6523.18,7563.99,15.96,Low Promotion Response,Strong Core Performer,Maintain current operations and use promotions selectively to protect profitability and avoid unnecessary discounting.
173,784,6454502,8232.78,7922.5,1910.68,1006.54,990.0,8.11,353,23.21,a,a,350.0,0,Type A,Basic,246,159,818,High Sales / High Footfall,6912.71,9844.55,42.41,Moderate Promotion Response,Strong Core Performer,Maintain current operations and use promotions selectively to protect profitability and avoid unnecessary discounting.
174,622,3692528,5936.54,5818.5,1028.59,479.52,473.0,12.34,274,17.33,a,a,13090.0,1,Type A,Basic,696,963,105,Low Sales / Low Footfall,5587.83,6379.43,14.17,Low Promotion Response,Turnaround Priority,"Conduct store-specific review of local demand, competition, assortment and promotion response before allocating further promotional resources."
175,784,4535086,5784.55,5717.0,1229.93,690.71,684.5,8.31,353,21.26,c,a,4130.0,0,Type C,Basic,730,532,769,Low Sales / High Footfall,5128.63,6585.4,28.4,Low Promotion Response,Conversion Improvement Priority,"Review assortment, cross-selling and promotion design because customer traffic is relatively high but sales per customer are weak."
176,779,4111700,5278.18,5019.0,1784.9,632.0,629.0,8.21,350,33.82,a,a,3770.0,0,Type A,Basic,847,655,791,Low Sales / Low Footfall,4120.92,6696.64,62.5,High Promotion Response,Turnaround Priority,"Conduct store-specific review of local demand, competition, assortment and promotion response before allocating further promotional resources."
177,780,3115395,3994.1,3986.5,1431.4,485.28,513.5,8.13,351,35.84,a,a,1250.0,1,Type A,Basic,1056,956,809,Low Sales / Low Footfall,3047.44,5151.12,69.03,High Promotion Response,Turnaround Priority,"Conduct store-specific review of local demand, competition, assortment and promotion response before allocating further promotional resources."
178,780,7870142,10089.93,9459.0,2946.74,923.57,909.0,10.76,352,29.2,d,a,1710.0,0,Type D,Basic,94,220,295,High Sales / High Footfall,8065.72,12551.18,55.61,High Promotion Response,High-Value Promotion Priority,Prioritise for regular promotions because these stores combine strong baseline performance with high promotional responsiveness.
179,779,5683019,7295.27,6741.0,2078.73,955.83,928.0,7.53,350,28.49,a,c,480.0,0,Type A,Extended,393,197,956,High Sales / High Footfall,6106.84,8751.96,43.31,Moderate Promotion Response,Strong Core Performer,Maintain current operations and use promotions selectively to protect profitability and avoid unnecessary discounting.
180,784,5660528,7220.06,7054.0,1560.12,843.24,841.0,8.49,353,21.61,d,a,5800.0,0,Type D,Basic,413,300,733,High Sales / High Footfall,6343.06,8290.84,30.71,Moderate Promotion Response,Strong Core Performer,Maintain current operations and use promotions selectively to protect profitability and avoid unnecessary discounting.
181,623,3976421,6382.7,5864.0,2229.54,668.79,672.0,9.37,275,34.93,a,a,12610.0,1,Type A,Basic,601,573,555,Low Sales / Low Footfall,4804.02,8380.44,74.45,High Promotion Response,Turnaround Priority,"Conduct store-specific review of local demand, competition, assortment and promotion response before allocating further promotional resources."
182,781,4142935,5304.65,5161.0,1382.46,417.79,410.0,12.56,350,26.06,d,c,1390.0,1,Type D,Extended,843,1049,87,Low Sales / Low Footfall,4605.21,6165.97,33.89,Moderate Promotion Response,Turnaround Priority,"Conduct store-specific review of local demand, competition, assortment and promotion response before allocating further promotional resources."
183,611,2945836,4821.34,4634.0,1671.59,601.04,603.0,7.93,270,34.67,a,a,9670.0,0,Type A,Basic,947,709,866,Low Sales / Low Footfall,4061.82,5780.58,42.32,Moderate Promotion Response,Turnaround Priority,"Conduct store-specific review of local demand, competition, assortment and promotion response before allocating further promotional resources."
184,777,5123769,6594.3,6310.0,1665.88,595.67,577.0,10.95,349,25.26,d,c,3560.0,0,Type D,Extended,556,719,271,High Sales / Low Footfall,5558.07,7865.08,41.51,Moderate Promotion Response,High Customer Value Store,Protect high spending per customer and focus on targeted footfall-building campaigns.
185,784,5621764,7170.62,6891.0,1877.1,545.23,533.0,13.01,353,26.18,d,c,1860.0,0,Type D,Extended,423,826,55,High Sales / Low Footfall,5982.97,8620.69,44.09,Moderate Promotion Response,High Customer Value Store,Protect high spending per customer and focus on targeted footfall-building campaigns.
186,622,2353548,3783.84,3647.5,923.01,381.06,375.5,9.83,274,24.39,a,a,290.0,1,Type A,Basic,1075,1083,461,Low Sales / Low Footfall,3205.78,4518.01,40.93,Moderate Promotion Response,Turnaround Priority,"Conduct store-specific review of local demand, competition, assortment and promotion response before allocating further promotional resources."
187,784,4923311,6279.73,6067.0,1712.37,775.71,781.0,8.05,353,27.27,a,c,19360.0,0,Type A,Extended,621,383,835,Low Sales / High Footfall,5287.32,7491.43,41.69,Moderate Promotion Response,Conversion Improvement Priority,"Review assortment, cross-selling and promotion design because customer traffic is relatively high but sales per customer are weak."
188,779,3884836,4986.95,4803.0,1491.39,438.24,433.0,11.2,350,29.91,d,a,850.0,1,Type D,Basic,910,1026,238,Low Sales / Low Footfall,4054.38,6130.01,51.19,Moderate Promotion Response,Turnaround Priority,"Conduct store-specific review of local demand, competition, assortment and promotion response before allocating further promotional resources."
189,779,6826322,8762.93,8553.0,1945.86,837.13,828.0,10.38,350,22.21,d,a,5760.0,0,Type D,Basic,185,309,362,High Sales / High Footfall,7516.46,10290.74,36.91,Moderate Promotion Response,Strong Core Performer,Maintain current operations and use promotions selectively to protect profitability and avoid unnecessary discounting.
190,622,4477750,7198.95,6939.0,1516.72,656.1,645.5,10.91,274,21.07,a,a,1470.0,1,Type A,Basic,420,597,276,High Sales / Low Footfall,6276.96,8369.96,33.34,Moderate Promotion Response,High Customer Value Store,Protect high spending per customer and focus on targeted footfall-building campaigns.
191,622,4253819,6838.94,6761.0,1247.79,713.86,706.0,9.54,274,18.25,a,a,1100.0,1,Type A,Basic,511,475,526,High Sales / High Footfall,6449.0,7334.19,13.73,Low Promotion Response,Strong Core Performer,Maintain current operations and use promotions selectively to protect profitability and avoid unnecessary discounting.
192,622,5608471,9016.83,8453.0,3350.51,645.41,615.0,13.79,274,37.16,d,c,2770.0,1,Type D,Extended,165,617,21,High Sales / Low Footfall,8357.55,9854.17,17.91,Low Promotion Response,High Customer Value Store,Protect high spending per customer and focus on targeted footfall-building campaigns.
193,777,4166302,5362.04,4793.0,1716.91,781.66,743.0,6.74,348,32.02,a,a,520.0,0,Type A,Basic,823,375,1057,Low Sales / High Footfall,4218.46,6771.79,60.53,High Promotion Response,Conversion Improvement Priority,"Review assortment, cross-selling and promotion design because customer traffic is relatively high but sales per customer are weak."
194,777,3752516,4829.49,4681.0,1047.37,417.65,409.0,11.49,348,21.69,d,c,16970.0,1,Type D,Extended,945,1050,200,Low Sales / Low Footfall,4345.77,5425.8,24.85,Low Promotion Response,Turnaround Priority,"Conduct store-specific review of local demand, competition, assortment and promotion response before allocating further promotional resources."
195,779,8345567,10713.18,10527.0,2482.93,1298.44,1289.0,8.18,350,23.18,a,c,220.0,0,Type A,Extended,69,64,797,High Sales / High Footfall,9307.44,12436.21,33.62,Moderate Promotion Response,Strong Core Performer,Maintain current operations and use promotions selectively to protect profitability and avoid unnecessary discounting.
196,782,4079175,5216.34,4986.5,1417.0,696.85,689.5,7.39,353,27.16,c,a,3850.0,1,Type C,Basic,864,519,978,Low Sales / High Footfall,4347.2,6272.6,44.29,Moderate Promotion Response,Conversion Improvement Priority,"Review assortment, cross-selling and promotion design because customer traffic is relatively high but sales per customer are weak."
197,784,5367788,6846.67,6554.0,1762.77,842.28,816.0,8.04,353,25.75,c,a,4210.0,0,Type C,Basic,509,301,841,High Sales / High Footfall,5683.23,8267.19,45.47,Moderate Promotion Response,Strong Core Performer,Maintain current operations and use promotions selectively to protect profitability and avoid unnecessary discounting.
198,782,2268273,2900.6,2526.0,1597.76,338.48,340.0,8.23,353,55.08,a,a,290.0,1,Type A,Basic,1113,1102,786,Low Sales / Low Footfall,1753.46,4294.73,144.93,High Promotion Response,Turnaround Priority,"Conduct store-specific review of local demand, competition, assortment and promotion response before allocating further promotional resources."
199,779,6197488,7955.7,7641.0,2087.64,624.58,612.0,12.6,350,26.24,d,c,6360.0,1,Type D,Extended,281,664,86,High Sales / Low Footfall,6769.31,9409.87,39.01,Moderate Promotion Response,High Customer Value Store,Protect high spending per customer and focus on targeted footfall-building campaigns.
200,779,6021315,7729.54,7487.0,1469.14,967.65,953.0,7.95,350,19.01,a,a,1650.0,0,Type A,Basic,312,186,862,High Sales / High Footfall,6923.72,8717.25,25.9,Low Promotion Response,Strong Core Performer,Maintain current operations and use promotions selectively to protect profitability and avoid unnecessary discounting.
201,779,4089245,5249.35,5197.0,1280.62,444.22,445.0,11.75,350,24.4,d,a,20260.0,1,Type D,Basic,858,1020,165,Low Sales / Low Footfall,4689.79,5935.22,26.56,Low Promotion Response,Turnaround Priority,"Conduct store-specific review of local demand, competition, assortment and promotion response before allocating further promotional resources."
202,781,4737388,6065.8,5891.0,1362.95,509.39,504.0,11.82,350,22.47,d,c,5140.0,0,Type D,Extended,665,902,154,Low Sales / Low Footfall,5419.71,6861.4,26.6,Low Promotion Response,Turnaround Priority,"Conduct store-specific review of local demand, competition, assortment and promotion response before allocating further promotional resources."
203,782,5298238,6775.24,6302.0,1820.56,882.55,854.5,7.6,351,26.87,c,c,490.0,0,Type C,Extended,522,256,945,High Sales / High Footfall,5884.69,7868.76,33.72,Moderate Promotion Response,Strong Core Performer,Maintain current operations and use promotions selectively to protect profitability and avoid unnecessary discounting.
204,622,3412446,5486.25,5329.0,1044.27,524.18,524.0,10.44,274,19.03,a,a,5630.0,1,Type A,Basic,800,872,352,Low Sales / Low Footfall,4878.24,6258.46,28.29,Low Promotion Response,Turnaround Priority,"Conduct store-specific review of local demand, competition, assortment and promotion response before allocating further promotional resources."
205,784,5124867,6536.82,6146.5,1663.15,879.19,857.5,7.35,353,25.44,a,a,110.0,0,Type A,Basic,571,260,985,Low Sales / High Footfall,5382.41,7946.32,47.64,Moderate Promotion Response,Conversion Improvement Priority,"Review assortment, cross-selling and promotion design because customer traffic is relatively high but sales per customer are weak."
206,779,5575733,7157.55,6896.0,2141.93,799.91,812.0,8.87,350,29.93,a,c,380.0,1,Type A,Extended,426,351,676,High Sales / High Footfall,5889.54,8711.77,47.92,Moderate Promotion Response,Strong Core Performer,Maintain current operations and use promotions selectively to protect profitability and avoid unnecessary discounting.
207,784,8768418,11184.21,10431.0,3256.12,1300.38,1270.0,8.47,353,29.11,a,a,6870.0,0,Type A,Basic,50,62,741,High Sales / High Footfall,9017.3,13829.92,53.37,High Promotion Response,High-Value Promotion Priority,Prioritise for regular promotions because these stores combine strong baseline performance with high promotional responsiveness.
208,784,2302052,2936.29,2927.5,716.53,413.47,412.5,7.05,353,24.4,c,a,300.0,0,Type C,Basic,1112,1055,1034,Low Sales / Low Footfall,2625.74,3315.46,26.27,Low Promotion Response,Turnaround Priority,"Conduct store-specific review of local demand, competition, assortment and promotion response before allocating further promotional resources."
209,882,4928424,5587.78,5598.0,1891.57,577.19,587.0,9.61,354,33.85,a,c,11680.0,1,Type A,Extended,769,758,508,Low Sales / Low Footfall,4734.55,6860.4,44.9,Moderate Promotion Response,Turnaround Priority,"Conduct store-specific review of local demand, competition, assortment and promotion response before allocating further promotional resources."
210,779,2488114,3193.98,3116.0,849.29,326.26,325.0,9.68,350,26.59,d,a,970.0,1,Type D,Basic,1107,1106,487,Low Sales / Low Footfall,2649.89,3860.89,45.7,Moderate Promotion Response,Turnaround Priority,"Conduct store-specific review of local demand, competition, assortment and promotion response before allocating further promotional resources."
211,784,10187567,12994.35,12582.0,3176.59,1485.8,1493.0,8.67,353,24.45,a,c,350.0,0,Type A,Extended,27,42,704,High Sales / High Footfall,10858.14,15602.57,43.69,Moderate Promotion Response,Strong Core Performer,Maintain current operations and use promotions selectively to protect profitability and avoid unnecessary discounting.
212,784,3744115,4775.66,4562.0,1255.2,460.76,461.0,10.31,353,26.28,a,c,15050.0,0,Type A,Extended,956,990,376,Low Sales / Low Footfall,4018.37,5700.28,41.86,Moderate Promotion Response,Turnaround Priority,"Conduct store-specific review of local demand, competition, assortment and promotion response before allocating further promotional resources."
213,779,6334081,8131.04,7659.0,2173.49,652.67,635.0,12.3,350,26.73,d,c,4030.0,1,Type D,Extended,258,605,109,High Sales / Low Footfall,6824.97,9731.91,42.59,Moderate Promotion Response,High Customer Value Store,Protect high spending per customer and focus on targeted footfall-building campaigns.
214,779,7269531,9331.88,9231.0,2284.73,715.45,705.0,12.96,350,24.48,d,a,8650.0,1,Type D,Basic,139,471,59,High Sales / High Footfall,8267.28,10636.77,28.66,Low Promotion Response,Strong Core Performer,Maintain current operations and use promotions selectively to protect profitability and avoid unnecessary discounting.
215,621,3920679,6313.49,6202.0,1813.89,490.28,489.0,12.71,274,28.73,d,a,150.0,1,Type D,Basic,613,944,80,Low Sales / Low Footfall,5172.8,7758.09,49.98,Moderate Promotion Response,Turnaround Priority,"Conduct store-specific review of local demand, competition, assortment and promotion response before allocating further promotional resources."
216,776,5607978,7226.78,6927.5,1872.64,887.67,862.0,8.05,348,25.91,c,a,190.0,1,Type C,Basic,411,252,836,High Sales / High Footfall,6083.59,8632.76,41.9,Moderate Promotion Response,Strong Core Performer,Maintain current operations and use promotions selectively to protect profitability and avoid unnecessary discounting.
217,784,3685496,4700.89,4533.5,996.86,642.88,631.5,7.26,353,21.21,c,a,3150.0,0,Type C,Basic,971,621,1001,Low Sales / Low Footfall,4194.34,5319.36,26.82,Low Promotion Response,Turnaround Priority,"Conduct store-specific review of local demand, competition, assortment and promotion response before allocating further promotional resources."
218,622,3121555,5018.58,5099.5,1503.02,696.4,731.0,7.14,274,29.95,a,c,640.0,1,Type A,Extended,906,521,1022,Low Sales / High Footfall,4063.17,6232.01,53.38,High Promotion Response,Conversion Improvement Priority,"Review assortment, cross-selling and promotion design because customer traffic is relatively high but sales per customer are weak."
219,779,2441162,3133.71,3138.0,822.27,406.44,418.0,7.67,350,26.24,a,a,1640.0,0,Type A,Basic,1108,1060,933,Low Sales / Low Footfall,2628.85,3752.53,42.74,Moderate Promotion Response,Turnaround Priority,"Conduct store-specific review of local demand, competition, assortment and promotion response before allocating further promotional resources."
220,776,3807392,4906.43,4652.0,1283.83,644.62,631.0,7.56,348,26.17,a,a,1000.0,0,Type A,Basic,925,620,950,Low Sales / Low Footfall,4053.37,5955.61,46.93,Moderate Promotion Response,Turnaround Priority,"Conduct store-specific review of local demand, competition, assortment and promotion response before allocating further promotional resources."
221,784,4564321,5821.84,5608.0,1412.34,552.75,542.0,10.43,353,24.26,d,c,13530.0,0,Type D,Extended,722,813,354,Low Sales / Low Footfall,5106.96,6694.68,31.09,Moderate Promotion Response,Turnaround Priority,"Conduct store-specific review of local demand, competition, assortment and promotion response before allocating further promotional resources."
222,784,3906246,4982.46,4793.0,1449.69,561.56,569.0,8.76,353,29.1,a,a,2170.0,0,Type A,Basic,913,791,688,Low Sales / Low Footfall,3971.81,6216.42,56.51,High Promotion Response,Turnaround Priority,"Conduct store-specific review of local demand, competition, assortment and promotion response before allocating further promotional resources."
223,782,5656109,7232.88,6829.5,2077.85,738.72,722.0,9.65,353,28.73,d,c,2920.0,1,Type D,Extended,409,435,492,High Sales / High Footfall,5907.56,8843.53,49.7,Moderate Promotion Response,Strong Core Performer,Maintain current operations and use promotions selectively to protect profitability and avoid unnecessary discounting.
224,777,5151315,6629.75,6382.0,1768.49,478.66,467.0,13.71,348,26.68,d,c,7930.0,1,Type D,Extended,549,965,22,High Sales / Low Footfall,5797.12,7656.18,32.07,Moderate Promotion Response,High Customer Value Store,Protect high spending per customer and focus on targeted footfall-building campaigns.
225,782,4064054,5197.0,4967.5,1470.36,556.33,548.5,9.25,353,28.29,d,a,10180.0,0,Type D,Basic,868,801,584,Low Sales / Low Footfall,4277.54,6314.42,47.62,Moderate Promotion Response,Turnaround Priority,"Conduct store-specific review of local demand, competition, assortment and promotion response before allocating further promotional resources."
226,781,5667944,7257.29,6992.0,1653.42,703.01,696.0,10.27,350,22.78,a,a,450.0,0,Type A,Basic,403,499,382,High Sales / High Footfall,6156.88,8612.37,39.88,Moderate Promotion Response,Strong Core Performer,Maintain current operations and use promotions selectively to protect profitability and avoid unnecessary discounting.
227,767,4623704,6028.3,5780.0,1878.55,561.89,560.0,10.6,345,31.16,a,a,2370.0,0,Type A,Basic,676,790,324,Low Sales / Low Footfall,5028.36,7251.41,44.21,Moderate Promotion Response,Turnaround Priority,"Conduct store-specific review of local demand, competition, assortment and promotion response before allocating further promotional resources."
228,779,6190043,7946.14,7832.0,1549.44,593.12,586.0,13.34,350,19.5,d,c,10800.0,1,Type D,Extended,282,725,37,High Sales / Low Footfall,7192.51,8869.88,23.32,Low Promotion Response,High Customer Value Store,Protect high spending per customer and focus on targeted footfall-building campaigns.
229,779,6734738,8645.36,8274.0,2234.16,734.25,708.0,11.64,350,25.84,d,c,17410.0,1,Type D,Extended,197,444,180,High Sales / High Footfall,7321.02,10268.63,40.26,Moderate Promotion Response,Strong Core Performer,Maintain current operations and use promotions selectively to protect profitability and avoid unnecessary discounting.
230,784,5928326,7561.64,7294.5,1662.81,940.23,920.0,7.97,353,21.99,d,c,6680.0,0,Type D,Extended,347,212,858,High Sales / High Footfall,6777.54,8518.99,25.69,Low Promotion Response,Strong Core Performer,Maintain current operations and use promotions selectively to protect profitability and avoid unnecessary discounting.
231,622,2967114,4770.28,4720.0,1287.81,394.5,393.5,11.96,274,27.0,d,c,3840.0,1,Type D,Extended,959,1069,141,Low Sales / Low Footfall,4018.91,5724.57,42.44,Moderate Promotion Response,Turnaround Priority,"Conduct store-specific review of local demand, competition, assortment and promotion response before allocating further promotional resources."
232,765,2583221,3376.76,3226.0,1062.29,304.23,297.0,10.96,343,31.46,c,c,13570.0,1,Type C,Extended,1100,1112,270,Low Sales / Low Footfall,2836.9,4040.96,42.44,Moderate Promotion Response,Turnaround Priority,"Conduct store-specific review of local demand, competition, assortment and promotion response before allocating further promotional resources."
233,781,7365681,9431.09,9109.0,1800.28,1031.67,1015.0,9.09,350,19.09,a,a,1890.0,0,Type A,Basic,127,142,624,High Sales / High Footfall,8300.96,10822.77,30.38,Moderate Promotion Response,Strong Core Performer,Maintain current operations and use promotions selectively to protect profitability and avoid unnecessary discounting.
234,779,8625334,11072.32,10247.0,3506.85,1024.72,990.0,10.61,350,31.67,d,a,4370.0,0,Type D,Basic,54,145,319,High Sales / High Footfall,8846.48,13800.55,56.0,High Promotion Response,High-Value Promotion Priority,Prioritise for regular promotions because these stores combine strong baseline performance with high promotional responsiveness.
235,781,4635585,5935.45,5555.0,1947.24,501.13,492.0,11.63,350,32.81,a,a,5710.0,1,Type A,Basic,698,920,184,Low Sales / Low Footfall,4573.23,7612.92,66.47,High Promotion Response,Turnaround Priority,"Conduct store-specific review of local demand, competition, assortment and promotion response before allocating further promotional resources."
236,784,5581738,7119.56,7069.0,1967.07,864.79,882.5,8.17,353,27.63,a,a,1000.0,0,Type A,Basic,436,281,799,High Sales / High Footfall,5831.49,8692.26,49.06,Moderate Promotion Response,Strong Core Performer,Maintain current operations and use promotions selectively to protect profitability and avoid unnecessary discounting.
237,784,3556217,4535.99,4462.0,759.03,574.73,583.0,7.91,353,16.73,a,a,1420.0,0,Type A,Basic,998,761,872,Low Sales / Low Footfall,4132.64,5028.47,21.68,Low Promotion Response,Turnaround Priority,"Conduct store-specific review of local demand, competition, assortment and promotion response before allocating further promotional resources."
238,765,5868876,7671.73,7503.0,1888.11,1102.8,1107.0,6.89,343,24.61,a,a,320.0,1,Type A,Basic,326,112,1050,High Sales / High Footfall,6456.43,9166.95,41.98,Moderate Promotion Response,Strong Core Performer,Maintain current operations and use promotions selectively to protect profitability and avoid unnecessary discounting.
239,779,3950473,5071.21,4921.0,1385.36,472.07,471.0,10.61,350,27.32,d,c,610.0,0,Type D,Extended,897,974,320,Low Sales / Low Footfall,4318.23,5994.15,38.81,Moderate Promotion Response,Turnaround Priority,"Conduct store-specific review of local demand, competition, assortment and promotion response before allocating further promotional resources."
240,784,3772636,4812.04,4688.5,989.72,459.75,458.0,10.41,353,20.57,a,a,1110.0,0,Type A,Basic,949,992,358,Low Sales / Low Footfall,4180.86,5582.68,33.53,Moderate Promotion Response,Turnaround Priority,"Conduct store-specific review of local demand, competition, assortment and promotion response before allocating further promotional resources."
241,779,5128334,6583.23,6356.0,1458.2,704.72,693.0,9.27,350,22.15,d,c,780.0,0,Type D,Extended,560,496,579,Low Sales / High Footfall,5834.09,7501.46,28.58,Low Promotion Response,Conversion Improvement Priority,"Review assortment, cross-selling and promotion design because customer traffic is relatively high but sales per customer are weak."
242,781,3196707,4093.09,3742.0,1446.18,365.85,349.0,10.96,350,35.33,d,a,6880.0,1,Type D,Basic,1051,1088,269,Low Sales / Low Footfall,3147.53,5257.49,67.04,High Promotion Response,Turnaround Priority,"Conduct store-specific review of local demand, competition, assortment and promotion response before allocating further promotional resources."
243,623,4407146,7074.07,6466.0,2092.97,953.47,917.0,7.3,275,29.59,a,a,310.0,1,Type A,Basic,446,201,995,High Sales / High Footfall,5619.28,8915.04,58.65,High Promotion Response,High-Value Promotion Priority,Prioritise for regular promotions because these stores combine strong baseline performance with high promotional responsiveness.
244,779,4106186,5271.1,5051.0,1700.87,540.34,536.0,9.57,350,32.27,d,a,710.0,1,Type D,Basic,850,837,520,Low Sales / Low Footfall,4212.48,6568.67,55.93,High Promotion Response,Turnaround Priority,"Conduct store-specific review of local demand, competition, assortment and promotion response before allocating further promotional resources."
245,781,6949075,8897.66,8688.0,1539.21,1020.76,1011.0,8.7,350,17.3,a,c,1310.0,0,Type A,Extended,171,146,699,High Sales / High Footfall,8104.21,9874.74,21.85,Low Promotion Response,Strong Core Performer,Maintain current operations and use promotions selectively to protect profitability and avoid unnecessary discounting.
246,784,5551547,7081.05,6868.0,1474.62,937.3,923.5,7.5,353,20.82,c,a,4660.0,0,Type C,Basic,442,214,961,High Sales / High Footfall,6172.77,8190.03,32.68,Moderate Promotion Response,Strong Core Performer,Maintain current operations and use promotions selectively to protect profitability and avoid unnecessary discounting.
247,781,6698411,8576.71,8187.0,2445.77,683.97,663.0,12.37,350,28.52,d,c,70.0,1,Type D,Extended,202,545,100,High Sales / High Footfall,7092.68,10404.19,46.69,Moderate Promotion Response,Strong Core Performer,Maintain current operations and use promotions selectively to protect profitability and avoid unnecessary discounting.
248,784,6555942,8362.17,7810.0,2257.58,1112.54,1075.5,7.44,353,27.0,a,c,340.0,1,Type A,Extended,231,110,970,High Sales / High Footfall,7420.57,9511.84,28.18,Low Promotion Response,Strong Core Performer,Maintain current operations and use promotions selectively to protect profitability and avoid unnecessary discounting.
249,784,4144086,5285.82,5076.0,1274.3,537.73,522.0,9.75,353,24.11,d,c,18010.0,0,Type D,Extended,845,843,471,Low Sales / Low Footfall,4653.4,6057.99,30.18,Moderate Promotion Response,Turnaround Priority,"Conduct store-specific review of local demand, competition, assortment and promotion response before allocating further promotional resources."
250,781,6615557,8470.62,8061.0,2481.29,657.94,644.0,12.67,350,29.29,d,a,3520.0,1,Type D,Basic,213,596,82,High Sales / Low Footfall,6902.94,10401.11,50.68,Moderate Promotion Response,High Customer Value Store,Protect high spending per customer and focus on targeted footfall-building campaigns.
251,779,14896870,19123.07,18566.0,3547.64,2450.49,2387.0,7.77,350,18.55,a,c,340.0,0,Type A,Extended,4,7,907,High Sales / High Footfall,17378.73,21261.13,22.34,Low Promotion Response,Strong Core Performer,Maintain current operations and use promotions selectively to protect profitability and avoid unnecessary discounting.
252,779,8269484,10615.51,10052.0,2889.08,809.63,789.0,12.96,350,27.22,d,c,22330.0,1,Type D,Extended,75,342,58,High Sales / High Footfall,8721.22,12937.37,48.34,Moderate Promotion Response,Strong Core Performer,Maintain current operations and use promotions selectively to protect profitability and avoid unnecessary discounting.
253,779,4476698,5746.72,5246.0,2048.83,690.71,666.0,8.16,350,35.65,a,c,250.0,1,Type A,Extended,746,531,802,Low Sales / High Footfall,4409.95,7385.23,67.47,High Promotion Response,Conversion Improvement Priority,"Review assortment, cross-selling and promotion design because customer traffic is relatively high but sales per customer are weak."
254,779,2341661,3005.98,3008.0,832.14,258.67,258.0,11.49,350,27.68,d,a,330.0,1,Type D,Basic,1110,1113,199,Low Sales / Low Footfall,2637.79,3457.29,31.07,Moderate Promotion Response,Turnaround Priority,"Conduct store-specific review of local demand, competition, assortment and promotion response before allocating further promotional resources."
255,779,4885211,6271.13,6151.0,1486.82,640.36,635.0,9.71,350,23.71,c,c,4630.0,1,Type C,Extended,623,626,480,Low Sales / Low Footfall,5510.98,7202.86,30.7,Moderate Promotion Response,Turnaround Priority,"Conduct store-specific review of local demand, competition, assortment and promotion response before allocating further promotional resources."
256,776,7630314,9832.88,9340.5,2835.27,1247.19,1219.5,7.79,348,28.83,a,c,80.0,1,Type A,Extended,103,74,904,High Sales / High Footfall,8292.44,11727.44,41.42,Moderate Promotion Response,Strong Core Performer,Maintain current operations and use promotions selectively to protect profitability and avoid unnecessary discounting.
257,784,4183099,5335.59,5411.5,1462.64,632.01,653.5,8.42,353,27.41,a,a,420.0,0,Type A,Basic,832,654,751,Low Sales / Low Footfall,4468.46,6394.32,43.1,Moderate Promotion Response,Turnaround Priority,"Conduct store-specific review of local demand, competition, assortment and promotion response before allocating further promotional resources."
258,622,3509384,5642.1,5451.0,1235.11,493.89,488.0,11.37,274,21.89,a,a,27190.0,1,Type A,Basic,766,937,216,Low Sales / Low Footfall,4980.77,6482.03,30.14,Moderate Promotion Response,Turnaround Priority,"Conduct store-specific review of local demand, competition, assortment and promotion response before allocating further promotional resources."
259,931,10851871,11656.15,11449.0,2504.19,2374.84,2418.0,4.88,356,21.48,b,b,210.0,0,Type B,Extra,41,10,1107,High Sales / High Footfall,11311.57,12212.69,7.97,Low Promotion Response,Strong Core Performer,Maintain current operations and use promotions selectively to protect profitability and avoid unnecessary discounting.
260,784,5143038,6560.0,6484.0,809.61,911.45,906.0,7.18,353,12.34,a,a,540.0,0,Type A,Basic,567,232,1018,Low Sales / High Footfall,6232.68,6959.64,11.66,Low Promotion Response,Conversion Improvement Priority,"Review assortment, cross-selling and promotion design because customer traffic is relatively high but sales per customer are weak."
261,779,9828244,12616.49,11048.0,4872.38,948.93,908.0,12.93,350,38.62,d,c,15340.0,1,Type D,Extended,32,205,66,High Sales / High Footfall,9081.87,16948.92,86.62,High Promotion Response,High-Value Promotion Priority,Prioritise for regular promotions because these stores combine strong baseline performance with high promotional responsiveness.
262,942,19516842,20718.52,19415.5,4668.88,3402.01,3239.0,6.06,360,22.53,b,a,1180.0,0,Type B,Basic,2,2,1099,High Sales / High Footfall,20549.64,20991.54,2.15,Low Promotion Response,Strong Core Performer,Maintain current operations and use promotions selectively to protect profitability and avoid unnecessary discounting.
263,622,2306075,3707.52,3588.0,947.19,355.86,348.0,10.31,274,25.55,a,c,1140.0,1,Type A,Extended,1081,1094,375,Low Sales / Low Footfall,3576.16,3874.35,8.34,Low Promotion Response,Turnaround Priority,"Conduct store-specific review of local demand, competition, assortment and promotion response before allocating further promotional resources."
264,762,5512491,7234.24,6830.0,2294.06,954.38,930.0,7.47,343,31.71,a,a,180.0,0,Type A,Basic,407,200,964,High Sales / High Footfall,5890.8,8875.35,50.66,Moderate Promotion Response,Strong Core Performer,Maintain current operations and use promotions selectively to protect profitability and avoid unnecessary discounting.
265,779,3859812,4954.83,4759.0,1769.76,503.26,507.0,9.67,350,35.72,a,a,4580.0,1,Type A,Basic,914,917,489,Low Sales / Low Footfall,3755.39,6425.0,71.09,High Promotion Response,Turnaround Priority,"Conduct store-specific review of local demand, competition, assortment and promotion response before allocating further promotional resources."
266,780,3424011,4389.76,4336.5,1370.53,531.39,548.0,8.24,352,31.22,a,c,360.0,1,Type A,Extended,1019,856,783,Low Sales / Low Footfall,3577.06,5377.93,50.35,Moderate Promotion Response,Turnaround Priority,"Conduct store-specific review of local demand, competition, assortment and promotion response before allocating further promotional resources."
267,784,7282702,9289.16,8949.0,2614.53,1124.52,1056.0,8.23,353,28.15,c,a,2460.0,0,Type C,Basic,144,105,787,High Sales / High Footfall,8780.52,9910.19,12.87,Low Promotion Response,Strong Core Performer,Maintain current operations and use promotions selectively to protect profitability and avoid unnecessary discounting.
268,784,3826840,4881.17,4586.5,1449.48,598.03,583.5,8.03,353,29.7,a,a,4520.0,0,Type A,Basic,932,715,844,Low Sales / Low Footfall,3895.81,6084.27,56.17,High Promotion Response,Turnaround Priority,"Conduct store-specific review of local demand, competition, assortment and promotion response before allocating further promotional resources."
269,779,7281084,9346.71,8588.0,3023.14,1231.1,1177.0,7.47,350,32.34,a,c,60.0,0,Type A,Extended,138,77,963,High Sales / High Footfall,7414.33,11715.24,58.01,High Promotion Response,High-Value Promotion Priority,Prioritise for regular promotions because these stores combine strong baseline performance with high promotional responsiveness.
270,784,7284633,9291.62,9074.5,1607.61,1205.07,1185.5,7.67,353,17.3,a,a,1450.0,0,Type A,Basic,143,81,934,High Sales / High Footfall,8379.23,10405.63,24.18,Low Promotion Response,Strong Core Performer,Maintain current operations and use promotions selectively to protect profitability and avoid unnecessary discounting.
271,780,6116519,7841.69,7372.0,3439.78,791.86,824.5,9.86,352,43.87,a,a,420.0,1,Type A,Basic,292,363,453,High Sales / High Footfall,5452.7,10746.49,97.09,High Promotion Response,High-Value Promotion Priority,Prioritise for regular promotions because these stores combine strong baseline performance with high promotional responsiveness.
272,781,4871343,6237.31,5749.0,2184.75,629.56,635.0,9.74,350,35.03,a,a,16180.0,1,Type A,Basic,633,660,473,Low Sales / Low Footfall,4695.55,8135.89,73.27,High Promotion Response,Turnaround Priority,"Conduct store-specific review of local demand, competition, assortment and promotion response before allocating further promotional resources."
273,779,5499466,7059.65,6613.0,2005.59,703.65,678.0,9.89,350,28.41,a,c,8480.0,0,Type A,Extended,449,498,447,High Sales / High Footfall,5767.79,8643.1,49.85,Moderate Promotion Response,Strong Core Performer,Maintain current operations and use promotions selectively to protect profitability and avoid unnecessary discounting.
274,932,3794012,4070.83,3608.0,1400.06,992.74,926.0,4.04,358,34.39,b,b,3640.0,1,Type B,Extra,1053,170,1111,Low Sales / High Footfall,4182.44,3891.88,-6.95,Low Promotion Response,Conversion Improvement Priority,"Review assortment, cross-selling and promotion design because customer traffic is relatively high but sales per customer are weak."
275,622,4630070,7443.84,7193.5,1651.33,749.3,734.0,9.86,274,22.18,d,a,300.0,1,Type D,Basic,366,422,455,High Sales / High Footfall,6501.8,8640.3,32.89,Moderate Promotion Response,Strong Core Performer,Maintain current operations and use promotions selectively to protect profitability and avoid unnecessary discounting.
276,780,3191132,4091.19,4072.5,1243.74,520.95,543.0,7.81,352,30.4,a,a,2960.0,1,Type A,Basic,1052,879,900,Low Sales / Low Footfall,3287.88,5067.95,54.14,High Promotion Response,Turnaround Priority,"Conduct store-specific review of local demand, competition, assortment and promotion response before allocating further promotional resources."
277,622,4008491,6444.52,6069.5,1628.82,535.25,521.5,11.91,274,25.27,d,c,7840.0,1,Type D,Extended,590,849,146,Low Sales / Low Footfall,5424.88,7739.54,42.67,Moderate Promotion Response,Turnaround Priority,"Conduct store-specific review of local demand, competition, assortment and promotion response before allocating further promotional resources."
278,784,5599459,7142.17,6960.0,1804.31,792.6,792.0,8.93,353,25.26,a,c,9260.0,0,Type A,Extended,431,360,659,High Sales / High Footfall,6076.2,8443.68,38.96,Moderate Promotion Response,Strong Core Performer,Maintain current operations and use promotions selectively to protect profitability and avoid unnecessary discounting.
279,623,5532919,8881.09,8351.0,3024.24,667.53,644.0,13.05,275,34.05,d,c,2320.0,1,Type D,Extended,173,576,52,High Sales / Low Footfall,7351.51,10816.7,47.14,Moderate Promotion Response,High Customer Value Store,Protect high spending per customer and focus on targeted footfall-building campaigns.
280,777,4869839,6267.49,6085.0,1321.88,521.06,514.0,11.97,348,21.09,d,c,18640.0,1,Type D,Extended,625,878,140,Low Sales / Low Footfall,5641.76,7038.86,24.76,Low Promotion Response,Turnaround Priority,"Conduct store-specific review of local demand, competition, assortment and promotion response before allocating further promotional resources."
281,784,4594724,5860.62,5725.0,1269.34,549.65,543.0,10.6,353,21.66,d,c,6970.0,0,Type D,Extended,717,817,325,Low Sales / Low Footfall,5289.17,6558.33,24.0,Low Promotion Response,Turnaround Priority,"Conduct store-specific review of local demand, competition, assortment and promotion response before allocating further promotional resources."
282,784,3456330,4408.58,4279.0,1040.19,640.98,647.0,6.83,353,23.59,a,a,1220.0,0,Type A,Basic,1018,624,1054,Low Sales / Low Footfall,3689.57,5286.48,43.28,Moderate Promotion Response,Turnaround Priority,"Conduct store-specific review of local demand, competition, assortment and promotion response before allocating further promotional resources."
283,622,4425007,7114.16,6953.5,1328.4,718.33,715.0,9.85,274,18.67,a,a,2260.0,1,Type A,Basic,438,463,456,High Sales / High Footfall,6478.1,7922.0,22.29,Low Promotion Response,Strong Core Performer,Maintain current operations and use promotions selectively to protect profitability and avoid unnecessary discounting.
284,622,3367042,5413.25,5368.5,1425.64,449.93,453.0,11.89,274,26.34,d,a,1290.0,1,Type D,Basic,814,1013,147,Low Sales / Low Footfall,4540.12,6522.19,43.66,Moderate Promotion Response,Turnaround Priority,"Conduct store-specific review of local demand, competition, assortment and promotion response before allocating further promotional resources."
285,781,4025996,5154.92,5104.0,1143.65,470.24,464.0,10.88,350,22.19,a,a,2410.0,0,Type A,Basic,880,978,282,Low Sales / Low Footfall,4827.29,5558.38,15.14,Low Promotion Response,Turnaround Priority,"Conduct store-specific review of local demand, competition, assortment and promotion response before allocating further promotional resources."
286,779,3838772,4927.82,4544.0,2068.02,430.46,434.0,11.19,350,41.97,a,a,1460.0,0,Type A,Basic,921,1033,241,Low Sales / Low Footfall,3475.24,6708.26,93.03,High Promotion Response,Turnaround Priority,"Conduct store-specific review of local demand, competition, assortment and promotion response before allocating further promotional resources."
287,622,5070793,8152.4,8081.5,1419.87,819.0,812.0,9.9,274,17.42,c,a,2740.0,1,Type C,Basic,257,332,444,High Sales / High Footfall,7615.17,8834.73,16.01,Low Promotion Response,Strong Core Performer,Maintain current operations and use promotions selectively to protect profitability and avoid unnecessary discounting.
288,622,3499206,5625.73,5325.5,1612.52,422.52,411.5,13.17,274,28.66,d,a,800.0,1,Type D,Basic,767,1042,46,Low Sales / Low Footfall,4675.25,6832.92,46.15,Moderate Promotion Response,Turnaround Priority,"Conduct store-specific review of local demand, competition, assortment and promotion response before allocating further promotional resources."
289,781,4936879,6321.23,6135.0,1481.93,553.71,543.0,11.32,350,23.44,d,a,6540.0,0,Type D,Basic,611,809,222,Low Sales / Low Footfall,5512.11,7317.6,32.75,Moderate Promotion Response,Turnaround Priority,"Conduct store-specific review of local demand, competition, assortment and promotion response before allocating further promotional resources."
290,779,5464029,7014.16,6628.0,2202.57,682.71,682.0,10.13,350,31.4,a,a,4150.0,0,Type A,Basic,465,550,404,High Sales / High Footfall,5528.88,8834.69,59.79,High Promotion Response,High-Value Promotion Priority,Prioritise for regular promotions because these stores combine strong baseline performance with high promotional responsiveness.
291,780,6257971,8023.04,7777.5,2634.45,840.35,840.5,9.43,352,32.84,d,a,,0,Type D,Basic,271,305,544,High Sales / High Footfall,6357.5,10048.19,58.05,High Promotion Response,High-Value Promotion Priority,Prioritise for regular promotions because these stores combine strong baseline performance with high promotional responsiveness.
292,766,4422953,5774.09,5695.5,1961.24,706.52,736.0,8.11,343,33.97,a,a,1100.0,0,Type A,Basic,734,492,815,Low Sales / High Footfall,4650.89,7159.26,53.93,High Promotion Response,Conversion Improvement Priority,"Review assortment, cross-selling and promotion design because customer traffic is relatively high but sales per customer are weak."
293,783,4899830,6257.77,5907.0,1663.78,815.38,794.0,7.59,352,26.59,c,c,140.0,0,Type C,Extended,629,339,948,Low Sales / High Footfall,5154.21,7608.99,47.63,Moderate Promotion Response,Conversion Improvement Priority,"Review assortment, cross-selling and promotion design because customer traffic is relatively high but sales per customer are weak."
294,781,4506589,5770.28,5702.0,1689.71,766.02,782.0,7.46,350,29.28,a,a,3150.0,0,Type A,Basic,735,393,965,Low Sales / High Footfall,4651.58,7147.89,53.67,High Promotion Response,Conversion Improvement Priority,"Review assortment, cross-selling and promotion design because customer traffic is relatively high but sales per customer are weak."
295,777,4106780,5285.43,5050.0,1322.49,670.98,663.0,7.8,348,25.02,a,a,210.0,1,Type A,Basic,846,571,902,Low Sales / Low Footfall,4544.02,6199.41,36.43,Moderate Promotion Response,Turnaround Priority,"Conduct store-specific review of local demand, competition, assortment and promotion response before allocating further promotional resources."
296,781,5438463,6963.46,6663.0,1888.21,754.81,769.0,9.17,350,27.12,a,a,9580.0,1,Type A,Basic,483,410,603,High Sales / High Footfall,5690.29,8531.28,49.93,Moderate Promotion Response,Strong Core Performer,Maintain current operations and use promotions selectively to protect profitability and avoid unnecessary discounting.
297,777,5432839,6992.07,6532.0,1947.91,719.93,706.0,9.6,348,27.86,a,a,2300.0,0,Type A,Basic,474,461,513,High Sales / High Footfall,5651.44,8644.74,52.97,High Promotion Response,High-Value Promotion Priority,Prioritise for regular promotions because these stores combine strong baseline performance with high promotional responsiveness.
298,622,5223940,8398.62,8218.0,1872.55,691.28,682.5,12.09,274,22.3,d,a,19840.0,0,Type D,Basic,224,530,124,High Sales / High Footfall,7486.38,9557.22,27.66,Low Promotion Response,Strong Core Performer,Maintain current operations and use promotions selectively to protect profitability and avoid unnecessary discounting.
299,882,5499540,6235.31,5884.5,2175.57,682.83,645.0,9.12,354,34.89,d,c,38630.0,0,Type D,Extended,634,548,616,Low Sales / High Footfall,5838.87,6826.61,16.92,Low Promotion Response,Conversion Improvement Priority,"Review assortment, cross-selling and promotion design because customer traffic is relatively high but sales per customer are weak."
300,782,5534680,7077.6,6871.0,1540.3,878.69,875.0,7.99,351,21.76,a,c,120.0,1,Type A,Extended,444,261,853,High Sales / High Footfall,6403.14,7905.77,23.47,Low Promotion Response,Strong Core Performer,Maintain current operations and use promotions selectively to protect profitability and avoid unnecessary discounting.
301,784,4342138,5538.44,5431.5,1169.64,596.14,599.0,9.24,353,21.12,a,c,4510.0,0,Type A,Extended,781,718,586,Low Sales / Low Footfall,4845.75,6384.2,31.75,Moderate Promotion Response,Turnaround Priority,"Conduct store-specific review of local demand, competition, assortment and promotion response before allocating further promotional resources."
302,781,2922724,3742.28,3727.0,1067.28,323.34,319.0,11.45,350,28.52,d,c,2190.0,1,Type D,Extended,1077,1107,204,Low Sales / Low Footfall,3236.37,4365.28,34.88,Moderate Promotion Response,Turnaround Priority,"Conduct store-specific review of local demand, competition, assortment and promotion response before allocating further promotional resources."
303,766,4740126,6188.15,5862.5,1969.22,674.0,663.5,9.06,341,31.82,a,a,15430.0,1,Type A,Basic,647,567,632,Low Sales / Low Footfall,5057.82,7596.93,50.2,Moderate Promotion Response,Turnaround Priority,"Conduct store-specific review of local demand, competition, assortment and promotion response before allocating further promotional resources."
304,784,5541079,7067.7,6832.0,1800.91,1055.94,1054.0,6.63,353,25.48,a,a,1950.0,0,Type A,Basic,447,135,1067,High Sales / High Footfall,5961.17,8418.74,41.23,Moderate Promotion Response,Strong Core Performer,Maintain current operations and use promotions selectively to protect profitability and avoid unnecessary discounting.
305,781,4176274,5347.34,5081.0,1667.45,507.46,495.0,10.37,350,31.18,c,c,2470.0,1,Type C,Extended,829,908,367,Low Sales / Low Footfall,4673.85,6176.7,32.15,Moderate Promotion Response,Turnaround Priority,"Conduct store-specific review of local demand, competition, assortment and promotion response before allocating further promotional resources."
306,622,2717435,4368.87,4338.5,1079.22,467.88,476.0,9.29,274,24.7,a,a,5100.0,1,Type A,Basic,1024,982,575,Low Sales / Low Footfall,3701.32,5216.7,40.94,Moderate Promotion Response,Turnaround Priority,"Conduct store-specific review of local demand, competition, assortment and promotion response before allocating further promotional resources."
307,782,2114322,2703.74,2602.5,1032.83,307.81,313.0,8.64,353,38.2,a,a,18660.0,0,Type A,Basic,1115,1111,711,Low Sales / Low Footfall,1991.62,3569.16,79.21,High Promotion Response,Turnaround Priority,"Conduct store-specific review of local demand, competition, assortment and promotion response before allocating further promotional resources."
308,768,7183229,9353.16,8824.5,2668.79,938.48,903.0,9.84,345,28.53,a,a,1070.0,1,Type A,Basic,136,213,459,High Sales / High Footfall,7749.03,11319.97,46.08,Moderate Promotion Response,Strong Core Performer,Maintain current operations and use promotions selectively to protect profitability and avoid unnecessary discounting.
309,779,5430658,6971.32,6414.0,2015.68,591.03,566.0,11.62,350,28.91,d,a,8740.0,1,Type D,Basic,480,728,187,High Sales / Low Footfall,5527.78,8740.69,58.12,High Promotion Response,High Customer Value Store,Protect high spending per customer and focus on targeted footfall-building campaigns.
310,897,7388018,8236.36,8240.0,3142.93,699.67,722.0,11.54,354,38.16,a,c,2290.0,1,Type A,Extended,245,512,192,High Sales / High Footfall,6597.61,10750.05,62.94,High Promotion Response,High-Value Promotion Priority,Prioritise for regular promotions because these stores combine strong baseline performance with high promotional responsiveness.
311,781,5184737,6638.59,6390.0,1455.39,789.16,795.0,8.4,350,21.92,a,c,680.0,0,Type A,Extended,544,370,755,High Sales / High Footfall,5674.9,7825.29,37.89,Moderate Promotion Response,Strong Core Performer,Maintain current operations and use promotions selectively to protect profitability and avoid unnecessary discounting.
312,781,4348731,5568.16,5165.0,1585.11,538.65,525.0,10.19,350,28.47,d,a,11300.0,0,Type D,Basic,773,841,395,Low Sales / Low Footfall,4496.87,6887.37,53.16,High Promotion Response,Turnaround Priority,"Conduct store-specific review of local demand, competition, assortment and promotion response before allocating further promotional resources."
313,782,5533037,7075.49,6763.5,2233.6,707.01,694.0,9.84,353,31.57,d,c,14160.0,0,Type D,Extended,445,490,458,High Sales / High Footfall,5618.97,8845.6,57.42,High Promotion Response,High-Value Promotion Priority,Prioritise for regular promotions because these stores combine strong baseline performance with high promotional responsiveness.
314,779,4002280,5137.72,4914.0,1458.37,571.26,570.0,8.9,350,28.39,a,a,3560.0,1,Type A,Basic,887,773,662,Low Sales / Low Footfall,4152.51,6345.29,52.81,High Promotion Response,Turnaround Priority,"Conduct store-specific review of local demand, competition, assortment and promotion response before allocating further promotional resources."
315,784,3333890,4252.41,4213.0,1172.21,449.57,459.0,9.39,353,27.57,a,c,38710.0,0,Type A,Extended,1036,1015,552,Low Sales / Low Footfall,3625.95,5017.29,38.37,Moderate Promotion Response,Turnaround Priority,"Conduct store-specific review of local demand, competition, assortment and promotion response before allocating further promotional resources."
316,779,7677532,9855.63,9297.0,2508.25,901.84,873.0,10.8,350,25.45,d,a,9000.0,0,Type D,Basic,101,241,289,High Sales / High Footfall,8222.92,11856.86,44.19,Moderate Promotion Response,Strong Core Performer,Maintain current operations and use promotions selectively to protect profitability and avoid unnecessary discounting.
317,622,3346040,5379.49,5325.0,1184.03,579.32,568.5,9.23,274,22.01,d,a,3140.0,1,Type D,Basic,820,753,587,Low Sales / Low Footfall,4934.21,5945.02,20.49,Low Promotion Response,Turnaround Priority,"Conduct store-specific review of local demand, competition, assortment and promotion response before allocating further promotional resources."
318,780,5871619,7527.72,7325.0,2206.25,658.75,657.5,11.3,352,29.31,d,c,32330.0,0,Type D,Extended,349,594,225,High Sales / Low Footfall,6212.33,9127.11,46.92,Moderate Promotion Response,High Customer Value Store,Protect high spending per customer and focus on targeted footfall-building campaigns.
319,784,6105068,7787.08,7648.5,1804.9,843.68,833.0,9.19,353,23.18,a,c,570.0,1,Type A,Extended,298,298,599,High Sales / High Footfall,6836.59,8947.58,30.88,Moderate Promotion Response,Strong Core Performer,Maintain current operations and use promotions selectively to protect profitability and avoid unnecessary discounting.
320,784,11630218,14834.46,14064.0,3410.48,2063.12,2024.5,7.13,353,22.99,a,c,210.0,0,Type A,Extended,16,15,1025,High Sales / High Footfall,13037.35,17028.67,30.61,Moderate Promotion Response,Strong Core Performer,Maintain current operations and use promotions selectively to protect profitability and avoid unnecessary discounting.
321,780,4647488,5958.32,5933.0,1456.71,585.46,587.0,10.1,352,24.45,c,c,8140.0,1,Type C,Extended,694,743,410,Low Sales / Low Footfall,5250.94,6818.42,29.85,Moderate Promotion Response,Turnaround Priority,"Conduct store-specific review of local demand, competition, assortment and promotion response before allocating further promotional resources."
322,782,3926557,5021.17,4850.5,2041.98,547.87,564.0,9.03,353,40.67,a,a,17500.0,1,Type A,Basic,904,819,638,Low Sales / Low Footfall,3657.61,6678.3,82.59,High Promotion Response,Turnaround Priority,"Conduct store-specific review of local demand, competition, assortment and promotion response before allocating further promotional resources."
323,779,5737615,7365.36,7160.0,1568.03,621.14,611.0,11.78,350,21.29,d,c,8400.0,1,Type D,Extended,378,669,163,High Sales / Low Footfall,6638.84,8255.86,24.36,Low Promotion Response,High Customer Value Store,Protect high spending per customer and focus on targeted footfall-building campaigns.
324,780,4436629,5687.99,5449.0,2381.86,721.73,734.0,7.69,351,41.88,a,a,13140.0,1,Type A,Basic,759,460,924,Low Sales / High Footfall,4125.98,7597.11,84.13,High Promotion Response,Conversion Improvement Priority,"Review assortment, cross-selling and promotion design because customer traffic is relatively high but sales per customer are weak."
325,779,5051539,6484.65,6279.0,1733.44,673.06,649.0,9.61,350,26.73,a,c,350.0,1,Type A,Extended,580,568,509,Low Sales / Low Footfall,5354.4,7870.01,46.98,Moderate Promotion Response,Turnaround Priority,"Conduct store-specific review of local demand, competition, assortment and promotion response before allocating further promotional resources."
326,779,3901936,5008.9,4918.0,1254.67,418.74,414.0,11.88,350,25.05,d,a,10070.0,1,Type D,Basic,908,1045,150,Low Sales / Low Footfall,4526.69,5599.96,23.71,Low Promotion Response,Turnaround Priority,"Conduct store-specific review of local demand, competition, assortment and promotion response before allocating further promotional resources."
327,777,6012573,7738.19,7280.0,1972.56,930.68,896.0,8.23,351,25.49,c,c,1390.0,0,Type C,Extended,310,218,788,High Sales / High Footfall,6679.24,9023.41,35.1,Moderate Promotion Response,Strong Core Performer,Maintain current operations and use promotions selectively to protect profitability and avoid unnecessary discounting.
328,779,3452551,4432.03,4363.0,1199.87,520.4,537.0,8.47,350,27.07,a,a,3130.0,0,Type A,Basic,1015,880,738,Low Sales / Low Footfall,3667.07,5369.65,46.43,Moderate Promotion Response,Turnaround Priority,"Conduct store-specific review of local demand, competition, assortment and promotion response before allocating further promotional resources."
329,779,5385006,6912.72,6724.0,2038.39,620.52,631.0,11.01,350,29.49,a,a,1310.0,1,Type A,Basic,497,673,262,High Sales / Low Footfall,5526.13,8612.27,55.85,High Promotion Response,High Customer Value Store,Protect high spending per customer and focus on targeted footfall-building campaigns.
330,779,3245811,4166.64,4061.0,1041.84,447.55,442.0,9.23,350,25.0,a,c,370.0,1,Type A,Extended,1046,1018,591,Low Sales / Low Footfall,3645.95,4804.85,31.79,Moderate Promotion Response,Turnaround Priority,"Conduct store-specific review of local demand, competition, assortment and promotion response before allocating further promotional resources."
331,779,4799307,6160.86,5914.0,1711.89,820.21,818.0,7.45,350,27.79,a,c,670.0,1,Type A,Extended,649,329,969,Low Sales / High Footfall,5116.04,7441.5,45.45,Moderate Promotion Response,Conversion Improvement Priority,"Review assortment, cross-selling and promotion design because customer traffic is relatively high but sales per customer are weak."
332,780,2908282,3728.57,3776.0,1278.44,501.5,528.0,7.38,351,34.29,a,a,1840.0,0,Type A,Basic,1079,919,980,Low Sales / Low Footfall,2951.93,4677.79,58.47,High Promotion Response,Turnaround Priority,"Conduct store-specific review of local demand, competition, assortment and promotion response before allocating further promotional resources."
333,784,7662181,9773.19,9454.5,2005.66,1267.11,1252.0,7.66,353,20.52,a,c,3720.0,0,Type A,Extended,105,71,936,High Sales / High Footfall,8413.48,11433.35,35.89,Moderate Promotion Response,Strong Core Performer,Maintain current operations and use promotions selectively to protect profitability and avoid unnecessary discounting.
334,779,4228712,5428.39,5225.0,1196.62,562.14,551.0,9.59,350,22.04,d,c,4040.0,1,Type D,Extended,810,789,515,Low Sales / Low Footfall,4738.74,6273.69,32.39,Moderate Promotion Response,Turnaround Priority,"Conduct store-specific review of local demand, competition, assortment and promotion response before allocating further promotional resources."
335,942,12541731,13313.94,12442.0,4762.35,2385.28,2509.5,5.5,360,35.77,b,a,90.0,1,Type B,Basic,24,9,1106,High Sales / High Footfall,10306.77,18175.53,76.35,High Promotion Response,High-Value Promotion Priority,Prioritise for regular promotions because these stores combine strong baseline performance with high promotional responsiveness.
336,780,10850316,13910.66,13047.5,3276.05,1960.31,1918.5,7.02,349,23.55,a,a,190.0,0,Type A,Basic,19,16,1038,High Sales / High Footfall,11638.87,16716.23,43.62,Moderate Promotion Response,Strong Core Performer,Maintain current operations and use promotions selectively to protect profitability and avoid unnecessary discounting.
337,781,3943779,5049.65,4955.0,1152.66,383.93,377.0,13.07,350,22.83,d,c,10600.0,1,Type D,Extended,900,1081,50,Low Sales / Low Footfall,4713.75,5463.29,15.9,Low Promotion Response,Turnaround Priority,"Conduct store-specific review of local demand, competition, assortment and promotion response before allocating further promotional resources."
338,781,5637222,7217.95,6875.0,1782.65,624.73,608.0,11.45,350,24.7,a,c,1590.0,1,Type A,Extended,415,662,205,High Sales / Low Footfall,6038.4,8670.49,43.59,Moderate Promotion Response,High Customer Value Store,Protect high spending per customer and focus on targeted footfall-building campaigns.
339,754,3881031,5147.26,4998.5,1212.1,681.16,675.0,7.49,340,23.55,a,c,2280.0,1,Type A,Extended,884,552,962,Low Sales / High Footfall,4555.31,5868.04,28.82,Low Promotion Response,Conversion Improvement Priority,"Review assortment, cross-selling and promotion design because customer traffic is relatively high but sales per customer are weak."
340,784,5084744,6485.64,6175.5,1696.9,715.04,700.5,8.98,353,26.16,a,c,8080.0,0,Type A,Extended,579,472,644,Low Sales / High Footfall,5399.73,7811.5,44.66,Moderate Promotion Response,Conversion Improvement Priority,"Review assortment, cross-selling and promotion design because customer traffic is relatively high but sales per customer are weak."
341,779,4293485,5511.53,5249.0,1298.08,750.13,729.0,7.28,350,23.55,a,a,190.0,0,Type A,Basic,789,420,998,Low Sales / High Footfall,4702.03,6503.75,38.32,Moderate Promotion Response,Conversion Improvement Priority,"Review assortment, cross-selling and promotion design because customer traffic is relatively high but sales per customer are weak."
342,621,6895670,11104.14,10835.0,2075.03,849.73,840.0,13.0,273,18.69,d,c,15770.0,1,Type D,Extended,52,293,56,High Sales / High Footfall,10022.56,12482.85,24.55,Low Promotion Response,Strong Core Performer,Maintain current operations and use promotions selectively to protect profitability and avoid unnecessary discounting.
343,779,5608306,7199.37,6781.0,2017.28,702.16,681.0,10.12,350,28.02,d,a,18650.0,1,Type D,Basic,418,503,408,High Sales / High Footfall,5957.4,8721.66,46.4,Moderate Promotion Response,Strong Core Performer,Maintain current operations and use promotions selectively to protect profitability and avoid unnecessary discounting.
344,784,6649189,8481.11,7882.0,2549.81,1139.41,1101.0,7.32,353,30.06,a,c,300.0,1,Type A,Extended,211,100,992,High Sales / High Footfall,6743.03,10603.24,57.25,High Promotion Response,High-Value Promotion Priority,Prioritise for regular promotions because these stores combine strong baseline performance with high promotional responsiveness.
345,622,2836062,4559.59,4327.0,1170.56,494.38,490.5,9.16,274,25.67,a,a,120.0,1,Type A,Basic,991,935,608,Low Sales / Low Footfall,3783.77,5544.92,46.54,Moderate Promotion Response,Turnaround Priority,"Conduct store-specific review of local demand, competition, assortment and promotion response before allocating further promotional resources."
346,779,5320960,6830.5,6623.0,1625.7,619.7,618.0,10.95,350,23.8,a,c,8090.0,0,Type A,Extended,514,675,272,High Sales / Low Footfall,5951.27,7908.19,32.88,Moderate Promotion Response,High Customer Value Store,Protect high spending per customer and focus on targeted footfall-building campaigns.
347,777,3732856,4804.19,4660.0,1106.38,386.68,378.0,12.36,348,23.03,d,c,9360.0,1,Type D,Extended,951,1077,102,Low Sales / Low Footfall,4475.83,5208.98,16.38,Low Promotion Response,Turnaround Priority,"Conduct store-specific review of local demand, competition, assortment and promotion response before allocating further promotional resources."
348,597,5255376,8802.97,8438.0,2314.29,735.56,721.0,11.85,264,26.29,a,a,16490.0,1,Type A,Basic,180,442,153,High Sales / High Footfall,8024.84,9784.48,21.93,Low Promotion Response,Strong Core Performer,Maintain current operations and use promotions selectively to protect profitability and avoid unnecessary discounting.
349,700,5711451,8159.22,7956.5,1474.62,829.59,814.5,9.8,315,18.07,c,c,1490.0,0,Type C,Extended,254,319,465,High Sales / High Footfall,7750.83,8658.36,11.71,Low Promotion Response,Strong Core Performer,Maintain current operations and use promotions selectively to protect profitability and avoid unnecessary discounting.
350,781,5477257,7013.13,6831.0,1788.84,529.41,523.0,13.13,350,25.51,d,a,8880.0,1,Type D,Basic,466,862,47,High Sales / Low Footfall,6011.03,8247.16,37.2,Moderate Promotion Response,High Customer Value Store,Protect high spending per customer and focus on targeted footfall-building campaigns.
351,779,4710510,6046.87,5745.0,1558.42,518.82,503.0,11.53,350,25.77,a,a,5290.0,1,Type A,Basic,672,884,193,Low Sales / Low Footfall,5085.48,7225.26,42.08,Moderate Promotion Response,Turnaround Priority,"Conduct store-specific review of local demand, competition, assortment and promotion response before allocating further promotional resources."
352,784,5246710,6692.23,6455.0,1401.83,636.95,620.0,10.44,353,20.95,d,c,6360.0,1,Type D,Extended,537,639,351,High Sales / Low Footfall,6097.31,7418.61,21.67,Low Promotion Response,High Customer Value Store,Protect high spending per customer and focus on targeted footfall-building campaigns.
353,930,5255773,5651.37,5528.0,1440.12,1451.09,1466.5,3.86,356,25.48,b,b,900.0,1,Type B,Extra,762,44,1114,Low Sales / High Footfall,5559.62,5799.3,4.31,Low Promotion Response,Conversion Improvement Priority,"Review assortment, cross-selling and promotion design because customer traffic is relatively high but sales per customer are weak."
354,779,6536263,8390.58,8264.0,2010.27,705.45,696.0,11.79,350,23.96,d,c,1500.0,0,Type D,Extended,227,495,159,High Sales / High Footfall,7303.2,9723.4,33.14,Moderate Promotion Response,Strong Core Performer,Maintain current operations and use promotions selectively to protect profitability and avoid unnecessary discounting.
355,784,7172668,9148.81,8940.5,2239.91,1101.66,1102.0,8.24,353,24.48,a,c,9720.0,0,Type A,Extended,155,113,781,High Sales / High Footfall,7920.67,10648.33,34.44,Moderate Promotion Response,Strong Core Performer,Maintain current operations and use promotions selectively to protect profitability and avoid unnecessary discounting.
356,777,4443882,5719.28,5552.0,1283.26,435.8,429.0,13.03,348,22.44,d,c,8970.0,1,Type D,Extended,753,1027,54,Low Sales / Low Footfall,5337.67,6189.72,15.96,Low Promotion Response,Turnaround Priority,"Conduct store-specific review of local demand, competition, assortment and promotion response before allocating further promotional resources."
357,767,5986921,7805.63,7378.0,2367.47,1018.5,989.0,7.55,347,30.33,a,a,2060.0,0,Type A,Basic,297,150,952,High Sales / High Footfall,6464.02,9429.49,45.88,Moderate Promotion Response,Strong Core Performer,Maintain current operations and use promotions selectively to protect profitability and avoid unnecessary discounting.
358,779,8028461,10306.11,9834.0,2598.26,1122.59,1087.0,9.07,350,25.21,a,a,2890.0,0,Type A,Basic,82,106,629,High Sales / High Footfall,8734.01,12233.06,40.06,Moderate Promotion Response,Strong Core Performer,Maintain current operations and use promotions selectively to protect profitability and avoid unnecessary discounting.
359,779,5337128,6851.26,6757.0,1353.84,611.95,605.0,11.14,350,19.76,d,c,4370.0,0,Type D,Extended,507,693,245,High Sales / Low Footfall,6333.89,7485.4,18.18,Low Promotion Response,High Customer Value Store,Protect high spending per customer and focus on targeted footfall-building campaigns.
360,784,5437400,6935.46,6681.5,1763.3,756.54,748.0,9.07,353,25.42,a,a,2040.0,0,Type A,Basic,491,406,628,High Sales / High Footfall,5748.77,8384.36,45.85,Moderate Promotion Response,Strong Core Performer,Maintain current operations and use promotions selectively to protect profitability and avoid unnecessary discounting.
361,780,4888169,6266.88,6169.5,1689.02,637.82,638.0,9.72,351,26.95,c,c,4490.0,1,Type C,Extended,626,636,477,Low Sales / Low Footfall,5251.92,7507.4,42.95,Moderate Promotion Response,Turnaround Priority,"Conduct store-specific review of local demand, competition, assortment and promotion response before allocating further promotional resources."
362,781,7323168,9376.66,9042.0,2098.24,1150.62,1126.0,8.1,350,22.38,c,c,340.0,0,Type C,Extended,133,95,822,High Sales / High Footfall,8208.6,10815.03,31.75,Moderate Promotion Response,Strong Core Performer,Maintain current operations and use promotions selectively to protect profitability and avoid unnecessary discounting.
363,784,5593213,7134.2,6940.5,1449.78,937.09,921.0,7.56,353,20.32,a,a,250.0,0,Type A,Basic,432,216,949,High Sales / High Footfall,6251.0,8212.55,31.38,Moderate Promotion Response,Strong Core Performer,Maintain current operations and use promotions selectively to protect profitability and avoid unnecessary discounting.
364,769,3510451,4564.96,4570.0,1438.97,569.1,587.0,7.91,346,31.52,a,c,13620.0,1,Type A,Extended,988,776,871,Low Sales / Low Footfall,3881.33,5400.72,39.15,Moderate Promotion Response,Turnaround Priority,"Conduct store-specific review of local demand, competition, assortment and promotion response before allocating further promotional resources."
365,621,3378609,5440.59,5383.0,1372.92,587.21,587.0,9.16,274,25.23,c,a,2410.0,1,Type C,Basic,808,738,607,Low Sales / Low Footfall,4659.78,6429.44,37.98,Moderate Promotion Response,Turnaround Priority,"Conduct store-specific review of local demand, competition, assortment and promotion response before allocating further promotional resources."
366,780,4833475,6196.76,6004.5,2209.0,600.93,607.0,10.16,351,35.65,d,c,6470.0,0,Type D,Extended,645,710,400,Low Sales / Low Footfall,4807.53,7894.71,64.22,High Promotion Response,Turnaround Priority,"Conduct store-specific review of local demand, competition, assortment and promotion response before allocating further promotional resources."
367,784,4119323,5254.24,5060.5,1508.32,542.79,529.0,9.53,353,28.71,d,c,2640.0,0,Type D,Extended,854,833,530,Low Sales / Low Footfall,4285.72,6436.76,50.19,Moderate Promotion Response,Turnaround Priority,"Conduct store-specific review of local demand, competition, assortment and promotion response before allocating further promotional resources."
368,777,7526231,9686.27,9022.0,3155.42,712.88,694.0,13.32,348,32.58,d,c,1450.0,1,Type D,Extended,112,481,38,High Sales / High Footfall,7544.29,12326.81,63.39,High Promotion Response,High-Value Promotion Priority,Prioritise for regular promotions because these stores combine strong baseline performance with high promotional responsiveness.
369,781,5354973,6856.56,6806.0,1474.6,577.29,570.0,11.81,350,21.51,d,c,5870.0,0,Type D,Extended,506,757,156,High Sales / Low Footfall,6250.12,7603.35,21.65,Low Promotion Response,High Customer Value Store,Protect high spending per customer and focus on targeted footfall-building campaigns.
370,779,5959072,7649.64,7339.0,1835.78,635.63,625.0,11.93,350,24.0,d,a,8250.0,1,Type D,Basic,329,645,143,High Sales / Low Footfall,6554.83,8991.57,37.17,Moderate Promotion Response,High Customer Value Store,Protect high spending per customer and focus on targeted footfall-building campaigns.
371,781,5380900,6889.76,6609.0,1886.91,544.41,535.0,12.49,350,27.39,d,c,1970.0,1,Type D,Extended,500,828,94,High Sales / Low Footfall,5727.25,8321.3,45.29,Moderate Promotion Response,High Customer Value Store,Protect high spending per customer and focus on targeted footfall-building campaigns.
372,779,6844455,8786.21,8347.0,2186.75,759.3,734.0,11.45,350,24.89,d,c,4880.0,1,Type D,Extended,184,400,203,High Sales / High Footfall,7498.42,10364.67,38.22,Moderate Promotion Response,Strong Core Performer,Maintain current operations and use promotions selectively to protect profitability and avoid unnecessary discounting.
373,777,3520201,4530.5,4419.0,1067.01,316.54,310.0,14.22,348,23.55,d,c,11120.0,1,Type D,Extended,1002,1108,11,Low Sales / Low Footfall,4140.19,5011.66,21.05,Low Promotion Response,Turnaround Priority,"Conduct store-specific review of local demand, competition, assortment and promotion response before allocating further promotional resources."
374,784,5495584,7009.67,7028.5,1790.97,829.74,855.0,8.43,353,25.55,a,a,1150.0,0,Type A,Basic,468,317,748,High Sales / High Footfall,5841.41,8436.08,44.42,Moderate Promotion Response,Strong Core Performer,Maintain current operations and use promotions selectively to protect profitability and avoid unnecessary discounting.
375,780,7148220,9164.38,8849.0,3642.62,758.98,764.0,11.86,351,39.75,a,c,15710.0,1,Type A,Extended,154,401,151,High Sales / High Footfall,6694.87,12182.68,81.97,High Promotion Response,High-Value Promotion Priority,Prioritise for regular promotions because these stores combine strong baseline performance with high promotional responsiveness.
376,774,6548133,8460.12,7998.5,2340.73,949.96,931.0,8.8,349,27.67,a,a,160.0,0,Type A,Basic,215,204,684,High Sales / High Footfall,6929.58,10323.95,48.98,Moderate Promotion Response,Strong Core Performer,Maintain current operations and use promotions selectively to protect profitability and avoid unnecessary discounting.
377,784,6129725,7818.53,7425.0,2148.59,969.41,948.0,7.98,353,27.48,a,c,100.0,1,Type A,Extended,295,185,857,High Sales / High Footfall,6687.46,9199.52,37.56,Moderate Promotion Response,Strong Core Performer,Maintain current operations and use promotions selectively to protect profitability and avoid unnecessary discounting.
378,779,4927020,6324.8,5994.0,1814.7,970.16,946.0,6.47,350,28.69,a,c,2140.0,0,Type A,Extended,610,183,1078,Low Sales / High Footfall,5651.67,7149.87,26.51,Low Promotion Response,Conversion Improvement Priority,"Review assortment, cross-selling and promotion design because customer traffic is relatively high but sales per customer are weak."
379,784,3059341,3902.22,3733.0,1003.22,467.54,463.0,8.26,353,25.71,d,a,6630.0,0,Type D,Basic,1063,983,776,Low Sales / Low Footfall,3236.98,4714.46,45.64,Moderate Promotion Response,Turnaround Priority,"Conduct store-specific review of local demand, competition, assortment and promotion response before allocating further promotional resources."
380,779,11261676,14456.58,14049.0,3410.09,1380.46,1354.0,10.38,350,23.59,a,a,2240.0,1,Type A,Basic,17,51,361,High Sales / High Footfall,12334.92,17057.13,38.28,Moderate Promotion Response,Strong Core Performer,Maintain current operations and use promotions selectively to protect profitability and avoid unnecessary discounting.
381,780,7021213,9001.56,9003.0,2489.58,965.19,1006.5,9.31,351,27.66,a,a,1800.0,1,Type A,Basic,166,188,572,High Sales / High Footfall,7450.28,10897.56,46.27,Moderate Promotion Response,Strong Core Performer,Maintain current operations and use promotions selectively to protect profitability and avoid unnecessary discounting.
382,780,6228961,7985.85,7578.5,2457.93,651.24,628.0,12.07,351,30.78,c,c,26130.0,0,Type C,Extended,276,608,127,High Sales / Low Footfall,6376.52,9952.81,56.09,High Promotion Response,High Customer Value Store,Protect high spending per customer and focus on targeted footfall-building campaigns.
383,780,13489879,17294.72,17039.5,2785.81,2205.45,2199.5,7.81,349,16.11,a,c,350.0,0,Type A,Extended,9,13,898,High Sales / High Footfall,15738.97,19216.0,22.09,Low Promotion Response,Strong Core Performer,Maintain current operations and use promotions selectively to protect profitability and avoid unnecessary discounting.
384,782,6937572,8871.58,8468.0,2967.19,998.86,993.5,8.76,353,33.45,a,c,130.0,1,Type A,Extended,176,166,687,High Sales / High Footfall,7179.57,10927.86,52.21,High Promotion Response,High-Value Promotion Priority,Prioritise for regular promotions because these stores combine strong baseline performance with high promotional responsiveness.
385,622,4570779,7348.52,7265.5,2045.16,654.55,655.5,11.08,274,27.83,d,a,4580.0,0,Type D,Basic,380,600,251,High Sales / Low Footfall,6083.53,8955.15,47.2,Moderate Promotion Response,High Customer Value Store,Protect high spending per customer and focus on targeted footfall-building campaigns.
386,779,6255013,8029.54,7388.0,2479.45,645.4,618.0,12.24,350,30.88,d,c,1460.0,1,Type D,Extended,268,618,117,High Sales / Low Footfall,6641.98,9730.3,46.5,Moderate Promotion Response,High Customer Value Store,Protect high spending per customer and focus on targeted footfall-building campaigns.
387,765,7171744,9374.83,8831.0,2781.83,1197.36,1164.0,7.71,343,29.67,c,a,210.0,1,Type C,Basic,134,84,920,High Sales / High Footfall,7615.68,11539.14,51.52,Moderate Promotion Response,Strong Core Performer,Maintain current operations and use promotions selectively to protect profitability and avoid unnecessary discounting.
388,779,7990920,10257.92,9541.0,2507.25,1096.45,1070.0,9.27,350,24.44,a,a,2260.0,0,Type A,Basic,84,116,580,High Sales / High Footfall,8566.47,12331.16,43.95,Moderate Promotion Response,Strong Core Performer,Maintain current operations and use promotions selectively to protect profitability and avoid unnecessary discounting.
389,784,8104523,10337.4,10176.0,2327.8,1265.41,1277.0,8.1,353,22.52,a,c,6690.0,0,Type A,Extended,81,72,819,High Sales / High Footfall,8831.01,12176.65,37.89,Moderate Promotion Response,Strong Core Performer,Maintain current operations and use promotions selectively to protect profitability and avoid unnecessary discounting.
390,780,9023552,11568.66,11037.5,2693.73,1067.39,1040.5,10.74,353,23.28,a,c,1600.0,0,Type A,Extended,42,129,300,High Sales / High Footfall,9787.37,13723.35,40.21,Moderate Promotion Response,Strong Core Performer,Maintain current operations and use promotions selectively to protect profitability and avoid unnecessary discounting.
391,767,4392619,5727.01,5588.0,1974.55,691.43,700.0,8.19,345,34.48,a,a,460.0,1,Type A,Basic,752,529,795,Low Sales / High Footfall,4495.58,7233.29,60.9,High Promotion Response,Conversion Improvement Priority,"Review assortment, cross-selling and promotion design because customer traffic is relatively high but sales per customer are weak."
392,779,5670675,7279.43,6902.0,2305.29,718.08,721.0,10.0,350,31.67,a,a,2120.0,0,Type A,Basic,397,464,433,High Sales / High Footfall,5757.18,9145.27,58.85,High Promotion Response,High-Value Promotion Priority,Prioritise for regular promotions because these stores combine strong baseline performance with high promotional responsiveness.
393,779,4598489,5903.07,5693.0,1529.76,587.26,578.0,9.96,350,25.91,d,c,4820.0,0,Type D,Extended,707,737,438,Low Sales / Low Footfall,5064.28,6931.19,36.86,Moderate Promotion Response,Turnaround Priority,"Conduct store-specific review of local demand, competition, assortment and promotion response before allocating further promotional resources."
394,781,6523885,8353.25,8200.0,1982.51,661.87,661.0,12.52,350,23.73,d,a,10850.0,0,Type D,Basic,232,585,91,High Sales / Low Footfall,7273.1,9683.37,33.14,Moderate Promotion Response,High Customer Value Store,Protect high spending per customer and focus on targeted footfall-building campaigns.
395,779,3107536,3989.13,3906.0,1018.14,519.65,526.0,7.62,350,25.52,a,a,3620.0,0,Type A,Basic,1059,883,942,Low Sales / Low Footfall,3393.71,4718.95,39.05,Moderate Promotion Response,Turnaround Priority,"Conduct store-specific review of local demand, competition, assortment and promotion response before allocating further promotional resources."
396,780,7973232,10222.09,9842.5,3455.9,1077.91,1091.5,9.44,351,33.81,a,c,23130.0,0,Type A,Extended,88,125,539,High Sales / High Footfall,8149.48,12755.28,56.52,High Promotion Response,High-Value Promotion Priority,Prioritise for regular promotions because these stores combine strong baseline performance with high promotional responsiveness.
397,779,4342834,5574.88,5116.0,1692.93,750.22,722.0,7.31,350,30.37,a,c,130.0,1,Type A,Extended,771,419,993,Low Sales / High Footfall,4517.68,6870.71,52.09,High Promotion Response,Conversion Improvement Priority,"Review assortment, cross-selling and promotion design because customer traffic is relatively high but sales per customer are weak."
398,784,4309274,5496.52,5353.5,1497.71,614.62,608.0,8.83,353,27.25,c,c,1540.0,1,Type C,Extended,796,687,681,Low Sales / Low Footfall,4632.58,6551.37,41.42,Moderate Promotion Response,Turnaround Priority,"Conduct store-specific review of local demand, competition, assortment and promotion response before allocating further promotional resources."
399,622,3457604,5558.85,5307.0,1253.1,564.98,551.5,9.75,274,22.54,a,a,5360.0,1,Type A,Basic,776,783,469,Low Sales / Low Footfall,4837.25,6475.33,33.86,Moderate Promotion Response,Turnaround Priority,"Conduct store-specific review of local demand, competition, assortment and promotion response before allocating further promotional resources."
400,782,6839152,8745.72,8094.5,2797.01,1200.65,1165.0,7.15,353,31.98,a,a,70.0,1,Type A,Basic,186,82,1021,High Sales / High Footfall,6868.84,11026.68,60.53,High Promotion Response,High-Value Promotion Priority,Prioritise for regular promotions because these stores combine strong baseline performance with high promotional responsiveness.
401,780,5480695,7026.53,6825.0,2550.7,646.84,673.0,10.82,352,36.3,a,c,9200.0,1,Type A,Extended,460,616,288,High Sales / Low Footfall,5463.43,8927.12,63.4,High Promotion Response,High Customer Value Store,Protect high spending per customer and focus on targeted footfall-building campaigns.
402,780,4569233,5857.99,5687.0,1617.13,615.43,593.0,9.44,351,27.61,c,c,5830.0,1,Type C,Extended,718,685,541,Low Sales / Low Footfall,5240.41,6612.81,26.19,Low Promotion Response,Turnaround Priority,"Conduct store-specific review of local demand, competition, assortment and promotion response before allocating further promotional resources."
403,779,5817980,7468.52,7378.0,1821.01,736.69,743.0,10.07,350,24.38,a,a,4970.0,0,Type A,Basic,359,441,421,High Sales / High Footfall,6300.93,8899.66,41.24,Moderate Promotion Response,Strong Core Performer,Maintain current operations and use promotions selectively to protect profitability and avoid unnecessary discounting.
404,759,3631985,4785.22,4674.0,1441.36,571.31,592.0,8.34,338,30.12,a,c,1420.0,1,Type A,Extended,953,772,764,Low Sales / Low Footfall,3941.69,5835.9,48.06,Moderate Promotion Response,Turnaround Priority,"Conduct store-specific review of local demand, competition, assortment and promotion response before allocating further promotional resources."
405,779,3521625,4520.7,3942.0,1662.67,487.7,461.0,9.05,350,36.78,a,a,1080.0,1,Type A,Basic,1005,950,636,Low Sales / Low Footfall,3332.5,5977.1,79.36,High Promotion Response,Turnaround Priority,"Conduct store-specific review of local demand, competition, assortment and promotion response before allocating further promotional resources."
406,779,4760515,6111.06,5941.0,1739.14,474.06,469.0,12.74,350,28.46,d,c,8240.0,1,Type D,Extended,659,972,77,Low Sales / Low Footfall,5413.63,6965.91,28.67,Low Promotion Response,Turnaround Priority,"Conduct store-specific review of local demand, competition, assortment and promotion response before allocating further promotional resources."
407,622,2417555,3886.74,3805.0,921.73,314.65,311.0,12.27,274,23.71,a,a,5890.0,1,Type A,Basic,1067,1109,114,Low Sales / Low Footfall,3434.06,4461.68,29.92,Moderate Promotion Response,Turnaround Priority,"Conduct store-specific review of local demand, competition, assortment and promotion response before allocating further promotional resources."
408,777,3673481,4727.77,4669.0,1101.11,465.06,460.0,10.07,348,23.29,c,a,1560.0,1,Type C,Basic,967,986,422,Low Sales / Low Footfall,4072.44,5535.64,35.93,Moderate Promotion Response,Turnaround Priority,"Conduct store-specific review of local demand, competition, assortment and promotion response before allocating further promotional resources."
409,781,4316867,5527.36,5359.0,1250.02,543.68,538.0,10.08,350,22.62,d,c,840.0,1,Type D,Extended,785,832,418,Low Sales / Low Footfall,4774.3,6454.7,35.2,Moderate Promotion Response,Turnaround Priority,"Conduct store-specific review of local demand, competition, assortment and promotion response before allocating further promotional resources."
410,779,5019781,6443.88,5954.0,1959.06,802.21,772.0,7.89,350,30.4,c,a,40.0,1,Type C,Basic,591,349,876,Low Sales / High Footfall,5099.52,8091.67,58.68,High Promotion Response,Conversion Improvement Priority,"Review assortment, cross-selling and promotion design because customer traffic is relatively high but sales per customer are weak."
411,781,7133158,9133.36,8794.0,2312.21,700.85,692.0,12.9,350,25.32,d,c,8460.0,0,Type D,Extended,157,508,69,High Sales / High Footfall,7810.89,10761.9,37.78,Moderate Promotion Response,Strong Core Performer,Maintain current operations and use promotions selectively to protect profitability and avoid unnecessary discounting.
412,622,5661520,9102.12,8715.5,2140.59,644.72,614.0,14.07,274,23.52,d,c,4460.0,1,Type D,Extended,158,619,15,High Sales / Low Footfall,8734.65,9568.84,9.55,Low Promotion Response,High Customer Value Store,Protect high spending per customer and focus on targeted footfall-building campaigns.
413,622,4390211,7058.22,6959.0,1687.91,890.02,901.5,7.89,274,23.91,a,c,760.0,0,Type A,Extended,450,250,875,High Sales / High Footfall,6010.73,8388.6,39.56,Moderate Promotion Response,Strong Core Performer,Maintain current operations and use promotions selectively to protect profitability and avoid unnecessary discounting.
414,781,5020250,6427.98,6273.0,1418.24,484.14,472.0,13.22,350,22.06,d,c,6210.0,1,Type D,Extended,594,959,43,Low Sales / Low Footfall,6010.44,6942.15,15.5,Low Promotion Response,Turnaround Priority,"Conduct store-specific review of local demand, competition, assortment and promotion response before allocating further promotional resources."
415,780,4863171,6234.83,6070.0,1411.53,521.28,513.0,11.88,351,22.64,d,c,6910.0,0,Type D,Extended,635,877,149,Low Sales / Low Footfall,5593.93,7018.16,25.46,Low Promotion Response,Turnaround Priority,"Conduct store-specific review of local demand, competition, assortment and promotion response before allocating further promotional resources."
416,784,8633413,11012.01,10534.0,2339.85,1398.39,1370.0,7.81,353,21.25,a,c,4650.0,0,Type A,Extended,57,46,896,High Sales / High Footfall,9623.97,12706.74,32.03,Moderate Promotion Response,Strong Core Performer,Maintain current operations and use promotions selectively to protect profitability and avoid unnecessary discounting.
417,779,5946326,7633.28,7245.0,2074.76,804.0,786.0,9.39,350,27.18,a,c,840.0,1,Type A,Extended,334,347,551,High Sales / High Footfall,6215.27,9371.36,50.78,Moderate Promotion Response,Strong Core Performer,Maintain current operations and use promotions selectively to protect profitability and avoid unnecessary discounting.
418,776,4094061,5275.85,5122.5,1839.63,551.55,560.0,9.43,348,34.87,a,a,1060.0,1,Type A,Basic,848,815,543,Low Sales / Low Footfall,4033.95,6803.24,68.65,High Promotion Response,Turnaround Priority,"Conduct store-specific review of local demand, competition, assortment and promotion response before allocating further promotional resources."
419,784,4163948,5311.16,5063.5,1317.93,852.06,839.0,6.17,353,24.81,c,a,1620.0,0,Type C,Basic,840,290,1097,Low Sales / High Footfall,4519.76,6277.42,38.89,Moderate Promotion Response,Conversion Improvement Priority,"Review assortment, cross-selling and promotion design because customer traffic is relatively high but sales per customer are weak."
420,622,2824092,4540.34,4384.5,1070.65,403.19,395.0,11.16,274,23.58,d,c,250.0,1,Type D,Extended,996,1061,243,Low Sales / Low Footfall,4129.73,5061.84,22.57,Low Promotion Response,Turnaround Priority,"Conduct store-specific review of local demand, competition, assortment and promotion response before allocating further promotional resources."
421,784,7517189,9588.25,9040.0,2796.39,1014.39,962.5,9.36,353,29.16,c,c,3530.0,1,Type C,Extended,116,156,556,High Sales / High Footfall,9287.27,9955.74,7.2,Low Promotion Response,Strong Core Performer,Maintain current operations and use promotions selectively to protect profitability and avoid unnecessary discounting.
422,784,3574303,4559.06,4435.0,903.01,464.52,454.0,9.77,353,19.81,a,c,2880.0,0,Type A,Extended,992,987,467,Low Sales / Low Footfall,4138.0,5073.16,22.6,Low Promotion Response,Turnaround Priority,"Conduct store-specific review of local demand, competition, assortment and promotion response before allocating further promotional resources."
423,942,10200356,10828.4,10484.0,2167.68,1886.13,1850.0,5.74,360,20.02,b,a,1270.0,0,Type B,Basic,61,18,1104,High Sales / High Footfall,10453.68,11434.21,9.38,Low Promotion Response,Strong Core Performer,Maintain current operations and use promotions selectively to protect profitability and avoid unnecessary discounting.
424,779,5395164,6925.76,6587.0,1622.79,773.42,759.0,8.87,350,23.43,d,c,1250.0,1,Type D,Extended,494,387,675,High Sales / High Footfall,6231.48,7776.74,24.8,Low Promotion Response,Strong Core Performer,Maintain current operations and use promotions selectively to protect profitability and avoid unnecessary discounting.
425,776,2512424,3237.66,3153.0,897.19,434.38,437.0,7.39,348,27.71,d,c,1460.0,0,Type D,Extended,1106,1028,979,Low Sales / Low Footfall,2705.16,3892.57,43.89,Moderate Promotion Response,Turnaround Priority,"Conduct store-specific review of local demand, competition, assortment and promotion response before allocating further promotional resources."
426,779,3948281,5068.4,4645.0,1460.6,633.84,618.0,7.88,350,28.82,a,a,250.0,0,Type A,Basic,898,650,879,Low Sales / Low Footfall,4054.72,6310.87,55.64,High Promotion Response,Turnaround Priority,"Conduct store-specific review of local demand, competition, assortment and promotion response before allocating further promotional resources."
427,623,4761741,7643.24,6853.0,2386.49,771.09,732.0,9.73,275,31.22,a,c,70.0,1,Type A,Extended,331,390,474,High Sales / High Footfall,6041.57,9670.09,60.06,High Promotion Response,High-Value Promotion Priority,Prioritise for regular promotions because these stores combine strong baseline performance with high promotional responsiveness.
428,622,3910828,6287.5,6074.0,1348.44,526.58,515.0,11.88,274,21.45,d,a,2960.0,1,Type D,Basic,618,865,148,Low Sales / Low Footfall,5645.42,7103.0,25.82,Low Promotion Response,Turnaround Priority,"Conduct store-specific review of local demand, competition, assortment and promotion response before allocating further promotional resources."
429,622,3309752,5321.14,5139.5,1330.24,429.43,422.0,12.28,274,25.0,d,c,16350.0,1,Type D,Extended,837,1035,112,Low Sales / Low Footfall,4609.86,6224.53,35.03,Moderate Promotion Response,Turnaround Priority,"Conduct store-specific review of local demand, competition, assortment and promotion response before allocating further promotional resources."
430,622,5369397,8632.47,8408.0,1845.16,699.91,684.0,12.27,274,21.37,d,c,12870.0,0,Type D,Extended,200,511,115,High Sales / High Footfall,7827.09,9655.36,23.36,Low Promotion Response,Strong Core Performer,Maintain current operations and use promotions selectively to protect profitability and avoid unnecessary discounting.
431,779,7419918,9524.93,9259.0,1992.21,1002.45,981.0,9.44,350,20.92,d,c,4520.0,0,Type D,Extended,119,163,542,High Sales / High Footfall,8427.85,10869.63,28.97,Low Promotion Response,Strong Core Performer,Maintain current operations and use promotions selectively to protect profitability and avoid unnecessary discounting.
432,784,8610571,10982.87,11065.0,2423.34,1554.73,1613.5,7.05,353,22.06,a,a,810.0,0,Type A,Basic,58,38,1032,High Sales / High Footfall,9400.26,12915.19,37.39,Moderate Promotion Response,Strong Core Performer,Maintain current operations and use promotions selectively to protect profitability and avoid unnecessary discounting.
433,862,4621066,5360.87,5407.0,1854.68,615.73,641.0,8.54,353,34.6,a,c,30030.0,0,Type A,Extended,824,682,724,Low Sales / Low Footfall,4340.79,6831.74,57.38,High Promotion Response,Turnaround Priority,"Conduct store-specific review of local demand, competition, assortment and promotion response before allocating further promotional resources."
434,622,6160800,9904.82,9849.5,2056.4,741.66,732.0,13.31,274,20.76,a,a,13020.0,1,Type A,Basic,97,431,39,High Sales / High Footfall,9320.77,10646.61,14.22,Low Promotion Response,Strong Core Performer,Maintain current operations and use promotions selectively to protect profitability and avoid unnecessary discounting.
435,779,2553322,3277.69,3146.0,893.43,384.16,385.0,8.49,350,27.26,a,a,910.0,0,Type A,Basic,1103,1080,734,Low Sales / Low Footfall,2738.42,3938.68,43.83,Moderate Promotion Response,Turnaround Priority,"Conduct store-specific review of local demand, competition, assortment and promotion response before allocating further promotional resources."
436,780,4297398,5509.48,5311.5,1524.18,616.74,613.5,8.83,352,27.66,d,a,2300.0,0,Type D,Basic,793,681,680,Low Sales / Low Footfall,4510.03,6724.74,49.11,Moderate Promotion Response,Turnaround Priority,"Conduct store-specific review of local demand, competition, assortment and promotion response before allocating further promotional resources."
437,780,5746040,7366.72,7019.0,2410.91,726.94,675.0,10.12,352,32.73,c,c,430.0,1,Type C,Extended,377,457,407,High Sales / High Footfall,6825.61,8024.66,17.57,Low Promotion Response,Strong Core Performer,Maintain current operations and use promotions selectively to protect profitability and avoid unnecessary discounting.
438,780,4019904,5153.72,4762.0,1724.73,524.33,505.5,9.63,352,33.47,d,c,1110.0,1,Type D,Extended,882,871,500,Low Sales / Low Footfall,4036.75,6511.86,61.31,High Promotion Response,Turnaround Priority,"Conduct store-specific review of local demand, competition, assortment and promotion response before allocating further promotional resources."
439,784,5719235,7294.94,6912.5,1964.49,885.14,857.0,8.13,353,26.93,a,a,1350.0,0,Type A,Basic,394,253,808,High Sales / High Footfall,6058.47,8804.63,45.33,Moderate Promotion Response,Strong Core Performer,Maintain current operations and use promotions selectively to protect profitability and avoid unnecessary discounting.
440,777,4006273,5156.08,5002.0,1344.91,588.96,598.0,8.67,348,26.08,d,a,3900.0,1,Type D,Basic,877,732,703,Low Sales / Low Footfall,4301.43,6209.65,44.36,Moderate Promotion Response,Turnaround Priority,"Conduct store-specific review of local demand, competition, assortment and promotion response before allocating further promotional resources."
441,779,4929786,6328.35,6259.0,1527.86,699.65,696.0,8.96,350,24.14,d,a,2530.0,0,Type D,Basic,609,513,653,Low Sales / High Footfall,5584.01,7240.71,29.67,Moderate Promotion Response,Conversion Improvement Priority,"Review assortment, cross-selling and promotion design because customer traffic is relatively high but sales per customer are weak."
442,777,3402587,4379.13,4386.0,1280.74,461.34,460.0,9.35,348,29.25,c,a,500.0,1,Type C,Basic,1021,989,561,Low Sales / Low Footfall,3701.44,5214.56,40.88,Moderate Promotion Response,Turnaround Priority,"Conduct store-specific review of local demand, competition, assortment and promotion response before allocating further promotional resources."
443,780,4095855,5251.1,5021.0,1516.32,488.86,481.5,10.6,352,28.88,d,a,11400.0,0,Type D,Basic,857,946,323,Low Sales / Low Footfall,4261.17,6454.76,51.48,Moderate Promotion Response,Turnaround Priority,"Conduct store-specific review of local demand, competition, assortment and promotion response before allocating further promotional resources."
444,777,9470625,12188.71,11686.0,3275.13,1423.12,1343.0,8.56,349,26.87,c,a,1700.0,0,Type C,Basic,34,45,722,High Sales / High Footfall,11917.11,12521.79,5.07,Low Promotion Response,Strong Core Performer,Maintain current operations and use promotions selectively to protect profitability and avoid unnecessary discounting.
445,776,6673717,8600.15,8420.5,2038.3,1356.87,1300.0,6.38,348,23.7,a,a,240.0,0,Type A,Basic,201,53,1086,High Sales / High Footfall,8295.21,8975.19,8.2,Low Promotion Response,Strong Core Performer,Maintain current operations and use promotions selectively to protect profitability and avoid unnecessary discounting.
446,779,3842157,4932.17,4743.0,1673.11,635.06,652.0,7.7,350,33.92,a,a,340.0,1,Type A,Basic,920,648,921,Low Sales / Low Footfall,3795.93,6324.86,66.62,High Promotion Response,Turnaround Priority,"Conduct store-specific review of local demand, competition, assortment and promotion response before allocating further promotional resources."
447,784,4161176,5307.62,5108.5,927.56,619.39,608.0,8.53,353,17.48,a,c,1510.0,0,Type A,Extended,841,676,726,Low Sales / Low Footfall,4885.38,5823.16,19.2,Low Promotion Response,Turnaround Priority,"Conduct store-specific review of local demand, competition, assortment and promotion response before allocating further promotional resources."
448,779,6609087,8484.07,8245.0,2272.5,741.92,748.0,11.37,350,26.79,a,c,3970.0,0,Type A,Extended,210,430,217,High Sales / High Footfall,7046.23,10246.44,45.42,Moderate Promotion Response,Strong Core Performer,Maintain current operations and use promotions selectively to protect profitability and avoid unnecessary discounting.
449,781,8789176,11253.75,10697.0,2886.89,1534.93,1520.0,7.26,350,25.65,a,c,120.0,1,Type A,Extended,47,39,1002,High Sales / High Footfall,9465.81,13455.47,42.15,Moderate Promotion Response,Strong Core Performer,Maintain current operations and use promotions selectively to protect profitability and avoid unnecessary discounting.
450,777,6830229,8790.51,8709.0,2158.51,1089.9,1046.0,8.07,348,24.56,c,a,5780.0,1,Type C,Basic,182,120,831,High Sales / High Footfall,7898.89,9889.67,25.2,Low Promotion Response,Strong Core Performer,Maintain current operations and use promotions selectively to protect profitability and avoid unnecessary discounting.
451,781,4248112,5439.32,5254.0,1138.39,458.66,448.0,11.78,350,20.93,a,a,2460.0,1,Type A,Basic,809,994,162,Low Sales / Low Footfall,4795.7,6231.9,29.95,Moderate Promotion Response,Turnaround Priority,"Conduct store-specific review of local demand, competition, assortment and promotion response before allocating further promotional resources."
452,784,4037476,5149.84,5024.0,1698.76,478.33,478.5,10.63,353,32.99,a,c,1850.0,1,Type A,Extended,883,966,314,Low Sales / Low Footfall,4030.6,6516.4,61.67,High Promotion Response,Turnaround Priority,"Conduct store-specific review of local demand, competition, assortment and promotion response before allocating further promotional resources."
453,887,6896821,7775.45,7259.0,2834.78,914.57,839.0,8.5,354,36.46,a,c,75860.0,0,Type A,Extended,301,230,731,High Sales / High Footfall,6918.3,9066.0,31.04,Moderate Promotion Response,Strong Core Performer,Maintain current operations and use promotions selectively to protect profitability and avoid unnecessary discounting.
454,780,4519416,5794.12,5863.5,2253.15,706.58,754.0,8.14,351,38.89,a,a,26450.0,0,Type A,Basic,728,491,806,Low Sales / High Footfall,4371.07,7533.41,72.35,High Promotion Response,Conversion Improvement Priority,"Review assortment, cross-selling and promotion design because customer traffic is relatively high but sales per customer are weak."
455,777,5727571,7371.39,7130.0,1866.64,463.23,453.0,15.76,348,25.32,d,c,7660.0,0,Type D,Extended,376,988,3,High Sales / Low Footfall,7010.52,7816.25,11.49,Low Promotion Response,High Customer Value Store,Protect high spending per customer and focus on targeted footfall-building campaigns.
456,779,4822447,6190.56,5833.0,1651.38,895.32,866.0,6.84,350,26.68,a,c,140.0,0,Type A,Extended,646,247,1053,Low Sales / High Footfall,5175.12,7435.2,43.67,Moderate Promotion Response,Conversion Improvement Priority,"Review assortment, cross-selling and promotion design because customer traffic is relatively high but sales per customer are weak."
457,622,3010824,4840.55,4647.5,1272.3,432.69,421.5,11.08,274,26.28,d,c,13140.0,1,Type D,Extended,941,1030,252,Low Sales / Low Footfall,4228.15,5618.35,32.88,Moderate Promotion Response,Turnaround Priority,"Conduct store-specific review of local demand, competition, assortment and promotion response before allocating further promotional resources."
458,781,5921634,7582.12,7427.0,1863.49,702.67,681.0,10.72,350,24.58,c,a,3390.0,0,Type C,Basic,342,500,302,High Sales / High Footfall,7032.64,8258.76,17.43,Low Promotion Response,Strong Core Performer,Maintain current operations and use promotions selectively to protect profitability and avoid unnecessary discounting.
459,784,7194572,9176.75,8620.5,2907.58,1130.2,1117.0,8.01,353,31.68,a,a,250.0,1,Type A,Basic,153,102,849,High Sales / High Footfall,7156.81,11643.02,62.68,High Promotion Response,High-Value Promotion Priority,Prioritise for regular promotions because these stores combine strong baseline performance with high promotional responsiveness.
460,780,2914087,3736.01,3578.5,1519.83,345.28,352.0,10.63,351,40.68,a,a,34050.0,0,Type A,Basic,1078,1101,315,Low Sales / Low Footfall,2739.63,4953.8,80.82,High Promotion Response,Turnaround Priority,"Conduct store-specific review of local demand, competition, assortment and promotion response before allocating further promotional resources."
461,777,3759643,4838.67,4739.0,1255.14,476.53,469.0,10.06,348,25.94,d,c,1790.0,1,Type D,Extended,942,969,424,Low Sales / Low Footfall,4378.55,5405.88,23.46,Low Promotion Response,Turnaround Priority,"Conduct store-specific review of local demand, competition, assortment and promotion response before allocating further promotional resources."
462,780,3769419,4832.59,4764.0,1633.89,606.22,627.5,7.89,351,33.81,a,a,44320.0,0,Type A,Basic,943,700,878,Low Sales / Low Footfall,3856.38,6025.74,56.25,High Promotion Response,Turnaround Priority,"Conduct store-specific review of local demand, competition, assortment and promotion response before allocating further promotional resources."
463,779,4747749,6094.67,5939.0,1704.53,969.43,979.0,6.25,350,27.97,a,a,4160.0,0,Type A,Basic,661,184,1092,Low Sales / High Footfall,4954.9,7491.7,51.2,Moderate Promotion Response,Conversion Improvement Priority,"Review assortment, cross-selling and promotion design because customer traffic is relatively high but sales per customer are weak."
464,784,8343864,10642.68,10254.0,2456.57,1305.59,1247.0,8.14,353,23.08,c,a,520.0,0,Type C,Basic,72,61,807,High Sales / High Footfall,10231.86,11144.29,8.92,Low Promotion Response,Strong Core Performer,Maintain current operations and use promotions selectively to protect profitability and avoid unnecessary discounting.
465,781,6062752,7762.81,7519.0,2044.87,604.69,596.0,12.69,350,26.34,d,c,10890.0,0,Type D,Extended,304,703,81,High Sales / Low Footfall,6588.43,9208.97,39.77,Moderate Promotion Response,High Customer Value Store,Protect high spending per customer and focus on targeted footfall-building campaigns.
466,779,6007933,7712.37,7421.0,2532.5,755.76,761.0,10.1,350,32.84,a,c,3110.0,0,Type A,Extended,319,409,412,High Sales / High Footfall,5933.19,9893.13,66.74,High Promotion Response,High-Value Promotion Priority,Prioritise for regular promotions because these stores combine strong baseline performance with high promotional responsiveness.
467,779,10501035,13480.15,13007.0,2912.62,1613.65,1587.0,8.31,350,21.61,a,c,20390.0,0,Type A,Extended,23,31,770,High Sales / High Footfall,12237.87,15002.82,22.59,Low Promotion Response,Strong Core Performer,Maintain current operations and use promotions selectively to protect profitability and avoid unnecessary discounting.
468,784,5229014,6669.66,6223.5,2363.23,754.58,690.0,8.78,353,35.43,c,c,5260.0,0,Type C,Extended,543,411,685,High Sales / High Footfall,6418.62,6976.17,8.69,Low Promotion Response,Strong Core Performer,Maintain current operations and use promotions selectively to protect profitability and avoid unnecessary discounting.
469,784,9330742,11901.46,11597.0,3046.3,1520.63,1492.5,7.75,353,25.6,c,c,710.0,0,Type C,Extended,37,40,912,High Sales / High Footfall,10509.74,13600.7,29.41,Moderate Promotion Response,Strong Core Performer,Maintain current operations and use promotions selectively to protect profitability and avoid unnecessary discounting.
470,776,10174712,13111.74,12840.0,3140.99,1774.97,1752.0,7.33,348,23.96,a,c,50.0,0,Type A,Extended,25,21,988,High Sales / High Footfall,11529.29,15057.97,30.61,Moderate Promotion Response,Strong Core Performer,Maintain current operations and use promotions selectively to protect profitability and avoid unnecessary discounting.
471,622,4422266,7109.75,7004.0,1495.56,590.2,585.5,11.97,274,21.04,d,a,5300.0,1,Type D,Basic,441,730,138,High Sales / Low Footfall,6273.76,8171.53,30.25,Moderate Promotion Response,High Customer Value Store,Protect high spending per customer and focus on targeted footfall-building campaigns.
472,784,4080447,5204.65,5051.0,1085.81,692.95,680.5,7.46,353,20.86,c,c,5030.0,0,Type C,Extended,866,525,967,Low Sales / High Footfall,4608.21,5932.88,28.75,Low Promotion Response,Conversion Improvement Priority,"Review assortment, cross-selling and promotion design because customer traffic is relatively high but sales per customer are weak."
473,779,2767243,3552.3,3377.0,1117.25,486.52,484.0,7.21,350,31.45,a,a,50.0,0,Type A,Basic,1092,952,1013,Low Sales / Low Footfall,2802.03,4471.92,59.6,High Promotion Response,Turnaround Priority,"Conduct store-specific review of local demand, competition, assortment and promotion response before allocating further promotional resources."
474,782,5885972,7526.82,7311.5,2187.54,736.81,741.0,10.09,353,29.06,c,a,14810.0,1,Type C,Basic,350,440,416,High Sales / High Footfall,6076.68,9289.17,52.87,High Promotion Response,High-Value Promotion Priority,Prioritise for regular promotions because these stores combine strong baseline performance with high promotional responsiveness.
475,776,5023680,6473.81,6386.0,1519.95,981.93,982.5,6.54,348,23.48,a,a,140.0,0,Type A,Basic,583,179,1073,Low Sales / High Footfall,5658.24,7476.88,32.14,Moderate Promotion Response,Conversion Improvement Priority,"Review assortment, cross-selling and promotion design because customer traffic is relatively high but sales per customer are weak."
476,780,4564251,5851.6,5733.5,2142.5,649.8,676.0,8.89,352,36.61,d,a,8300.0,0,Type D,Basic,719,613,669,Low Sales / Low Footfall,4432.92,7576.6,70.92,High Promotion Response,Turnaround Priority,"Conduct store-specific review of local demand, competition, assortment and promotion response before allocating further promotional resources."
477,622,3864914,6213.69,5949.5,1457.29,449.89,437.5,13.7,274,23.45,d,a,770.0,1,Type D,Basic,641,1014,23,Low Sales / Low Footfall,5317.3,7352.16,38.27,Moderate Promotion Response,Turnaround Priority,"Conduct store-specific review of local demand, competition, assortment and promotion response before allocating further promotional resources."
478,784,5336648,6806.95,6475.0,1890.36,699.39,689.0,9.61,353,27.77,d,c,1940.0,0,Type D,Extended,521,514,506,High Sales / High Footfall,5586.07,8297.59,48.54,Moderate Promotion Response,Strong Core Performer,Maintain current operations and use promotions selectively to protect profitability and avoid unnecessary discounting.
479,782,8782548,11230.88,11014.5,3030.06,1328.83,1333.5,8.36,351,26.98,a,a,320.0,1,Type A,Basic,48,56,761,High Sales / High Footfall,9343.72,13548.16,45.0,Moderate Promotion Response,Strong Core Performer,Maintain current operations and use promotions selectively to protect profitability and avoid unnecessary discounting.
480,784,3869738,4935.89,4871.5,1551.34,623.46,646.0,7.83,353,31.43,a,a,300.0,0,Type A,Basic,919,666,889,Low Sales / Low Footfall,3909.84,6188.65,58.28,High Promotion Response,Turnaround Priority,"Conduct store-specific review of local demand, competition, assortment and promotion response before allocating further promotional resources."
481,781,4026351,5155.38,4838.0,1586.55,476.71,467.0,10.65,350,30.77,c,c,7470.0,1,Type C,Extended,879,968,313,Low Sales / Low Footfall,4331.06,6170.46,42.47,Moderate Promotion Response,Turnaround Priority,"Conduct store-specific review of local demand, competition, assortment and promotion response before allocating further promotional resources."
482,782,6517671,8334.62,8038.0,2369.8,920.91,884.5,8.97,351,28.43,c,a,2550.0,0,Type C,Basic,235,224,648,High Sales / High Footfall,7579.33,9262.05,22.2,Low Promotion Response,Strong Core Performer,Maintain current operations and use promotions selectively to protect profitability and avoid unnecessary discounting.
483,780,3859771,4948.42,4859.5,2006.68,650.02,678.5,7.5,351,40.55,a,c,2310.0,1,Type A,Extended,917,612,960,Low Sales / Low Footfall,3708.62,6463.74,74.29,High Promotion Response,Turnaround Priority,"Conduct store-specific review of local demand, competition, assortment and promotion response before allocating further promotional resources."
484,784,6050653,7717.67,7547.0,1942.73,739.86,715.5,10.37,353,25.17,a,c,14300.0,0,Type A,Extended,317,434,363,High Sales / High Footfall,7313.68,8210.92,12.27,Low Promotion Response,Strong Core Performer,Maintain current operations and use promotions selectively to protect profitability and avoid unnecessary discounting.
485,622,3029769,4871.01,4734.0,1101.77,420.99,410.0,11.5,274,22.62,d,c,3270.0,1,Type D,Extended,936,1044,194,Low Sales / Low Footfall,4454.76,5399.69,21.21,Low Promotion Response,Turnaround Priority,"Conduct store-specific review of local demand, competition, assortment and promotion response before allocating further promotional resources."
486,779,3323793,4266.74,4045.0,1352.17,520.02,514.0,8.08,350,31.69,a,a,2320.0,1,Type A,Basic,1034,881,825,Low Sales / Low Footfall,3401.79,5326.93,56.59,High Promotion Response,Turnaround Priority,"Conduct store-specific review of local demand, competition, assortment and promotion response before allocating further promotional resources."
487,784,5487451,6999.3,6878.5,1711.57,676.77,676.0,10.25,353,24.45,d,c,2180.0,1,Type D,Extended,470,562,385,High Sales / Low Footfall,6049.93,8158.44,34.85,Moderate Promotion Response,High Customer Value Store,Protect high spending per customer and focus on targeted footfall-building campaigns.
488,784,2890074,3686.32,3519.5,884.58,388.0,378.0,9.41,353,24.0,a,c,2890.0,0,Type A,Extended,1082,1075,546,Low Sales / Low Footfall,3198.16,4282.34,33.9,Moderate Promotion Response,Turnaround Priority,"Conduct store-specific review of local demand, competition, assortment and promotion response before allocating further promotional resources."
489,780,5698967,7306.37,6730.0,3074.12,649.63,654.0,10.96,351,42.07,a,a,14960.0,1,Type A,Basic,389,614,268,High Sales / Low Footfall,5143.06,9950.41,93.47,High Promotion Response,High Customer Value Store,Protect high spending per customer and focus on targeted footfall-building campaigns.
490,622,5131331,8249.73,8176.5,1291.73,1063.72,1052.5,7.73,274,15.66,a,a,660.0,1,Type A,Basic,244,131,918,High Sales / High Footfall,7883.77,8714.52,10.54,Low Promotion Response,Strong Core Performer,Maintain current operations and use promotions selectively to protect profitability and avoid unnecessary discounting.
491,777,5242001,6746.46,6547.0,1714.5,527.29,520.0,12.65,348,25.41,d,c,4680.0,1,Type D,Extended,527,864,83,High Sales / Low Footfall,5811.72,7898.77,35.91,Moderate Promotion Response,High Customer Value Store,Protect high spending per customer and focus on targeted footfall-building campaigns.
492,614,4825503,7859.13,7423.0,2057.75,1156.25,1125.0,6.73,273,26.18,a,a,1740.0,1,Type A,Basic,290,92,1062,High Sales / High Footfall,6764.76,9226.08,36.38,Moderate Promotion Response,Strong Core Performer,Maintain current operations and use promotions selectively to protect profitability and avoid unnecessary discounting.
493,779,6462326,8295.67,7900.0,2191.06,808.26,792.0,10.14,350,26.41,d,c,1150.0,1,Type D,Extended,239,343,402,High Sales / High Footfall,7064.39,9804.86,38.79,Moderate Promotion Response,Strong Core Performer,Maintain current operations and use promotions selectively to protect profitability and avoid unnecessary discounting.
494,942,7205637,7649.3,7565.0,1689.54,1079.61,1095.0,7.03,360,22.09,b,a,1260.0,0,Type B,Basic,330,124,1037,High Sales / High Footfall,6724.71,9144.04,35.98,Moderate Promotion Response,Strong Core Performer,Maintain current operations and use promotions selectively to protect profitability and avoid unnecessary discounting.
495,777,4005216,5154.72,4886.0,1500.6,394.9,382.0,12.85,348,29.11,d,a,5470.0,1,Type D,Basic,881,1068,70,Low Sales / Low Footfall,4160.83,6379.94,53.33,High Promotion Response,Turnaround Priority,"Conduct store-specific review of local demand, competition, assortment and promotion response before allocating further promotional resources."
496,784,6059458,7728.9,7348.0,1922.81,830.25,811.0,9.21,353,24.88,d,c,2780.0,0,Type D,Extended,313,316,596,High Sales / High Footfall,6577.6,9134.59,38.87,Moderate Promotion Response,Strong Core Performer,Maintain current operations and use promotions selectively to protect profitability and avoid unnecessary discounting.
497,781,7077518,9062.12,8784.0,1933.78,1116.36,1116.0,8.07,350,21.34,a,c,1610.0,0,Type A,Extended,160,108,830,High Sales / High Footfall,7878.97,10519.09,33.51,Moderate Promotion Response,Strong Core Performer,Maintain current operations and use promotions selectively to protect profitability and avoid unnecessary discounting.
498,622,4351844,6996.53,6886.5,958.63,884.57,884.5,7.89,274,13.7,a,a,990.0,1,Type A,Basic,472,254,877,High Sales / High Footfall,6761.86,7294.59,7.88,Low Promotion Response,Strong Core Performer,Maintain current operations and use promotions selectively to protect profitability and avoid unnecessary discounting.
499,777,4006203,5155.99,4996.0,1218.2,737.68,731.0,6.93,348,23.63,c,c,450.0,1,Type C,Extended,878,437,1049,Low Sales / High Footfall,4639.33,5792.91,24.87,Low Promotion Response,Conversion Improvement Priority,"Review assortment, cross-selling and promotion design because customer traffic is relatively high but sales per customer are weak."
500,622,3330211,5354.04,5242.0,1144.5,395.56,389.5,13.48,274,21.38,d,c,10690.0,1,Type D,Extended,825,1067,29,Low Sales / Low Footfall,5106.14,5668.88,11.02,Low Promotion Response,Turnaround Priority,"Conduct store-specific review of local demand, competition, assortment and promotion response before allocating further promotional resources."
501,622,3345228,5378.18,5196.5,1415.52,587.81,590.0,9.08,274,26.32,a,c,1620.0,0,Type A,Extended,821,734,626,Low Sales / Low Footfall,4565.4,6410.47,40.41,Moderate Promotion Response,Turnaround Priority,"Conduct store-specific review of local demand, competition, assortment and promotion response before allocating further promotional resources."
502,774,8377408,10823.52,10291.0,2611.76,1519.65,1487.0,7.06,350,24.13,a,a,220.0,1,Type A,Basic,63,41,1030,High Sales / High Footfall,9367.21,12587.75,34.38,Moderate Promotion Response,Strong Core Performer,Maintain current operations and use promotions selectively to protect profitability and avoid unnecessary discounting.
503,780,5224595,6698.2,6390.0,1976.66,470.59,464.0,14.05,351,29.51,d,c,13080.0,1,Type D,Extended,536,976,16,High Sales / Low Footfall,5516.65,8142.32,47.6,Moderate Promotion Response,High Customer Value Store,Protect high spending per customer and focus on targeted footfall-building campaigns.
504,784,5231756,6673.16,6279.0,1463.89,953.41,928.5,6.94,353,21.94,c,c,820.0,0,Type C,Extended,540,202,1047,High Sales / High Footfall,6040.36,7445.78,23.27,Low Promotion Response,Strong Core Performer,Maintain current operations and use promotions selectively to protect profitability and avoid unnecessary discounting.
505,777,3711170,4776.28,4545.0,1241.15,594.61,595.0,7.95,348,25.99,a,a,350.0,1,Type A,Basic,955,722,864,Low Sales / Low Footfall,3944.27,5801.95,47.1,Moderate Promotion Response,Turnaround Priority,"Conduct store-specific review of local demand, competition, assortment and promotion response before allocating further promotional resources."
506,779,5905867,7581.34,7019.0,2180.04,841.7,825.0,8.89,350,28.76,a,a,1850.0,1,Type A,Basic,343,303,666,High Sales / High Footfall,6069.94,9433.9,55.42,High Promotion Response,High-Value Promotion Priority,Prioritise for regular promotions because these stores combine strong baseline performance with high promotional responsiveness.
507,779,6587045,8455.77,8103.0,2124.41,663.78,649.0,12.61,350,25.12,a,c,9070.0,1,Type A,Extended,216,581,85,High Sales / Low Footfall,7225.3,9963.97,37.9,Moderate Promotion Response,High Customer Value Store,Protect high spending per customer and focus on targeted footfall-building campaigns.
508,776,5251735,6767.7,6332.0,2022.28,662.51,641.5,10.08,348,29.88,a,c,1280.0,1,Type A,Extended,524,584,420,High Sales / Low Footfall,5604.26,8198.59,46.29,Moderate Promotion Response,High Customer Value Store,Protect high spending per customer and focus on targeted footfall-building campaigns.
509,781,4783674,6125.06,5748.0,1845.02,518.31,517.0,11.65,350,30.12,a,a,4740.0,1,Type A,Basic,654,885,179,Low Sales / Low Footfall,4830.27,7719.5,59.82,High Promotion Response,Turnaround Priority,"Conduct store-specific review of local demand, competition, assortment and promotion response before allocating further promotional resources."
510,779,6385260,8196.74,8058.0,2312.61,842.2,861.0,9.68,350,28.21,a,c,8260.0,0,Type A,Extended,252,302,486,High Sales / High Footfall,6747.85,9972.66,47.79,Moderate Promotion Response,Strong Core Performer,Maintain current operations and use promotions selectively to protect profitability and avoid unnecessary discounting.
511,784,4439259,5662.32,5524.5,830.44,810.6,799.0,6.97,353,14.67,a,a,2060.0,0,Type A,Basic,761,340,1043,Low Sales / High Footfall,5323.54,6075.96,14.13,Low Promotion Response,Conversion Improvement Priority,"Review assortment, cross-selling and promotion design because customer traffic is relatively high but sales per customer are weak."
512,745,4105679,5510.98,5325.0,1153.86,1287.97,1277.0,4.27,281,20.94,b,b,590.0,1,Type B,Extra,791,66,1110,Low Sales / High Footfall,5301.05,5857.63,10.5,Low Promotion Response,Conversion Improvement Priority,"Review assortment, cross-selling and promotion design because customer traffic is relatively high but sales per customer are weak."
513,784,14252406,18179.09,17787.0,3284.6,2096.34,2071.0,8.63,353,18.07,a,a,400.0,0,Type A,Basic,6,14,714,High Sales / High Footfall,16414.73,20333.31,23.87,Low Promotion Response,Strong Core Performer,Maintain current operations and use promotions selectively to protect profitability and avoid unnecessary discounting.
514,622,3580238,5756.01,5351.0,1473.62,603.97,581.0,9.42,274,25.6,c,c,1200.0,1,Type C,Extended,742,705,545,Low Sales / Low Footfall,4828.37,6934.18,43.61,Moderate Promotion Response,Turnaround Priority,"Conduct store-specific review of local demand, competition, assortment and promotion response before allocating further promotional resources."
515,779,7056301,9058.15,8964.0,2022.97,738.31,723.0,12.2,350,22.33,d,c,11260.0,1,Type D,Extended,162,436,119,High Sales / High Footfall,8333.2,9946.73,19.36,Low Promotion Response,Strong Core Performer,Maintain current operations and use promotions selectively to protect profitability and avoid unnecessary discounting.
516,779,4579807,5879.08,5451.0,1814.27,760.55,732.0,7.6,350,30.86,a,c,20.0,1,Type A,Extended,712,398,944,Low Sales / High Footfall,4710.36,7311.61,55.22,High Promotion Response,Conversion Improvement Priority,"Review assortment, cross-selling and promotion design because customer traffic is relatively high but sales per customer are weak."
517,759,4525491,5962.44,5658.0,2106.59,650.92,651.0,9.03,341,35.33,a,c,22490.0,0,Type A,Extended,693,610,637,Low Sales / Low Footfall,4710.4,7497.2,59.16,High Promotion Response,Turnaround Priority,"Conduct store-specific review of local demand, competition, assortment and promotion response before allocating further promotional resources."
518,623,3653972,5865.12,5793.0,1726.97,504.31,495.0,11.47,275,29.44,d,c,3330.0,1,Type D,Extended,715,913,202,Low Sales / Low Footfall,4949.73,7023.51,41.9,Moderate Promotion Response,Turnaround Priority,"Conduct store-specific review of local demand, competition, assortment and promotion response before allocating further promotional resources."
519,784,4160155,5306.32,5115.5,1479.68,559.08,541.0,9.39,353,27.89,c,c,2510.0,1,Type C,Extended,842,797,553,Low Sales / Low Footfall,4664.38,6090.11,30.57,Moderate Promotion Response,Turnaround Priority,"Conduct store-specific review of local demand, competition, assortment and promotion response before allocating further promotional resources."
520,784,3033870,3869.73,3720.0,964.71,413.06,409.0,9.3,353,24.93,a,c,6900.0,1,Type A,Extended,1070,1056,574,Low Sales / Low Footfall,3360.25,4491.79,33.67,Moderate Promotion Response,Turnaround Priority,"Conduct store-specific review of local demand, competition, assortment and promotion response before allocating further promotional resources."
521,779,4036010,5181.01,5052.0,1309.84,426.49,420.0,12.05,350,25.28,d,a,18610.0,1,Type D,Basic,872,1038,129,Low Sales / Low Footfall,4477.96,6042.76,34.94,Moderate Promotion Response,Turnaround Priority,"Conduct store-specific review of local demand, competition, assortment and promotion response before allocating further promotional resources."
522,623,5122860,8222.89,8078.0,1767.71,633.02,622.0,12.9,275,21.5,d,c,7160.0,1,Type D,Extended,248,653,68,High Sales / Low Footfall,7442.56,9210.36,23.75,Low Promotion Response,High Customer Value Store,Protect high spending per customer and focus on targeted footfall-building campaigns.
523,784,12175995,15530.61,14973.0,3364.34,1782.91,1722.0,8.66,353,21.66,c,c,50.0,0,Type C,Extended,12,20,707,High Sales / High Footfall,14857.01,16353.04,10.07,Low Promotion Response,Strong Core Performer,Maintain current operations and use promotions selectively to protect profitability and avoid unnecessary discounting.
524,881,6793232,7710.82,7681.0,2810.63,818.5,852.0,9.31,354,36.45,a,c,40860.0,0,Type A,Extended,320,333,573,High Sales / High Footfall,6442.82,9598.49,48.98,Moderate Promotion Response,Strong Core Performer,Maintain current operations and use promotions selectively to protect profitability and avoid unnecessary discounting.
525,783,8012460,10233.03,10108.0,1702.55,875.57,871.0,11.64,353,16.64,d,c,1870.0,0,Type D,Extended,86,264,181,High Sales / High Footfall,9485.22,11143.96,17.49,Low Promotion Response,Strong Core Performer,Maintain current operations and use promotions selectively to protect profitability and avoid unnecessary discounting.
526,782,8312841,10630.23,9986.0,3231.69,1456.7,1440.0,7.18,353,30.4,a,a,120.0,1,Type A,Basic,74,43,1017,High Sales / High Footfall,8345.96,13406.3,60.63,High Promotion Response,High-Value Promotion Priority,Prioritise for regular promotions because these stores combine strong baseline performance with high promotional responsiveness.
527,781,8383796,10734.69,10481.0,2181.83,1000.49,986.0,10.67,351,20.33,d,c,5830.0,0,Type D,Extended,65,165,310,High Sales / High Footfall,9723.46,11973.52,23.14,Low Promotion Response,Strong Core Performer,Maintain current operations and use promotions selectively to protect profitability and avoid unnecessary discounting.
528,779,8338762,10704.44,10083.0,2894.94,955.45,927.0,11.06,350,27.04,a,c,20620.0,1,Type A,Extended,70,198,256,High Sales / High Footfall,8676.3,13190.37,52.03,High Promotion Response,High-Value Promotion Priority,Prioritise for regular promotions because these stores combine strong baseline performance with high promotional responsiveness.
529,784,6133846,7823.78,7531.5,1891.38,761.19,740.0,10.18,353,24.17,d,c,12920.0,0,Type D,Extended,294,397,396,High Sales / High Footfall,6768.31,9112.48,34.63,Moderate Promotion Response,Strong Core Performer,Maintain current operations and use promotions selectively to protect profitability and avoid unnecessary discounting.
530,906,4198697,4634.32,4425.0,1869.54,750.81,752.5,6.39,354,40.34,a,c,18160.0,0,Type A,Extended,979,417,1084,Low Sales / High Footfall,4396.54,5005.11,13.84,Low Promotion Response,Conversion Improvement Priority,"Review assortment, cross-selling and promotion design because customer traffic is relatively high but sales per customer are weak."
531,784,3843117,4901.93,4744.5,933.2,600.61,592.0,8.13,353,19.04,a,c,4030.0,0,Type A,Extended,928,711,810,Low Sales / Low Footfall,4497.58,5395.64,19.97,Low Promotion Response,Turnaround Priority,"Conduct store-specific review of local demand, competition, assortment and promotion response before allocating further promotional resources."
532,779,8487100,10894.87,10740.0,1930.29,1278.91,1267.0,8.49,350,17.72,a,c,1070.0,0,Type A,Extended,60,67,736,High Sales / High Footfall,10020.41,11966.69,19.42,Low Promotion Response,Strong Core Performer,Maintain current operations and use promotions selectively to protect profitability and avoid unnecessary discounting.
533,777,7505547,9659.65,9169.0,2597.95,902.23,903.0,10.62,348,26.89,a,c,5950.0,0,Type A,Extended,114,240,316,High Sales / High Footfall,8146.02,11525.59,41.49,Moderate Promotion Response,Strong Core Performer,Maintain current operations and use promotions selectively to protect profitability and avoid unnecessary discounting.
534,623,4684684,7519.56,7253.0,2268.57,568.7,559.0,13.03,275,30.17,d,a,1200.0,1,Type D,Basic,351,778,53,High Sales / Low Footfall,6109.33,9304.14,52.29,High Promotion Response,High Customer Value Store,Protect high spending per customer and focus on targeted footfall-building campaigns.
535,779,6322186,8115.77,7826.0,2285.72,922.61,930.0,8.71,350,28.16,a,a,3570.0,0,Type A,Basic,259,223,696,High Sales / High Footfall,6609.45,9962.1,50.73,Moderate Promotion Response,Strong Core Performer,Maintain current operations and use promotions selectively to protect profitability and avoid unnecessary discounting.
536,779,6484095,8323.61,7946.0,2456.02,883.03,867.0,9.35,350,29.51,a,c,4700.0,1,Type A,Extended,237,255,560,High Sales / High Footfall,6844.9,10136.09,48.08,Moderate Promotion Response,Strong Core Performer,Maintain current operations and use promotions selectively to protect profitability and avoid unnecessary discounting.
537,777,4335799,5580.18,5307.0,1344.07,604.23,592.0,9.15,348,24.09,a,a,600.0,1,Type A,Basic,770,704,610,Low Sales / Low Footfall,4796.25,6546.58,36.49,Moderate Promotion Response,Turnaround Priority,"Conduct store-specific review of local demand, competition, assortment and promotion response before allocating further promotional resources."
538,784,3025475,3859.02,3765.0,1084.11,567.92,580.0,6.74,353,28.09,a,a,990.0,0,Type A,Basic,1071,779,1058,Low Sales / Low Footfall,3186.1,4680.64,46.91,Moderate Promotion Response,Turnaround Priority,"Conduct store-specific review of local demand, competition, assortment and promotion response before allocating further promotional resources."
539,622,7035419,11310.96,11209.5,1713.77,1142.28,1139.0,9.86,274,15.15,a,a,770.0,1,Type A,Basic,46,97,452,High Sales / High Footfall,10640.21,12162.87,14.31,Low Promotion Response,Strong Core Performer,Maintain current operations and use promotions selectively to protect profitability and avoid unnecessary discounting.
540,622,3513672,5648.99,5314.0,1830.16,391.31,378.5,14.2,274,32.4,d,c,810.0,1,Type D,Extended,764,1073,12,Low Sales / Low Footfall,4774.58,6759.55,41.57,Moderate Promotion Response,Turnaround Priority,"Conduct store-specific review of local demand, competition, assortment and promotion response before allocating further promotional resources."
541,779,5235513,6720.81,6259.0,1987.18,857.08,829.0,7.73,350,29.57,a,c,650.0,0,Type A,Extended,531,286,916,High Sales / High Footfall,5703.86,7967.3,39.68,Moderate Promotion Response,Strong Core Performer,Maintain current operations and use promotions selectively to protect profitability and avoid unnecessary discounting.
542,622,3885411,6246.64,5986.5,1403.01,531.64,524.5,11.67,274,22.46,a,a,7280.0,1,Type A,Basic,632,854,176,Low Sales / Low Footfall,5295.59,7454.55,40.77,Moderate Promotion Response,Turnaround Priority,"Conduct store-specific review of local demand, competition, assortment and promotion response before allocating further promotional resources."
543,781,2179287,2790.38,2293.0,1237.7,240.18,230.0,11.23,350,44.36,c,a,1080.0,0,Type C,Basic,1114,1114,233,Low Sales / Low Footfall,1868.13,3926.07,110.16,High Promotion Response,Turnaround Priority,"Conduct store-specific review of local demand, competition, assortment and promotion response before allocating further promotional resources."
544,780,10993709,14094.5,13180.0,4209.37,1845.07,1806.0,7.54,352,29.87,a,a,250.0,1,Type A,Basic,18,19,955,High Sales / High Footfall,11326.31,17460.36,54.16,High Promotion Response,High-Value Promotion Priority,Prioritise for regular promotions because these stores combine strong baseline performance with high promotional responsiveness.
545,779,8284865,10635.26,9790.0,3024.26,1026.82,1000.0,10.23,350,28.44,a,c,5020.0,1,Type A,Extended,73,144,388,High Sales / High Footfall,8444.69,13320.27,57.74,High Promotion Response,High-Value Promotion Priority,Prioritise for regular promotions because these stores combine strong baseline performance with high promotional responsiveness.
546,784,10726323,13681.53,13292.5,2347.65,1621.28,1611.5,8.42,353,17.16,a,a,580.0,0,Type A,Basic,21,30,752,High Sales / High Footfall,12325.4,15337.32,24.44,Low Promotion Response,Strong Core Performer,Maintain current operations and use promotions selectively to protect profitability and avoid unnecessary discounting.
547,622,3578049,5752.49,5611.0,1175.9,442.25,437.0,12.95,274,20.44,d,c,8990.0,1,Type D,Extended,743,1022,62,Low Sales / Low Footfall,5250.59,6389.94,21.7,Low Promotion Response,Turnaround Priority,"Conduct store-specific review of local demand, competition, assortment and promotion response before allocating further promotional resources."
548,768,3896082,5073.02,4731.5,1654.07,400.92,386.5,12.45,344,32.61,d,c,3760.0,0,Type D,Extended,896,1063,97,Low Sales / Low Footfall,4172.37,6183.13,48.19,Moderate Promotion Response,Turnaround Priority,"Conduct store-specific review of local demand, competition, assortment and promotion response before allocating further promotional resources."
549,784,3639890,4642.72,4576.5,919.72,547.71,551.0,8.47,353,19.81,a,c,2330.0,0,Type A,Extended,977,820,740,Low Sales / Low Footfall,4116.41,5285.32,28.4,Low Promotion Response,Turnaround Priority,"Conduct store-specific review of local demand, competition, assortment and promotion response before allocating further promotional resources."
550,781,4665403,5973.63,5866.0,1456.45,496.65,489.0,11.95,350,24.38,d,c,50.0,0,Type D,Extended,689,928,142,Low Sales / Low Footfall,5406.3,6672.25,23.42,Low Promotion Response,Turnaround Priority,"Conduct store-specific review of local demand, competition, assortment and promotion response before allocating further promotional resources."
551,784,5142553,6559.38,6206.0,1626.39,987.74,966.5,6.57,353,24.79,a,c,2190.0,0,Type A,Extended,568,175,1070,Low Sales / High Footfall,5757.46,7538.49,30.93,Moderate Promotion Response,Conversion Improvement Priority,"Review assortment, cross-selling and promotion design because customer traffic is relatively high but sales per customer are weak."
552,781,6030778,7721.87,6621.0,3115.59,689.9,668.0,10.87,350,40.35,a,a,4260.0,1,Type A,Basic,314,533,284,High Sales / High Footfall,5412.45,10565.75,95.21,High Promotion Response,High-Value Promotion Priority,Prioritise for regular promotions because these stores combine strong baseline performance with high promotional responsiveness.
553,777,5468991,7038.6,6648.0,2013.39,638.75,586.0,10.99,348,28.6,c,a,3040.0,1,Type C,Basic,455,632,264,High Sales / Low Footfall,6928.91,7173.82,3.53,Low Promotion Response,High Customer Value Store,Protect high spending per customer and focus on targeted footfall-building campaigns.
554,784,3513115,4481.01,4370.5,954.4,546.02,549.0,8.25,353,21.3,c,c,1200.0,0,Type C,Extended,1010,824,779,Low Sales / Low Footfall,4108.3,4936.08,20.15,Low Promotion Response,Turnaround Priority,"Conduct store-specific review of local demand, competition, assortment and promotion response before allocating further promotional resources."
555,623,3223315,5173.86,5000.0,1343.14,479.03,469.0,10.7,274,25.96,d,a,1560.0,1,Type D,Basic,874,964,306,Low Sales / Low Footfall,4390.46,6171.7,40.57,Moderate Promotion Response,Turnaround Priority,"Conduct store-specific review of local demand, competition, assortment and promotion response before allocating further promotional resources."
556,783,5620964,7178.75,6744.0,1851.8,830.72,812.0,8.56,353,25.8,d,c,1140.0,0,Type D,Extended,422,314,723,High Sales / High Footfall,6014.19,8597.35,42.95,Moderate Promotion Response,Strong Core Performer,Maintain current operations and use promotions selectively to protect profitability and avoid unnecessary discounting.
557,778,3410036,4383.08,4085.5,1299.36,676.02,651.0,6.4,350,29.64,a,a,250.0,0,Type A,Basic,1020,564,1082,Low Sales / Low Footfall,3641.92,5289.42,45.24,Moderate Promotion Response,Turnaround Priority,"Conduct store-specific review of local demand, competition, assortment and promotion response before allocating further promotional resources."
558,784,2541355,3241.52,3145.5,720.09,453.03,447.0,7.11,353,22.21,a,a,3000.0,0,Type A,Basic,1105,1005,1027,Low Sales / Low Footfall,2773.73,3812.68,37.46,Moderate Promotion Response,Turnaround Priority,"Conduct store-specific review of local demand, competition, assortment and promotion response before allocating further promotional resources."
559,780,4588710,5882.96,5790.5,2334.11,750.28,773.5,7.69,351,39.68,d,a,3910.0,1,Type D,Basic,711,418,929,Low Sales / High Footfall,4334.41,7775.64,79.39,High Promotion Response,Conversion Improvement Priority,"Review assortment, cross-selling and promotion design because customer traffic is relatively high but sales per customer are weak."
560,747,10168806,13612.86,13322.0,3287.76,1640.28,1610.0,8.23,338,24.15,c,c,1910.0,0,Type C,Extended,22,29,785,High Sales / High Footfall,12351.45,15139.24,22.57,Low Promotion Response,Strong Core Performer,Maintain current operations and use promotions selectively to protect profitability and avoid unnecessary discounting.
561,779,5385871,6913.83,6633.0,1807.52,682.92,677.0,10.04,350,26.14,d,a,14300.0,0,Type D,Basic,496,546,428,High Sales / High Footfall,5738.12,8354.91,45.6,Moderate Promotion Response,Strong Core Performer,Maintain current operations and use promotions selectively to protect profitability and avoid unnecessary discounting.
562,942,16927322,17969.56,18029.5,2931.93,3105.05,3127.0,5.76,360,16.32,b,c,1210.0,0,Type B,Extended,7,5,1103,High Sales / High Footfall,16662.36,20082.86,20.53,Low Promotion Response,Strong Core Performer,Maintain current operations and use promotions selectively to protect profitability and avoid unnecessary discounting.
563,776,4278470,5513.49,5285.0,1322.86,702.62,684.0,7.81,348,23.99,a,a,700.0,1,Type A,Basic,788,501,899,Low Sales / High Footfall,4970.08,6181.82,24.38,Low Promotion Response,Conversion Improvement Priority,"Review assortment, cross-selling and promotion design because customer traffic is relatively high but sales per customer are weak."
564,779,4306402,5528.12,5366.0,1200.14,488.63,483.0,11.25,350,21.71,d,c,6540.0,1,Type D,Extended,784,948,230,Low Sales / Low Footfall,4988.53,6189.49,24.07,Low Promotion Response,Turnaround Priority,"Conduct store-specific review of local demand, competition, assortment and promotion response before allocating further promotional resources."
565,779,5169769,6636.42,6185.0,1798.82,792.32,770.0,8.27,350,27.11,a,c,160.0,0,Type A,Extended,546,361,775,High Sales / High Footfall,5445.13,8096.6,48.69,Moderate Promotion Response,Strong Core Performer,Maintain current operations and use promotions selectively to protect profitability and avoid unnecessary discounting.
566,784,3845237,4904.64,4746.5,1273.79,544.84,538.5,8.92,353,25.97,a,a,3620.0,1,Type A,Basic,926,827,661,Low Sales / Low Footfall,4101.68,5885.02,43.48,Moderate Promotion Response,Turnaround Priority,"Conduct store-specific review of local demand, competition, assortment and promotion response before allocating further promotional resources."
567,779,4083132,5241.5,4970.0,1607.51,671.42,666.0,7.69,350,30.67,c,a,1010.0,1,Type C,Basic,862,570,925,Low Sales / Low Footfall,4162.15,6564.48,57.72,High Promotion Response,Turnaround Priority,"Conduct store-specific review of local demand, competition, assortment and promotion response before allocating further promotional resources."
568,781,3809325,4877.5,4721.0,1158.21,413.9,405.0,11.7,350,23.75,d,c,4270.0,1,Type D,Extended,933,1054,173,Low Sales / Low Footfall,4567.59,5259.12,15.14,Low Promotion Response,Turnaround Priority,"Conduct store-specific review of local demand, competition, assortment and promotion response before allocating further promotional resources."
569,784,3543332,4519.56,4597.0,942.61,652.85,682.0,6.95,353,20.86,a,a,1340.0,0,Type A,Basic,1006,604,1044,Low Sales / Low Footfall,4002.08,5151.37,28.72,Low Promotion Response,Turnaround Priority,"Conduct store-specific review of local demand, competition, assortment and promotion response before allocating further promotional resources."
570,779,3533080,4535.4,4193.0,1545.25,661.79,637.0,6.73,350,34.07,a,a,180.0,0,Type A,Basic,999,586,1060,Low Sales / Low Footfall,3624.2,5652.28,55.96,High Promotion Response,Turnaround Priority,"Conduct store-specific review of local demand, competition, assortment and promotion response before allocating further promotional resources."
571,622,4815991,7742.75,7484.5,1857.76,575.64,560.0,13.36,274,23.99,d,a,2110.0,1,Type D,Basic,309,760,32,High Sales / Low Footfall,7241.39,8379.52,15.72,Low Promotion Response,High Customer Value Store,Protect high spending per customer and focus on targeted footfall-building campaigns.
572,776,5345670,6888.75,6515.0,1742.02,571.52,552.0,11.92,348,25.29,d,c,9230.0,1,Type D,Extended,501,771,144,High Sales / Low Footfall,5803.51,8223.47,41.7,Moderate Promotion Response,High Customer Value Store,Protect high spending per customer and focus on targeted footfall-building campaigns.
573,622,2472309,3974.77,3648.0,1097.26,335.41,330.0,11.72,274,27.61,a,a,1190.0,1,Type A,Basic,1061,1103,172,Low Sales / Low Footfall,3195.26,4964.82,55.38,High Promotion Response,Turnaround Priority,"Conduct store-specific review of local demand, competition, assortment and promotion response before allocating further promotional resources."
574,777,6913915,8898.22,8559.0,2101.92,666.57,649.0,13.23,348,23.62,d,a,4400.0,0,Type D,Basic,170,577,42,High Sales / Low Footfall,7664.19,10419.48,35.95,Moderate Promotion Response,High Customer Value Store,Protect high spending per customer and focus on targeted footfall-building campaigns.
575,623,3343994,5367.57,4613.0,2472.73,492.96,470.0,10.56,275,46.07,a,a,960.0,1,Type A,Basic,822,938,333,Low Sales / Low Footfall,3614.41,7586.11,109.89,High Promotion Response,Turnaround Priority,"Conduct store-specific review of local demand, competition, assortment and promotion response before allocating further promotional resources."
576,784,5474294,6982.52,6643.5,1988.43,965.07,939.0,7.13,353,28.48,c,a,50.0,0,Type C,Basic,476,189,1024,High Sales / High Footfall,5862.01,8350.61,42.45,Moderate Promotion Response,Strong Core Performer,Maintain current operations and use promotions selectively to protect profitability and avoid unnecessary discounting.
577,784,3883479,4953.42,4747.0,1184.57,583.38,571.0,8.45,353,23.91,a,c,2270.0,1,Type A,Extended,916,747,743,Low Sales / Low Footfall,4278.9,5776.97,35.01,Moderate Promotion Response,Turnaround Priority,"Conduct store-specific review of local demand, competition, assortment and promotion response before allocating further promotional resources."
578,901,7356117,8164.39,8021.0,2314.65,773.64,756.0,10.5,354,28.35,d,a,12700.0,0,Type D,Basic,253,386,343,High Sales / High Footfall,7233.98,9602.06,32.74,Moderate Promotion Response,Strong Core Performer,Maintain current operations and use promotions selectively to protect profitability and avoid unnecessary discounting.
579,779,6461297,8294.35,8044.0,2176.97,911.4,899.0,9.0,350,26.25,c,a,20970.0,0,Type C,Basic,240,233,641,High Sales / High Footfall,7026.22,9848.71,40.17,Moderate Promotion Response,Strong Core Performer,Maintain current operations and use promotions selectively to protect profitability and avoid unnecessary discounting.
580,784,7994967,10197.66,9737.5,2314.11,1602.75,1554.0,6.34,353,22.69,a,c,170.0,0,Type A,Extended,89,32,1089,High Sales / High Footfall,9353.49,11228.37,20.04,Low Promotion Response,Strong Core Performer,Maintain current operations and use promotions selectively to protect profitability and avoid unnecessary discounting.
581,779,4154967,5333.72,4992.0,2053.94,587.65,603.0,8.87,350,38.51,a,a,7250.0,0,Type A,Basic,834,735,674,Low Sales / Low Footfall,3849.76,7152.63,85.79,High Promotion Response,Turnaround Priority,"Conduct store-specific review of local demand, competition, assortment and promotion response before allocating further promotional resources."
582,782,5492051,7023.08,6570.5,1994.31,863.32,844.0,8.05,350,28.4,a,a,120.0,0,Type A,Basic,461,283,837,High Sales / High Footfall,5736.17,8611.5,50.13,Moderate Promotion Response,Strong Core Performer,Maintain current operations and use promotions selectively to protect profitability and avoid unnecessary discounting.
583,780,3363288,4311.91,4199.0,1275.2,449.08,449.5,9.49,351,29.57,a,a,2640.0,0,Type A,Basic,1029,1016,534,Low Sales / Low Footfall,3505.0,5298.13,51.16,Moderate Promotion Response,Turnaround Priority,"Conduct store-specific review of local demand, competition, assortment and promotion response before allocating further promotional resources."
584,781,3697954,4734.9,4617.0,1123.77,433.43,429.0,10.82,350,23.73,d,a,1360.0,1,Type D,Basic,964,1029,287,Low Sales / Low Footfall,4103.24,5512.74,34.35,Moderate Promotion Response,Turnaround Priority,"Conduct store-specific review of local demand, competition, assortment and promotion response before allocating further promotional resources."
585,784,4449323,5675.16,5401.0,1596.2,863.0,849.0,6.5,353,28.13,d,c,440.0,0,Type D,Extended,760,284,1075,Low Sales / High Footfall,4857.65,6673.31,37.38,Moderate Promotion Response,Conversion Improvement Priority,"Review assortment, cross-selling and promotion design because customer traffic is relatively high but sales per customer are weak."
586,776,11742401,15131.96,14930.0,3539.5,2361.41,2282.5,6.39,348,23.39,a,c,250.0,0,Type A,Extended,13,11,1083,High Sales / High Footfall,13932.64,16606.98,19.19,Low Promotion Response,Strong Core Performer,Maintain current operations and use promotions selectively to protect profitability and avoid unnecessary discounting.
587,623,6020227,9663.29,9323.0,2435.39,685.69,667.0,13.97,274,25.2,d,c,330.0,1,Type D,Extended,113,541,18,High Sales / High Footfall,8798.34,10764.99,22.35,Low Promotion Response,Strong Core Performer,Maintain current operations and use promotions selectively to protect profitability and avoid unnecessary discounting.
588,784,4825215,6154.61,5954.5,1436.56,661.15,657.0,9.25,353,23.34,d,c,15720.0,0,Type D,Extended,650,588,581,Low Sales / Low Footfall,5380.76,7099.46,31.94,Moderate Promotion Response,Turnaround Priority,"Conduct store-specific review of local demand, competition, assortment and promotion response before allocating further promotional resources."
589,756,3537175,4678.8,4342.5,2107.78,494.52,496.0,9.09,338,45.05,a,c,360.0,1,Type A,Extended,975,934,622,Low Sales / Low Footfall,3543.57,6082.73,71.66,High Promotion Response,Turnaround Priority,"Conduct store-specific review of local demand, competition, assortment and promotion response before allocating further promotional resources."
590,777,3872700,4984.17,4824.0,1204.2,391.6,383.0,12.65,348,24.16,d,c,4520.0,1,Type D,Extended,912,1072,84,Low Sales / Low Footfall,4584.07,5477.39,19.49,Low Promotion Response,Turnaround Priority,"Conduct store-specific review of local demand, competition, assortment and promotion response before allocating further promotional resources."
591,777,4429448,5700.71,5584.0,1295.76,498.72,504.0,11.4,348,22.73,a,c,3340.0,1,Type A,Extended,758,924,211,Low Sales / Low Footfall,4911.38,6673.75,35.88,Moderate Promotion Response,Turnaround Priority,"Conduct store-specific review of local demand, competition, assortment and promotion response before allocating further promotional resources."
592,779,3465390,4448.51,4391.0,1280.99,570.01,578.0,7.74,350,28.8,a,a,2540.0,0,Type A,Basic,1012,774,915,Low Sales / Low Footfall,3638.75,5441.05,49.53,Moderate Promotion Response,Turnaround Priority,"Conduct store-specific review of local demand, competition, assortment and promotion response before allocating further promotional resources."
593,784,7454238,9507.96,9053.0,2345.56,1231.77,1190.5,7.67,353,24.67,a,c,33060.0,0,Type A,Extended,120,76,932,High Sales / High Footfall,8371.48,10895.55,30.15,Moderate Promotion Response,Strong Core Performer,Maintain current operations and use promotions selectively to protect profitability and avoid unnecessary discounting.
594,784,3258199,4155.87,4215.0,1140.9,456.68,479.5,9.08,353,27.45,a,a,1790.0,0,Type A,Basic,1047,1000,625,Low Sales / Low Footfall,3442.58,5026.76,46.02,Moderate Promotion Response,Turnaround Priority,"Conduct store-specific review of local demand, competition, assortment and promotion response before allocating further promotional resources."
595,784,11774982,15019.11,14504.5,3370.18,1763.41,1728.5,8.44,353,22.44,c,c,1130.0,0,Type C,Extended,14,22,745,High Sales / High Footfall,13497.66,16876.74,25.03,Low Promotion Response,Strong Core Performer,Maintain current operations and use promotions selectively to protect profitability and avoid unnecessary discounting.
596,784,3532562,4505.82,4363.0,948.01,698.39,687.0,6.42,353,21.04,c,a,290.0,0,Type C,Basic,1008,517,1081,Low Sales / High Footfall,4028.91,5088.11,26.29,Low Promotion Response,Conversion Improvement Priority,"Review assortment, cross-selling and promotion design because customer traffic is relatively high but sales per customer are weak."
597,779,3957495,5080.22,4918.0,1090.78,727.53,715.0,6.94,350,21.47,a,a,150.0,1,Type A,Basic,895,456,1046,Low Sales / High Footfall,4532.45,5751.64,26.9,Low Promotion Response,Conversion Improvement Priority,"Review assortment, cross-selling and promotion design because customer traffic is relatively high but sales per customer are weak."
598,622,3665006,5892.29,5830.0,1060.48,728.6,721.0,8.1,274,18.0,c,a,550.0,1,Type C,Basic,710,454,823,Low Sales / High Footfall,5325.12,6612.64,24.18,Low Promotion Response,Conversion Improvement Priority,"Review assortment, cross-selling and promotion design because customer traffic is relatively high but sales per customer are weak."
599,784,7659466,9769.73,9638.0,2114.39,875.56,858.0,11.1,353,21.64,d,c,580.0,0,Type D,Extended,106,265,248,High Sales / High Footfall,9142.35,10535.73,15.24,Low Promotion Response,Strong Core Performer,Maintain current operations and use promotions selectively to protect profitability and avoid unnecessary discounting.
600,784,5485348,6996.62,6723.0,1775.02,619.25,609.5,11.19,353,25.37,d,c,17340.0,1,Type D,Extended,471,677,240,High Sales / Low Footfall,6078.08,8118.12,33.56,Moderate Promotion Response,High Customer Value Store,Protect high spending per customer and focus on targeted footfall-building campaigns.
601,781,3807976,4875.77,4759.0,1164.55,394.29,389.0,12.28,350,23.88,d,a,8220.0,1,Type D,Basic,935,1070,113,Low Sales / Low Footfall,4282.58,5606.23,30.91,Moderate Promotion Response,Turnaround Priority,"Conduct store-specific review of local demand, competition, assortment and promotion response before allocating further promotional resources."
602,781,4920431,6300.17,6011.0,1495.24,614.2,609.0,10.18,350,23.73,a,a,2710.0,1,Type A,Basic,617,689,397,Low Sales / Low Footfall,5294.79,7538.21,42.37,Moderate Promotion Response,Turnaround Priority,"Conduct store-specific review of local demand, competition, assortment and promotion response before allocating further promotional resources."
603,764,5297052,6933.31,6443.5,1908.1,945.63,930.5,7.24,342,27.52,a,a,340.0,1,Type A,Basic,492,208,1007,High Sales / High Footfall,5651.07,8515.49,50.69,Moderate Promotion Response,Strong Core Performer,Maintain current operations and use promotions selectively to protect profitability and avoid unnecessary discounting.
604,622,4953601,7963.99,7616.5,1963.06,591.76,575.5,13.35,274,24.65,d,a,10950.0,0,Type D,Basic,280,727,36,High Sales / Low Footfall,6861.5,9364.23,36.47,Moderate Promotion Response,High Customer Value Store,Protect high spending per customer and focus on targeted footfall-building campaigns.
605,778,5466800,7026.74,6748.5,1858.38,508.71,501.0,13.66,348,26.45,d,a,10310.0,1,Type D,Basic,459,906,25,High Sales / Low Footfall,5952.12,8354.56,40.36,Moderate Promotion Response,High Customer Value Store,Protect high spending per customer and focus on targeted footfall-building campaigns.
606,784,4577941,5839.21,5672.0,1457.26,620.82,625.0,9.36,353,24.96,a,a,2260.0,0,Type A,Basic,721,672,558,Low Sales / Low Footfall,4875.57,7015.78,43.9,Moderate Promotion Response,Turnaround Priority,"Conduct store-specific review of local demand, competition, assortment and promotion response before allocating further promotional resources."
607,782,3051294,3901.91,3600.0,1879.57,414.08,421.0,9.18,353,48.17,a,a,350.0,1,Type A,Basic,1064,1053,601,Low Sales / Low Footfall,2551.57,5542.97,117.24,High Promotion Response,Turnaround Priority,"Conduct store-specific review of local demand, competition, assortment and promotion response before allocating further promotional resources."
608,780,7275038,9326.97,8931.5,3423.97,942.58,960.5,9.77,351,36.71,a,c,18370.0,1,Type A,Extended,141,210,466,High Sales / High Footfall,7095.67,12054.12,69.88,High Promotion Response,High-Value Promotion Priority,Prioritise for regular promotions because these stores combine strong baseline performance with high promotional responsiveness.
609,784,3636230,4638.05,4680.5,1140.27,504.62,525.5,9.18,353,24.59,a,a,2070.0,0,Type A,Basic,978,912,602,Low Sales / Low Footfall,3964.09,5460.93,37.76,Moderate Promotion Response,Turnaround Priority,"Conduct store-specific review of local demand, competition, assortment and promotion response before allocating further promotional resources."
610,779,3269954,4197.63,3916.0,1314.89,520.4,506.0,7.95,350,31.32,a,a,660.0,0,Type A,Basic,1044,880,863,Low Sales / Low Footfall,3327.67,5263.95,58.19,High Promotion Response,Turnaround Priority,"Conduct store-specific review of local demand, competition, assortment and promotion response before allocating further promotional resources."
611,622,3602813,5792.3,5652.0,964.7,490.52,484.0,11.77,274,16.65,a,a,8080.0,1,Type A,Basic,729,942,164,Low Sales / Low Footfall,5303.2,6413.5,20.94,Low Promotion Response,Turnaround Priority,"Conduct store-specific review of local demand, competition, assortment and promotion response before allocating further promotional resources."
612,623,4246423,6816.09,6703.0,1797.48,424.18,416.0,15.92,275,26.37,d,c,2490.0,1,Type D,Extended,517,1039,2,High Sales / Low Footfall,5903.88,7970.44,35.0,Moderate Promotion Response,High Customer Value Store,Protect high spending per customer and focus on targeted footfall-building campaigns.
613,782,5261587,6728.37,6390.0,1643.82,1000.85,964.0,6.67,353,24.43,c,a,250.0,1,Type C,Basic,528,164,1064,High Sales / High Footfall,5969.31,7650.86,28.17,Low Promotion Response,Strong Core Performer,Maintain current operations and use promotions selectively to protect profitability and avoid unnecessary discounting.
614,780,5140680,6590.62,6363.0,1532.97,941.19,929.5,6.99,352,23.26,a,a,1160.0,0,Type A,Basic,557,211,1040,High Sales / High Footfall,5819.61,7528.09,29.36,Moderate Promotion Response,Strong Core Performer,Maintain current operations and use promotions selectively to protect profitability and avoid unnecessary discounting.
615,781,7585401,9712.42,9315.0,2304.23,1240.11,1216.0,7.76,350,23.72,d,a,730.0,0,Type D,Basic,110,75,909,High Sales / High Footfall,8376.71,11357.26,35.58,Moderate Promotion Response,Strong Core Performer,Maintain current operations and use promotions selectively to protect profitability and avoid unnecessary discounting.
616,779,6611772,8487.51,8234.0,2107.28,830.42,832.0,10.13,350,24.83,a,c,3040.0,1,Type A,Extended,208,315,405,High Sales / High Footfall,7133.81,10146.76,42.23,Moderate Promotion Response,Strong Core Performer,Maintain current operations and use promotions selectively to protect profitability and avoid unnecessary discounting.
617,780,4960149,6359.17,6356.5,2138.64,574.69,597.0,10.97,352,33.63,a,c,8940.0,1,Type A,Extended,604,762,267,Low Sales / Low Footfall,4997.24,8015.15,60.39,High Promotion Response,Turnaround Priority,"Conduct store-specific review of local demand, competition, assortment and promotion response before allocating further promotional resources."
618,781,5334682,6830.58,6679.0,1603.11,505.57,501.0,13.41,350,23.47,d,c,9910.0,0,Type D,Extended,513,911,31,High Sales / Low Footfall,6115.66,7710.95,26.09,Low Promotion Response,High Customer Value Store,Protect high spending per customer and focus on targeted footfall-building campaigns.
619,622,2676841,4303.6,4072.5,1506.87,428.88,435.5,9.89,274,35.01,a,a,1600.0,1,Type A,Basic,1030,1037,449,Low Sales / Low Footfall,3239.57,5655.01,74.56,High Promotion Response,Turnaround Priority,"Conduct store-specific review of local demand, competition, assortment and promotion response before allocating further promotional resources."
620,622,4835283,7773.77,7664.0,1457.49,709.36,704.5,10.9,274,18.75,d,c,5440.0,1,Type D,Extended,302,488,277,High Sales / High Footfall,7339.37,8325.48,13.44,Low Promotion Response,Strong Core Performer,Maintain current operations and use promotions selectively to protect profitability and avoid unnecessary discounting.
621,779,4608739,5916.22,5633.0,1429.64,806.5,785.0,7.27,350,24.16,a,a,30.0,0,Type A,Basic,703,346,1000,Low Sales / High Footfall,4971.69,7073.95,42.28,Moderate Promotion Response,Conversion Improvement Priority,"Review assortment, cross-selling and promotion design because customer traffic is relatively high but sales per customer are weak."
622,784,3385282,4317.96,4253.5,1151.48,430.0,435.0,9.96,353,26.67,a,c,,0,Type A,Extended,1027,1034,437,Low Sales / Low Footfall,3640.94,5144.58,41.3,Moderate Promotion Response,Turnaround Priority,"Conduct store-specific review of local demand, competition, assortment and promotion response before allocating further promotional resources."
623,766,5473895,7146.08,6991.0,2133.13,834.38,841.5,8.49,345,29.85,a,a,4080.0,1,Type A,Basic,428,313,735,High Sales / High Footfall,6003.86,8539.91,42.24,Moderate Promotion Response,Strong Core Performer,Maintain current operations and use promotions selectively to protect profitability and avoid unnecessary discounting.
624,779,5467853,7019.07,6858.0,2022.62,682.88,687.0,10.17,350,28.82,a,c,6920.0,0,Type A,Extended,463,547,398,High Sales / High Footfall,5804.9,8507.28,46.55,Moderate Promotion Response,Strong Core Performer,Maintain current operations and use promotions selectively to protect profitability and avoid unnecessary discounting.
625,779,4907852,6300.2,5966.0,1745.02,616.85,606.0,10.1,350,27.7,a,a,1170.0,1,Type A,Basic,616,680,415,Low Sales / Low Footfall,5088.27,7785.67,53.01,High Promotion Response,Turnaround Priority,"Conduct store-specific review of local demand, competition, assortment and promotion response before allocating further promotional resources."
626,780,7318373,9382.53,8958.0,2686.28,829.62,809.5,11.17,352,28.63,c,c,10740.0,0,Type C,Extended,132,318,242,High Sales / High Footfall,7678.75,11454.17,49.17,Moderate Promotion Response,Strong Core Performer,Maintain current operations and use promotions selectively to protect profitability and avoid unnecessary discounting.
627,781,4679168,5991.25,5899.0,1543.65,615.62,608.0,9.63,350,25.77,c,c,3970.0,0,Type C,Extended,686,683,502,Low Sales / Low Footfall,5241.1,6915.02,31.94,Moderate Promotion Response,Turnaround Priority,"Conduct store-specific review of local demand, competition, assortment and promotion response before allocating further promotional resources."
628,784,4885169,6231.08,5933.0,1917.56,762.94,758.5,8.04,353,30.77,a,c,2180.0,0,Type A,Extended,637,396,839,Low Sales / High Footfall,5092.61,7621.12,49.65,Moderate Promotion Response,Conversion Improvement Priority,"Review assortment, cross-selling and promotion design because customer traffic is relatively high but sales per customer are weak."
629,622,4760004,7652.74,7445.5,1908.75,678.64,676.0,11.21,274,24.94,d,a,510.0,1,Type D,Basic,328,559,236,High Sales / Low Footfall,6802.87,8732.14,28.36,Low Promotion Response,High Customer Value Store,Protect high spending per customer and focus on targeted footfall-building campaigns.
630,779,5403029,6935.85,6812.0,2617.21,793.58,831.0,8.64,350,37.73,a,a,1690.0,0,Type A,Basic,490,357,709,High Sales / High Footfall,5255.92,8994.97,71.14,High Promotion Response,High-Value Promotion Priority,Prioritise for regular promotions because these stores combine strong baseline performance with high promotional responsiveness.
631,784,4233841,5400.31,5160.5,1225.11,638.44,621.0,8.38,353,22.69,d,c,2870.0,1,Type D,Extended,816,634,757,Low Sales / Low Footfall,4703.01,6251.68,32.93,Moderate Promotion Response,Turnaround Priority,"Conduct store-specific review of local demand, competition, assortment and promotion response before allocating further promotional resources."
632,784,5510559,7028.77,6899.0,1376.22,903.61,890.5,7.73,353,19.58,a,a,3350.0,0,Type A,Basic,458,239,917,High Sales / High Footfall,6484.24,7693.63,18.65,Low Promotion Response,Strong Core Performer,Maintain current operations and use promotions selectively to protect profitability and avoid unnecessary discounting.
633,622,4482889,7207.22,7062.5,1450.95,549.78,530.0,13.08,274,20.13,d,a,11640.0,1,Type D,Basic,417,816,49,High Sales / Low Footfall,6909.78,7584.98,9.77,Low Promotion Response,High Customer Value Store,Protect high spending per customer and focus on targeted footfall-building campaigns.
634,780,5236366,6713.29,6358.0,2506.84,651.2,657.0,10.11,352,37.34,d,a,18610.0,0,Type D,Basic,532,609,409,High Sales / Low Footfall,5071.86,8709.11,71.71,High Promotion Response,High Customer Value Store,Protect high spending per customer and focus on targeted footfall-building campaigns.
635,780,4609211,5909.24,5718.5,2571.72,596.72,615.5,9.73,351,43.52,a,a,27530.0,0,Type A,Basic,705,717,475,Low Sales / Low Footfall,4159.05,8048.37,93.51,High Promotion Response,Turnaround Priority,"Conduct store-specific review of local demand, competition, assortment and promotion response before allocating further promotional resources."
636,623,3692957,5927.7,5256.0,2333.69,714.82,682.0,8.05,275,39.37,c,a,720.0,1,Type C,Basic,700,473,838,Low Sales / High Footfall,4363.78,7906.77,81.19,High Promotion Response,Conversion Improvement Priority,"Review assortment, cross-selling and promotion design because customer traffic is relatively high but sales per customer are weak."
637,622,5415918,8707.26,8388.5,1884.07,693.06,686.0,12.48,274,21.64,d,c,9790.0,1,Type D,Extended,191,524,95,High Sales / High Footfall,7560.97,10163.14,34.42,Moderate Promotion Response,Strong Core Performer,Maintain current operations and use promotions selectively to protect profitability and avoid unnecessary discounting.
638,618,3713936,6009.61,5937.0,1202.81,507.71,508.0,11.79,271,20.01,d,a,10170.0,0,Type D,Basic,682,907,160,Low Sales / Low Footfall,5400.98,6788.91,25.7,Low Promotion Response,Turnaround Priority,"Conduct store-specific review of local demand, competition, assortment and promotion response before allocating further promotional resources."
639,779,3688329,4734.7,4530.0,1509.05,485.98,494.0,9.62,350,31.87,a,a,7780.0,0,Type A,Basic,965,955,503,Low Sales / Low Footfall,3698.78,6004.44,62.34,High Promotion Response,Turnaround Priority,"Conduct store-specific review of local demand, competition, assortment and promotion response before allocating further promotional resources."
640,779,8984969,11533.98,11198.0,2649.29,879.51,863.0,13.0,350,22.97,d,c,8040.0,0,Type D,Extended,44,259,57,High Sales / High Footfall,9908.04,13526.91,36.52,Moderate Promotion Response,Strong Core Performer,Maintain current operations and use promotions selectively to protect profitability and avoid unnecessary discounting.
641,779,4490386,5764.3,5448.0,1911.63,538.06,532.0,10.58,350,33.16,a,c,610.0,1,Type A,Extended,737,842,329,Low Sales / Low Footfall,4494.72,7320.43,62.87,High Promotion Response,Turnaround Priority,"Conduct store-specific review of local demand, competition, assortment and promotion response before allocating further promotional resources."
642,779,2845461,3652.71,3522.0,786.54,479.88,473.0,7.56,350,21.53,c,c,530.0,1,Type C,Extended,1084,961,951,Low Sales / Low Footfall,3209.89,4195.48,30.7,Moderate Promotion Response,Turnaround Priority,"Conduct store-specific review of local demand, competition, assortment and promotion response before allocating further promotional resources."
643,784,6267634,7994.43,7620.0,2103.34,1020.24,992.5,7.75,353,26.31,a,a,230.0,1,Type A,Basic,274,148,911,High Sales / High Footfall,6759.87,9501.78,40.56,Moderate Promotion Response,Strong Core Performer,Maintain current operations and use promotions selectively to protect profitability and avoid unnecessary discounting.
644,592,5537010,9353.06,9115.5,2688.07,1029.51,1011.0,8.98,263,28.74,c,a,4030.0,1,Type C,Basic,137,143,646,High Sales / High Footfall,8855.02,9976.08,12.66,Low Promotion Response,Strong Core Performer,Maintain current operations and use promotions selectively to protect profitability and avoid unnecessary discounting.
645,777,8337410,10730.26,10264.0,2748.23,1327.29,1311.0,8.0,348,25.61,a,a,90.0,1,Type A,Basic,66,57,852,High Sales / High Footfall,9043.5,12809.63,41.64,Moderate Promotion Response,Strong Core Performer,Maintain current operations and use promotions selectively to protect profitability and avoid unnecessary discounting.
646,622,3126126,5025.93,4828.5,982.82,706.41,691.0,7.08,274,19.55,a,a,620.0,0,Type A,Basic,903,494,1028,Low Sales / High Footfall,4450.28,5757.04,29.36,Moderate Promotion Response,Conversion Improvement Priority,"Review assortment, cross-selling and promotion design because customer traffic is relatively high but sales per customer are weak."
647,784,4527267,5774.58,5499.0,1561.41,677.49,661.0,8.42,353,27.04,a,c,7420.0,0,Type A,Extended,733,561,750,Low Sales / Low Footfall,4791.01,6975.48,45.6,Moderate Promotion Response,Turnaround Priority,"Conduct store-specific review of local demand, competition, assortment and promotion response before allocating further promotional resources."
648,784,5154013,6574.0,6423.5,1439.7,609.82,603.0,10.71,353,21.9,d,a,2130.0,0,Type D,Basic,562,697,303,Low Sales / Low Footfall,5674.96,7671.69,35.18,Moderate Promotion Response,Turnaround Priority,"Conduct store-specific review of local demand, competition, assortment and promotion response before allocating further promotional resources."
649,780,2873358,3683.79,3632.5,1457.82,386.68,402.0,9.35,351,39.57,a,a,14570.0,0,Type A,Basic,1083,1078,562,Low Sales / Low Footfall,2733.9,4844.77,77.21,High Promotion Response,Turnaround Priority,"Conduct store-specific review of local demand, competition, assortment and promotion response before allocating further promotional resources."
650,622,3975207,6391.01,6358.0,1114.58,663.82,657.0,9.59,274,17.44,a,a,1420.0,1,Type A,Basic,600,579,516,Low Sales / Low Footfall,5863.87,7060.51,20.41,Low Promotion Response,Turnaround Priority,"Conduct store-specific review of local demand, competition, assortment and promotion response before allocating further promotional resources."
651,779,5932759,7615.87,7389.0,1585.89,948.42,930.0,7.98,350,20.82,a,a,200.0,0,Type A,Basic,339,207,856,High Sales / High Footfall,6728.65,8703.33,29.35,Low Promotion Response,Strong Core Performer,Maintain current operations and use promotions selectively to protect profitability and avoid unnecessary discounting.
652,782,5190629,6637.63,6248.0,2201.55,681.02,662.0,9.55,353,33.17,a,a,20390.0,0,Type A,Basic,545,554,525,High Sales / High Footfall,5156.77,8437.32,63.62,High Promotion Response,High-Value Promotion Priority,Prioritise for regular promotions because these stores combine strong baseline performance with high promotional responsiveness.
653,779,4608178,5915.5,5678.0,1519.76,500.18,490.0,11.73,350,25.69,d,c,7520.0,1,Type D,Extended,704,922,168,Low Sales / Low Footfall,4944.71,7105.42,43.7,Moderate Promotion Response,Turnaround Priority,"Conduct store-specific review of local demand, competition, assortment and promotion response before allocating further promotional resources."
654,780,5050619,6475.15,6297.0,2451.65,684.18,705.0,9.34,352,37.86,c,a,6930.0,0,Type C,Basic,582,543,564,Low Sales / High Footfall,4828.61,8477.2,75.56,High Promotion Response,Conversion Improvement Priority,"Review assortment, cross-selling and promotion design because customer traffic is relatively high but sales per customer are weak."
655,779,6256703,8031.71,7566.0,2492.5,687.45,665.0,11.5,350,31.03,d,c,960.0,1,Type D,Extended,265,539,196,High Sales / High Footfall,6703.29,9659.98,44.11,Moderate Promotion Response,Strong Core Performer,Maintain current operations and use promotions selectively to protect profitability and avoid unnecessary discounting.
656,781,2534495,3245.19,3141.0,690.3,379.17,373.0,8.5,350,21.27,d,a,410.0,1,Type D,Basic,1104,1084,730,Low Sales / Low Footfall,2833.33,3752.37,32.44,Moderate Promotion Response,Turnaround Priority,"Conduct store-specific review of local demand, competition, assortment and promotion response before allocating further promotional resources."
657,776,4698459,6054.72,5585.5,2046.3,766.15,739.0,7.76,348,33.8,c,c,80.0,1,Type C,Extended,669,392,910,Low Sales / High Footfall,4872.46,7508.75,54.11,High Promotion Response,Conversion Improvement Priority,"Review assortment, cross-selling and promotion design because customer traffic is relatively high but sales per customer are weak."
658,779,4719829,6058.83,5776.0,1804.01,598.63,596.0,9.99,350,29.77,d,c,520.0,1,Type D,Extended,667,714,434,Low Sales / Low Footfall,4853.03,7536.8,55.3,High Promotion Response,Turnaround Priority,"Conduct store-specific review of local demand, competition, assortment and promotion response before allocating further promotional resources."
659,781,4407938,5643.97,5391.0,1698.37,685.07,693.0,8.16,350,30.09,d,a,1590.0,0,Type D,Basic,765,542,801,Low Sales / High Footfall,4511.6,7038.4,56.01,High Promotion Response,Conversion Improvement Priority,"Review assortment, cross-selling and promotion design because customer traffic is relatively high but sales per customer are weak."
660,622,2871525,4616.6,4397.0,1569.43,497.47,501.0,9.14,274,34.0,a,a,1200.0,1,Type A,Basic,980,925,613,Low Sales / Low Footfall,3535.92,5989.15,69.38,High Promotion Response,Turnaround Priority,"Conduct store-specific review of local demand, competition, assortment and promotion response before allocating further promotional resources."
661,768,5503903,7166.54,7067.5,1443.56,589.86,582.0,12.07,344,20.14,d,c,2140.0,0,Type D,Extended,424,731,126,High Sales / Low Footfall,6582.73,7886.12,19.8,Low Promotion Response,High Customer Value Store,Protect high spending per customer and focus on targeted footfall-building campaigns.
662,784,6616587,8439.52,7851.0,2678.18,771.35,737.0,10.74,353,31.73,d,a,1070.0,0,Type D,Basic,217,389,299,High Sales / High Footfall,6573.84,10717.45,63.03,High Promotion Response,High-Value Promotion Priority,Prioritise for regular promotions because these stores combine strong baseline performance with high promotional responsiveness.
663,756,3623173,4792.56,4842.0,1619.66,653.79,678.0,7.22,341,33.8,a,c,7860.0,0,Type A,Extended,952,601,1011,Low Sales / Low Footfall,4408.07,5260.49,19.34,Low Promotion Response,Turnaround Priority,"Conduct store-specific review of local demand, competition, assortment and promotion response before allocating further promotional resources."
664,780,3858158,4946.36,4641.5,1521.67,602.41,586.0,8.07,351,30.76,d,c,1680.0,0,Type D,Extended,918,707,829,Low Sales / Low Footfall,4007.9,6093.36,52.03,High Promotion Response,Turnaround Priority,"Conduct store-specific review of local demand, competition, assortment and promotion response before allocating further promotional resources."
665,773,6360621,8228.49,7791.0,2507.92,1262.45,1278.0,6.43,349,30.48,a,a,90.0,1,Type A,Basic,247,73,1080,High Sales / High Footfall,6544.76,10274.04,56.98,High Promotion Response,High-Value Promotion Priority,Prioritise for regular promotions because these stores combine strong baseline performance with high promotional responsiveness.
666,777,5451906,7016.61,6986.0,2066.73,654.84,651.0,10.57,348,29.45,c,c,2700.0,1,Type C,Extended,464,599,330,High Sales / Low Footfall,5929.97,8356.18,40.91,Moderate Promotion Response,High Customer Value Store,Protect high spending per customer and focus on targeted footfall-building campaigns.
667,783,6879831,8786.5,8375.0,2226.78,793.33,774.0,10.95,353,25.34,d,c,2870.0,0,Type D,Extended,183,358,273,High Sales / High Footfall,7407.19,10466.68,41.3,Moderate Promotion Response,Strong Core Performer,Maintain current operations and use promotions selectively to protect profitability and avoid unnecessary discounting.
668,784,7009629,8940.85,8594.0,1995.51,1156.73,1133.0,7.66,353,22.32,c,a,1270.0,0,Type C,Basic,168,91,937,High Sales / High Footfall,7697.2,10459.31,35.88,Moderate Promotion Response,Strong Core Performer,Maintain current operations and use promotions selectively to protect profitability and avoid unnecessary discounting.
669,622,2807854,4514.23,4406.0,988.8,393.92,389.0,11.41,274,21.9,d,a,17080.0,1,Type D,Basic,1007,1071,210,Low Sales / Low Footfall,4084.78,5059.67,23.87,Low Promotion Response,Turnaround Priority,"Conduct store-specific review of local demand, competition, assortment and promotion response before allocating further promotional resources."
670,621,4092358,6589.95,6242.0,1557.38,700.6,687.0,9.32,274,23.63,a,a,2060.0,1,Type A,Basic,558,509,570,High Sales / High Footfall,5537.36,7922.97,43.08,Moderate Promotion Response,Strong Core Performer,Maintain current operations and use promotions selectively to protect profitability and avoid unnecessary discounting.
671,622,3691881,5935.5,5727.5,1357.13,593.86,587.0,9.92,274,22.86,a,c,2070.0,1,Type A,Extended,697,724,442,Low Sales / Low Footfall,5137.45,6949.09,35.26,Moderate Promotion Response,Turnaround Priority,"Conduct store-specific review of local demand, competition, assortment and promotion response before allocating further promotional resources."
672,780,6892942,8837.11,8588.5,2107.62,1389.21,1351.5,6.33,352,23.85,c,a,240.0,0,Type C,Basic,178,49,1090,High Sales / High Footfall,7917.84,9954.85,25.73,Low Promotion Response,Strong Core Performer,Maintain current operations and use promotions selectively to protect profitability and avoid unnecessary discounting.
673,777,5536916,7126.02,6717.0,1893.12,582.73,563.0,12.08,348,26.57,d,c,15170.0,1,Type D,Extended,434,748,125,High Sales / Low Footfall,6123.28,8362.16,36.56,Moderate Promotion Response,High Customer Value Store,Protect high spending per customer and focus on targeted footfall-building campaigns.
674,745,6112239,8204.35,7815.0,2708.85,1015.48,1011.0,7.99,335,33.02,a,a,2640.0,1,Type A,Basic,250,154,854,High Sales / High Footfall,6689.5,10058.34,50.36,Moderate Promotion Response,Strong Core Performer,Maintain current operations and use promotions selectively to protect profitability and avoid unnecessary discounting.
675,781,3341266,4278.19,4153.0,1579.84,448.37,434.0,9.45,352,36.93,a,a,2100.0,1,Type A,Basic,1031,1017,538,Low Sales / Low Footfall,3284.99,5488.65,67.08,High Promotion Response,Turnaround Priority,"Conduct store-specific review of local demand, competition, assortment and promotion response before allocating further promotional resources."
676,918,7057092,7687.46,7395.0,2397.41,1687.59,1716.0,4.5,347,31.19,b,b,1410.0,0,Type B,Extra,322,26,1108,High Sales / High Footfall,7529.67,7947.11,5.54,Low Promotion Response,Strong Core Performer,Maintain current operations and use promotions selectively to protect profitability and avoid unnecessary discounting.
677,622,4938047,7938.98,7657.5,2024.71,637.67,628.0,12.34,274,25.5,d,a,1740.0,1,Type D,Basic,283,637,104,High Sales / Low Footfall,6831.57,9345.48,36.8,Moderate Promotion Response,High Customer Value Store,Protect high spending per customer and focus on targeted footfall-building campaigns.
678,779,5686651,7299.94,6825.0,2104.29,825.32,801.0,8.74,350,28.83,c,a,3250.0,1,Type C,Basic,391,324,691,High Sales / High Footfall,6161.64,8695.17,41.12,Moderate Promotion Response,Strong Core Performer,Maintain current operations and use promotions selectively to protect profitability and avoid unnecessary discounting.
679,784,7796037,9943.92,9589.5,2153.79,1061.42,1049.5,9.32,353,21.66,a,a,4140.0,0,Type A,Basic,96,133,571,High Sales / High Footfall,8617.01,11564.03,34.2,Moderate Promotion Response,Strong Core Performer,Maintain current operations and use promotions selectively to protect profitability and avoid unnecessary discounting.
680,784,4080960,5205.31,4984.5,1322.6,791.02,761.0,6.53,353,25.41,c,a,170.0,1,Type C,Basic,865,366,1074,Low Sales / High Footfall,5016.4,5435.95,8.36,Low Promotion Response,Conversion Improvement Priority,"Review assortment, cross-selling and promotion design because customer traffic is relatively high but sales per customer are weak."
681,766,2731676,3566.16,3438.0,1149.58,489.58,496.0,7.21,343,32.24,a,c,620.0,1,Type A,Extended,1090,945,1014,Low Sales / Low Footfall,2994.57,4271.06,42.63,Moderate Promotion Response,Turnaround Priority,"Conduct store-specific review of local demand, competition, assortment and promotion response before allocating further promotional resources."
682,942,10557379,11207.41,11113.5,3253.52,1758.84,1834.5,6.28,360,29.03,b,a,150.0,0,Type B,Basic,49,23,1091,High Sales / High Footfall,9216.67,14425.78,56.52,High Promotion Response,High-Value Promotion Priority,Prioritise for regular promotions because these stores combine strong baseline performance with high promotional responsiveness.
683,784,7171315,9147.09,8796.0,2565.59,878.3,883.0,10.32,353,28.05,a,a,2850.0,0,Type A,Basic,156,262,374,High Sales / High Footfall,7484.99,11176.44,49.32,Moderate Promotion Response,Strong Core Performer,Maintain current operations and use promotions selectively to protect profitability and avoid unnecessary discounting.
684,622,4802690,7721.37,7554.0,2302.1,619.21,598.0,12.34,274,29.81,d,c,680.0,1,Type D,Extended,315,678,107,High Sales / Low Footfall,6798.76,8893.15,30.81,Moderate Promotion Response,High Customer Value Store,Protect high spending per customer and focus on targeted footfall-building campaigns.
685,779,5165199,6630.55,6487.0,2629.94,612.45,609.0,10.61,350,39.66,a,a,650.0,1,Type A,Basic,548,692,318,High Sales / Low Footfall,4962.1,8675.59,74.84,High Promotion Response,High Customer Value Store,Protect high spending per customer and focus on targeted footfall-building campaigns.
686,780,4875320,6250.41,6049.5,2494.94,753.72,782.5,8.17,352,39.92,a,a,20050.0,0,Type A,Basic,631,413,798,Low Sales / High Footfall,4620.41,8232.34,78.17,High Promotion Response,Conversion Improvement Priority,"Review assortment, cross-selling and promotion design because customer traffic is relatively high but sales per customer are weak."
687,779,6522150,8372.46,8110.0,1796.75,734.38,721.0,11.31,350,21.46,d,c,2770.0,0,Type D,Extended,229,443,223,High Sales / High Footfall,7447.89,9505.73,27.63,Low Promotion Response,Strong Core Performer,Maintain current operations and use promotions selectively to protect profitability and avoid unnecessary discounting.
688,780,2820350,3615.83,3581.0,1390.53,364.15,377.5,9.75,351,38.46,a,a,18760.0,1,Type A,Basic,1086,1089,470,Low Sales / Low Footfall,2691.96,4745.02,76.27,High Promotion Response,Turnaround Priority,"Conduct store-specific review of local demand, competition, assortment and promotion response before allocating further promotional resources."
689,781,5503014,7046.11,6646.0,1905.66,713.45,699.0,9.76,350,27.05,d,a,15040.0,0,Type D,Basic,453,477,468,High Sales / High Footfall,5771.35,8615.89,49.29,Moderate Promotion Response,Strong Core Performer,Maintain current operations and use promotions selectively to protect profitability and avoid unnecessary discounting.
690,779,4354600,5589.99,5333.0,1382.51,792.15,785.0,7.0,350,24.73,a,a,100.0,0,Type A,Basic,768,362,1039,Low Sales / High Footfall,4716.95,6660.09,41.19,Moderate Promotion Response,Conversion Improvement Priority,"Review assortment, cross-selling and promotion design because customer traffic is relatively high but sales per customer are weak."
691,779,6521018,8371.01,8188.0,2073.72,621.31,618.0,13.36,350,24.77,d,c,3030.0,1,Type D,Extended,230,668,34,High Sales / Low Footfall,7218.12,9784.13,35.55,Moderate Promotion Response,High Customer Value Store,Protect high spending per customer and focus on targeted footfall-building campaigns.
692,779,5132377,6588.42,6128.0,2201.55,797.07,791.0,8.14,350,33.42,a,a,40.0,0,Type A,Basic,559,353,805,Low Sales / High Footfall,5035.33,8492.06,68.65,High Promotion Response,Conversion Improvement Priority,"Review assortment, cross-selling and promotion design because customer traffic is relatively high but sales per customer are weak."
693,781,5160800,6607.94,5437.0,2807.45,494.53,442.0,12.96,350,42.49,d,a,450.0,1,Type D,Basic,555,933,60,High Sales / Low Footfall,4577.87,9107.82,98.95,High Promotion Response,High Customer Value Store,Protect high spending per customer and focus on targeted footfall-building campaigns.
694,622,5005559,8047.52,8081.5,1565.24,776.32,771.0,10.3,274,19.45,a,c,460.0,1,Type A,Extended,263,381,377,High Sales / High Footfall,7328.44,8960.81,22.27,Low Promotion Response,Strong Core Performer,Maintain current operations and use promotions selectively to protect profitability and avoid unnecessary discounting.
695,779,4201243,5393.12,4978.0,2140.0,513.88,512.0,10.27,350,39.68,a,a,550.0,1,Type A,Basic,817,891,381,Low Sales / Low Footfall,3874.65,7254.34,87.23,High Promotion Response,Turnaround Priority,"Conduct store-specific review of local demand, competition, assortment and promotion response before allocating further promotional resources."
696,784,6154509,7850.14,7519.0,1952.68,995.59,990.0,7.81,353,24.87,a,c,430.0,0,Type A,Extended,291,167,895,High Sales / High Footfall,6702.13,9251.81,38.04,Moderate Promotion Response,Strong Core Performer,Maintain current operations and use promotions selectively to protect profitability and avoid unnecessary discounting.
697,779,8301159,10656.17,10223.0,2543.43,1004.64,983.0,10.5,350,23.87,d,a,3780.0,1,Type D,Basic,71,161,342,High Sales / High Footfall,9109.61,12551.82,37.79,Moderate Promotion Response,Strong Core Performer,Maintain current operations and use promotions selectively to protect profitability and avoid unnecessary discounting.
698,784,12202270,15564.12,15206.0,2506.62,1936.61,1920.0,8.0,353,16.11,a,a,1790.0,0,Type A,Basic,11,17,850,High Sales / High Footfall,14357.3,17037.6,18.67,Low Promotion Response,Strong Core Performer,Maintain current operations and use promotions selectively to protect profitability and avoid unnecessary discounting.
699,765,6373219,8331.01,8040.0,2026.71,979.49,961.0,8.43,341,24.33,a,a,180.0,1,Type A,Basic,236,181,746,High Sales / High Footfall,7307.33,9603.85,31.43,Moderate Promotion Response,Strong Core Performer,Maintain current operations and use promotions selectively to protect profitability and avoid unnecessary discounting.
700,756,3297857,4362.24,4106.5,1671.21,527.83,537.0,8.11,337,38.31,a,c,830.0,1,Type A,Extended,1025,863,816,Low Sales / Low Footfall,3495.17,5440.29,55.65,High Promotion Response,Turnaround Priority,"Conduct store-specific review of local demand, competition, assortment and promotion response before allocating further promotional resources."
701,622,3594522,5778.97,5495.5,1706.47,629.65,623.5,9.02,274,29.53,d,a,1450.0,1,Type D,Basic,732,658,639,Low Sales / Low Footfall,4648.49,7214.78,55.21,High Promotion Response,Turnaround Priority,"Conduct store-specific review of local demand, competition, assortment and promotion response before allocating further promotional resources."
702,622,2720610,4373.97,4144.5,1155.11,347.22,335.0,12.46,274,26.41,a,a,8550.0,1,Type A,Basic,1023,1098,96,Low Sales / Low Footfall,3614.55,5338.49,47.69,Moderate Promotion Response,Turnaround Priority,"Conduct store-specific review of local demand, competition, assortment and promotion response before allocating further promotional resources."
703,779,2563326,3290.53,3076.0,956.94,352.56,349.0,9.23,350,29.08,a,a,80.0,0,Type A,Basic,1102,1095,589,Low Sales / Low Footfall,2630.21,4099.9,55.88,High Promotion Response,Turnaround Priority,"Conduct store-specific review of local demand, competition, assortment and promotion response before allocating further promotional resources."
704,783,8138397,10393.87,10089.0,2443.75,1077.55,1093.0,9.62,352,23.51,d,c,1910.0,0,Type D,Extended,79,126,504,High Sales / High Footfall,8899.4,12223.74,37.35,Moderate Promotion Response,Strong Core Performer,Maintain current operations and use promotions selectively to protect profitability and avoid unnecessary discounting.
705,779,6206501,7967.27,7566.0,2474.76,959.33,961.0,8.19,350,31.06,a,a,4140.0,1,Type A,Basic,278,194,794,High Sales / High Footfall,6303.98,10005.98,58.72,High Promotion Response,High-Value Promotion Priority,Prioritise for regular promotions because these stores combine strong baseline performance with high promotional responsiveness.
706,622,3572311,5743.27,5677.5,1295.16,524.43,517.0,10.89,274,22.55,d,a,7830.0,1,Type D,Basic,747,870,278,Low Sales / Low Footfall,5216.43,6412.38,22.93,Low Promotion Response,Turnaround Priority,"Conduct store-specific review of local demand, competition, assortment and promotion response before allocating further promotional resources."
707,779,6481071,8319.73,8033.0,2529.7,913.95,933.0,9.07,350,30.41,a,c,2900.0,0,Type A,Extended,238,231,631,High Sales / High Footfall,6831.82,10143.49,48.47,Moderate Promotion Response,Strong Core Performer,Maintain current operations and use promotions selectively to protect profitability and avoid unnecessary discounting.
708,687,3145529,4578.64,4288.0,2064.44,473.64,464.0,9.32,310,45.09,c,c,11470.0,1,Type C,Extended,985,973,567,Low Sales / Low Footfall,3943.3,5351.31,35.71,Moderate Promotion Response,Turnaround Priority,"Conduct store-specific review of local demand, competition, assortment and promotion response before allocating further promotional resources."
709,784,7751342,9886.92,10275.5,3169.21,1297.74,1406.0,7.63,353,32.05,a,a,500.0,0,Type A,Basic,99,65,940,High Sales / High Footfall,7899.46,12313.52,55.88,High Promotion Response,High-Value Promotion Priority,Prioritise for regular promotions because these stores combine strong baseline performance with high promotional responsiveness.
710,622,2828018,4546.65,4376.5,1306.1,373.19,369.0,12.03,274,28.73,d,a,1500.0,1,Type D,Basic,995,1086,132,Low Sales / Low Footfall,3830.77,5455.87,42.42,Moderate Promotion Response,Turnaround Priority,"Conduct store-specific review of local demand, competition, assortment and promotion response before allocating further promotional resources."
711,623,4307666,6914.39,6472.0,1853.01,511.32,495.0,13.36,275,26.8,d,a,17110.0,1,Type D,Basic,495,897,33,High Sales / Low Footfall,5701.92,8448.72,48.17,Moderate Promotion Response,High Customer Value Store,Protect high spending per customer and focus on targeted footfall-building campaigns.
712,622,3994137,6421.44,6038.0,1643.02,574.68,566.0,11.07,274,25.59,a,a,4870.0,1,Type A,Basic,596,763,253,Low Sales / Low Footfall,5431.85,7678.29,41.36,Moderate Promotion Response,Turnaround Priority,"Conduct store-specific review of local demand, competition, assortment and promotion response before allocating further promotional resources."
713,779,8349365,10718.06,10398.0,2694.8,1313.77,1302.0,8.08,350,25.14,a,c,220.0,1,Type A,Extended,68,59,827,High Sales / High Footfall,9343.88,12402.4,32.73,Moderate Promotion Response,Strong Core Performer,Maintain current operations and use promotions selectively to protect profitability and avoid unnecessary discounting.
714,777,3538417,4553.95,4395.0,1262.63,331.12,324.0,13.61,348,27.73,d,c,12070.0,1,Type D,Extended,993,1105,27,Low Sales / Low Footfall,4060.27,5162.54,27.15,Low Promotion Response,Turnaround Priority,"Conduct store-specific review of local demand, competition, assortment and promotion response before allocating further promotional resources."
715,776,5037090,6491.1,6371.0,2560.76,675.4,704.5,9.51,348,39.45,a,a,14810.0,0,Type A,Basic,578,566,533,Low Sales / Low Footfall,4818.16,8548.61,77.42,High Promotion Response,Turnaround Priority,"Conduct store-specific review of local demand, competition, assortment and promotion response before allocating further promotional resources."
716,622,3556025,5717.08,5620.0,1250.32,454.31,448.0,12.5,274,21.87,d,a,3200.0,1,Type D,Basic,754,1003,93,Low Sales / Low Footfall,5140.82,6448.97,25.45,Low Promotion Response,Turnaround Priority,"Conduct store-specific review of local demand, competition, assortment and promotion response before allocating further promotional resources."
717,779,4325705,5552.89,5110.0,1884.51,559.42,533.0,9.72,350,33.94,d,c,310.0,1,Type D,Extended,777,795,476,Low Sales / Low Footfall,4269.77,7125.63,66.89,High Promotion Response,Turnaround Priority,"Conduct store-specific review of local demand, competition, assortment and promotion response before allocating further promotional resources."
718,781,6178736,7911.31,7742.0,1759.69,855.24,857.0,9.19,350,22.24,a,a,1100.0,0,Type A,Basic,286,287,598,High Sales / High Footfall,6740.53,9353.05,38.76,Moderate Promotion Response,Strong Core Performer,Maintain current operations and use promotions selectively to protect profitability and avoid unnecessary discounting.
719,622,3348602,5383.6,5235.0,1238.38,456.75,451.0,11.75,274,23.0,c,c,8190.0,1,Type C,Extended,818,998,166,Low Sales / Low Footfall,4985.68,5889.0,18.12,Low Promotion Response,Turnaround Priority,"Conduct store-specific review of local demand, competition, assortment and promotion response before allocating further promotional resources."
720,784,5618245,7166.13,6862.0,1726.21,717.48,698.0,9.89,353,24.09,a,c,15320.0,1,Type A,Extended,425,467,446,High Sales / High Footfall,6140.68,8418.16,37.09,Moderate Promotion Response,Strong Core Performer,Maintain current operations and use promotions selectively to protect profitability and avoid unnecessary discounting.
721,784,6015956,7673.41,7480.0,1470.7,756.2,743.5,10.1,353,19.17,a,c,3590.0,1,Type A,Extended,325,407,414,High Sales / High Footfall,7103.14,8369.7,17.83,Low Promotion Response,Strong Core Performer,Maintain current operations and use promotions selectively to protect profitability and avoid unnecessary discounting.
722,784,7711931,9836.65,9506.0,2022.84,1583.07,1563.0,6.17,353,20.56,a,a,50.0,0,Type A,Basic,102,33,1096,High Sales / High Footfall,8803.16,11098.5,26.07,Low Promotion Response,Strong Core Performer,Maintain current operations and use promotions selectively to protect profitability and avoid unnecessary discounting.
723,781,5492073,7032.1,6764.0,1783.8,566.84,561.0,12.28,350,25.37,d,c,5650.0,1,Type D,Extended,457,780,111,High Sales / Low Footfall,6234.0,8014.92,28.57,Low Promotion Response,High Customer Value Store,Protect high spending per customer and focus on targeted footfall-building campaigns.
724,779,5307253,6812.91,6539.0,1510.57,699.11,689.0,9.7,350,22.17,d,c,5900.0,0,Type D,Extended,518,516,483,High Sales / High Footfall,6108.48,7676.33,25.67,Low Promotion Response,Strong Core Performer,Maintain current operations and use promotions selectively to protect profitability and avoid unnecessary discounting.
725,784,4505981,5747.42,5516.0,1241.2,595.36,582.0,9.59,353,21.6,d,c,17540.0,0,Type D,Extended,744,720,514,Low Sales / Low Footfall,5182.02,6437.76,24.23,Low Promotion Response,Turnaround Priority,"Conduct store-specific review of local demand, competition, assortment and promotion response before allocating further promotional resources."
726,780,8617965,11048.67,10555.5,3926.65,1064.53,1080.5,10.23,352,35.54,a,c,40540.0,0,Type A,Extended,55,130,386,High Sales / High Footfall,8486.3,14164.29,66.91,High Promotion Response,High-Value Promotion Priority,Prioritise for regular promotions because these stores combine strong baseline performance with high promotional responsiveness.
727,781,3537376,4529.29,4431.0,1262.78,452.83,461.0,9.9,350,27.88,a,a,2050.0,0,Type A,Basic,1003,1007,445,Low Sales / Low Footfall,3658.0,5602.22,53.15,High Promotion Response,Turnaround Priority,"Conduct store-specific review of local demand, competition, assortment and promotion response before allocating further promotional resources."
728,777,4075915,5245.71,5166.0,1122.3,458.06,453.0,11.38,348,21.39,d,a,13990.0,1,Type D,Basic,859,996,214,Low Sales / Low Footfall,4846.32,5738.05,18.4,Low Promotion Response,Turnaround Priority,"Conduct store-specific review of local demand, competition, assortment and promotion response before allocating further promotional resources."
729,779,8217604,10548.91,9885.0,2750.8,1082.34,1054.0,9.64,350,26.08,c,c,8980.0,0,Type C,Extended,77,123,498,High Sales / High Footfall,8862.82,12615.59,42.34,Moderate Promotion Response,Strong Core Performer,Maintain current operations and use promotions selectively to protect profitability and avoid unnecessary discounting.
730,784,6315412,8055.37,7735.0,1892.72,984.28,952.0,8.13,353,23.5,c,a,1190.0,0,Type C,Basic,262,177,811,High Sales / High Footfall,7204.18,9094.65,26.24,Low Promotion Response,Strong Core Performer,Maintain current operations and use promotions selectively to protect profitability and avoid unnecessary discounting.
731,776,7177402,9249.23,8653.0,2522.4,950.92,925.5,9.6,348,27.27,a,a,15270.0,1,Type A,Basic,146,203,512,High Sales / High Footfall,7531.64,11361.67,50.85,Moderate Promotion Response,Strong Core Performer,Maintain current operations and use promotions selectively to protect profitability and avoid unnecessary discounting.
732,883,5135916,5816.44,5411.0,2246.66,661.46,623.0,8.73,354,38.63,a,c,35280.0,0,Type A,Extended,724,587,694,Low Sales / Low Footfall,5176.23,6773.13,30.85,Moderate Promotion Response,Turnaround Priority,"Conduct store-specific review of local demand, competition, assortment and promotion response before allocating further promotional resources."
733,942,14067158,14933.29,14795.5,1838.04,3403.46,3393.0,4.39,360,12.31,b,b,860.0,0,Type B,Extra,15,1,1109,High Sales / High Footfall,14370.27,15843.5,10.25,Low Promotion Response,Strong Core Performer,Maintain current operations and use promotions selectively to protect profitability and avoid unnecessary discounting.
734,779,4658828,5980.52,5821.0,2145.69,566.05,560.0,10.46,350,35.88,a,a,220.0,1,Type A,Basic,687,782,347,Low Sales / Low Footfall,4561.68,7719.62,69.23,High Promotion Response,Turnaround Priority,"Conduct store-specific review of local demand, competition, assortment and promotion response before allocating further promotional resources."
735,780,4304462,5518.54,5065.0,2069.06,544.34,522.5,9.89,351,37.49,d,c,1920.0,0,Type D,Extended,787,829,448,Low Sales / Low Footfall,4168.5,7168.59,71.97,High Promotion Response,Turnaround Priority,"Conduct store-specific review of local demand, competition, assortment and promotion response before allocating further promotional resources."
736,622,3261815,5244.08,5089.5,1283.92,509.28,498.0,10.19,274,24.48,c,c,1650.0,1,Type C,Extended,860,903,393,Low Sales / Low Footfall,4526.16,6155.89,36.01,Moderate Promotion Response,Turnaround Priority,"Conduct store-specific review of local demand, competition, assortment and promotion response before allocating further promotional resources."
737,779,4765845,6117.9,5675.0,1957.93,898.41,866.0,6.7,350,32.0,a,a,100.0,1,Type A,Basic,656,244,1063,Low Sales / High Footfall,4922.77,7582.79,54.04,High Promotion Response,Conversion Improvement Priority,"Review assortment, cross-selling and promotion design because customer traffic is relatively high but sales per customer are weak."
738,779,6628200,8508.6,8268.0,1764.39,701.72,693.0,12.04,350,20.74,d,c,5980.0,0,Type D,Extended,206,504,131,High Sales / High Footfall,7634.44,9580.07,25.48,Low Promotion Response,Strong Core Performer,Maintain current operations and use promotions selectively to protect profitability and avoid unnecessary discounting.
739,622,5944868,9557.67,9198.0,2644.02,765.3,746.0,12.34,274,27.66,d,c,2770.0,1,Type D,Extended,118,394,103,High Sales / High Footfall,8055.31,11465.77,42.34,Moderate Promotion Response,Strong Core Performer,Maintain current operations and use promotions selectively to protect profitability and avoid unnecessary discounting.
740,781,5449956,6978.18,6993.0,1727.9,509.15,512.0,13.58,350,24.76,d,a,6400.0,0,Type D,Basic,478,904,28,High Sales / Low Footfall,6007.66,8173.3,36.05,Moderate Promotion Response,High Customer Value Store,Protect high spending per customer and focus on targeted footfall-building campaigns.
741,784,5973663,7619.47,7227.5,1824.49,920.23,902.5,8.2,353,23.95,d,c,11900.0,0,Type D,Extended,336,226,792,High Sales / High Footfall,6588.44,8878.31,34.76,Moderate Promotion Response,Strong Core Performer,Maintain current operations and use promotions selectively to protect profitability and avoid unnecessary discounting.
742,779,6252167,8025.89,7653.0,1983.12,872.78,858.0,9.1,350,24.71,d,c,4380.0,0,Type D,Extended,270,268,621,High Sales / High Footfall,6885.06,9424.21,36.88,Moderate Promotion Response,Strong Core Performer,Maintain current operations and use promotions selectively to protect profitability and avoid unnecessary discounting.
743,780,2976940,3816.59,3668.0,1393.38,418.33,423.0,8.95,352,36.51,a,a,6710.0,1,Type A,Basic,1074,1046,656,Low Sales / Low Footfall,2889.94,4943.31,71.05,High Promotion Response,Turnaround Priority,"Conduct store-specific review of local demand, competition, assortment and promotion response before allocating further promotional resources."
744,605,4511526,7457.07,7345.0,1324.62,834.81,833.0,8.89,265,17.76,a,a,1370.0,1,Type A,Basic,361,312,671,High Sales / High Footfall,6842.52,8245.55,20.5,Low Promotion Response,Strong Core Performer,Maintain current operations and use promotions selectively to protect profitability and avoid unnecessary discounting.
745,780,5849281,7499.08,7260.5,2971.03,709.63,725.0,10.4,352,39.62,a,a,17650.0,1,Type A,Basic,355,487,359,High Sales / High Footfall,5457.26,9981.74,82.91,High Promotion Response,High-Value Promotion Priority,Prioritise for regular promotions because these stores combine strong baseline performance with high promotional responsiveness.
746,781,4716888,6039.55,5730.0,1776.7,509.05,497.0,11.68,350,29.42,d,c,4330.0,1,Type D,Extended,674,905,175,Low Sales / Low Footfall,5045.92,7263.14,43.94,Moderate Promotion Response,Turnaround Priority,"Conduct store-specific review of local demand, competition, assortment and promotion response before allocating further promotional resources."
747,780,6261174,8027.15,7616.5,2226.4,701.35,680.0,11.3,351,27.74,c,c,45740.0,0,Type C,Extended,269,505,224,High Sales / High Footfall,6702.66,9645.96,43.91,Moderate Promotion Response,Strong Core Performer,Maintain current operations and use promotions selectively to protect profitability and avoid unnecessary discounting.
748,779,4469650,5737.68,5524.0,1569.98,487.66,479.0,11.63,350,27.36,d,a,2380.0,1,Type D,Basic,749,951,183,Low Sales / Low Footfall,4780.27,6911.18,44.58,Moderate Promotion Response,Turnaround Priority,"Conduct store-specific review of local demand, competition, assortment and promotion response before allocating further promotional resources."
749,779,4042901,5189.86,4979.0,1958.36,636.43,654.0,8.02,350,37.73,a,a,3410.0,1,Type A,Basic,869,642,846,Low Sales / Low Footfall,3911.0,6757.38,72.78,High Promotion Response,Turnaround Priority,"Conduct store-specific review of local demand, competition, assortment and promotion response before allocating further promotional resources."
750,622,3108353,4997.35,4869.5,1248.09,402.8,398.0,12.3,274,24.98,d,a,8670.0,1,Type D,Basic,909,1062,110,Low Sales / Low Footfall,4307.95,5872.95,36.33,Moderate Promotion Response,Turnaround Priority,"Conduct store-specific review of local demand, competition, assortment and promotion response before allocating further promotional resources."
751,779,3284432,4216.22,3952.0,1076.97,573.74,563.0,7.29,350,25.54,a,a,650.0,0,Type A,Basic,1039,765,996,Low Sales / Low Footfall,3563.83,5015.85,40.74,Moderate Promotion Response,Turnaround Priority,"Conduct store-specific review of local demand, competition, assortment and promotion response before allocating further promotional resources."
752,779,4091043,5251.66,4790.0,1904.58,459.4,445.0,11.23,350,36.27,a,a,970.0,1,Type A,Basic,856,993,232,Low Sales / Low Footfall,3953.14,6843.27,73.11,High Promotion Response,Turnaround Priority,"Conduct store-specific review of local demand, competition, assortment and promotion response before allocating further promotional resources."
753,779,6785308,8710.28,8344.0,2251.26,764.32,740.0,11.26,350,25.85,d,c,540.0,1,Type D,Extended,190,395,229,High Sales / High Footfall,7209.39,10549.95,46.34,Moderate Promotion Response,Strong Core Performer,Maintain current operations and use promotions selectively to protect profitability and avoid unnecessary discounting.
754,782,6324001,8086.96,7666.0,2641.46,965.56,944.0,8.26,353,32.66,c,c,380.0,1,Type C,Extended,260,187,777,High Sales / High Footfall,6648.17,9835.51,47.94,Moderate Promotion Response,Strong Core Performer,Maintain current operations and use promotions selectively to protect profitability and avoid unnecessary discounting.
755,781,8187392,10483.22,10121.0,2356.56,895.42,878.0,11.62,352,22.48,d,c,13130.0,0,Type D,Extended,78,246,186,High Sales / High Footfall,9185.79,12064.45,31.34,Moderate Promotion Response,Strong Core Performer,Maintain current operations and use promotions selectively to protect profitability and avoid unnecessary discounting.
756,779,12911782,16574.82,16367.0,3912.56,2346.57,2287.0,7.04,350,23.61,a,c,50.0,1,Type A,Extended,10,12,1036,High Sales / High Footfall,15212.01,18245.23,19.94,Low Promotion Response,Strong Core Performer,Maintain current operations and use promotions selectively to protect profitability and avoid unnecessary discounting.
757,777,4832775,6219.79,5895.0,1632.85,535.86,521.0,11.49,348,26.25,a,c,3450.0,0,Type A,Extended,640,847,197,Low Sales / Low Footfall,5240.31,7427.25,41.73,Moderate Promotion Response,Turnaround Priority,"Conduct store-specific review of local demand, competition, assortment and promotion response before allocating further promotional resources."
758,774,3768116,4868.37,4793.5,1281.24,636.82,653.0,7.62,346,26.32,a,c,19780.0,0,Type A,Extended,937,640,943,Low Sales / Low Footfall,4043.03,5889.31,45.67,Moderate Promotion Response,Turnaround Priority,"Conduct store-specific review of local demand, competition, assortment and promotion response before allocating further promotional resources."
759,779,5460897,7010.14,6574.0,2221.45,774.45,754.0,8.9,350,31.69,a,a,110.0,1,Type A,Basic,467,385,664,High Sales / High Footfall,5461.24,8908.64,63.12,High Promotion Response,High-Value Promotion Priority,Prioritise for regular promotions because these stores combine strong baseline performance with high promotional responsiveness.
760,777,5935009,7638.36,7539.0,1018.89,1227.25,1222.0,6.22,349,13.34,a,a,560.0,0,Type A,Basic,333,79,1094,High Sales / High Footfall,7458.17,7859.34,5.38,Low Promotion Response,Strong Core Performer,Maintain current operations and use promotions selectively to protect profitability and avoid unnecessary discounting.
761,784,6843911,8729.48,8416.5,2103.08,994.95,992.5,8.7,353,24.09,a,a,2390.0,0,Type A,Basic,188,168,698,High Sales / High Footfall,7386.45,10369.26,40.38,Moderate Promotion Response,Strong Core Performer,Maintain current operations and use promotions selectively to protect profitability and avoid unnecessary discounting.
762,762,2965697,3891.99,3695.5,1199.35,390.15,378.0,9.83,343,30.82,d,c,1280.0,1,Type D,Extended,1065,1074,460,Low Sales / Low Footfall,3344.27,4561.07,36.38,Moderate Promotion Response,Turnaround Priority,"Conduct store-specific review of local demand, competition, assortment and promotion response before allocating further promotional resources."
763,784,4802197,6125.25,5910.5,1396.92,586.28,576.0,10.37,353,22.81,d,c,32240.0,0,Type D,Extended,653,740,364,Low Sales / Low Footfall,5372.45,7044.4,31.12,Moderate Promotion Response,Turnaround Priority,"Conduct store-specific review of local demand, competition, assortment and promotion response before allocating further promotional resources."
764,767,2714404,3538.99,3602.0,1382.91,396.27,421.0,8.84,344,39.08,a,c,26490.0,1,Type A,Extended,1093,1066,679,Low Sales / Low Footfall,2864.62,4368.23,52.49,High Promotion Response,Turnaround Priority,"Conduct store-specific review of local demand, competition, assortment and promotion response before allocating further promotional resources."
765,777,6609836,8506.87,8274.0,2069.19,710.71,713.0,11.91,348,24.32,a,c,25430.0,1,Type A,Extended,207,486,145,High Sales / High Footfall,7321.71,9967.89,36.14,Moderate Promotion Response,Strong Core Performer,Maintain current operations and use promotions selectively to protect profitability and avoid unnecessary discounting.
766,622,3809093,6123.94,5964.0,1446.24,529.7,523.0,11.47,274,23.62,d,c,9820.0,0,Type D,Extended,655,861,201,Low Sales / Low Footfall,5423.07,7014.11,29.34,Low Promotion Response,Turnaround Priority,"Conduct store-specific review of local demand, competition, assortment and promotion response before allocating further promotional resources."
767,784,4722348,6023.4,5945.0,1877.21,615.3,625.0,9.71,353,31.17,a,c,13080.0,0,Type A,Extended,680,686,479,Low Sales / Low Footfall,4865.06,7437.69,52.88,High Promotion Response,Turnaround Priority,"Conduct store-specific review of local demand, competition, assortment and promotion response before allocating further promotional resources."
768,784,10185601,12991.84,12366.0,3350.46,1345.44,1310.5,9.53,353,25.79,a,c,2630.0,0,Type A,Extended,28,55,528,High Sales / High Footfall,10856.76,15598.69,43.68,Moderate Promotion Response,Strong Core Performer,Maintain current operations and use promotions selectively to protect profitability and avoid unnecessary discounting.
769,942,10198000,10825.9,10732.0,1851.33,3081.05,3079.0,3.53,360,17.1,b,b,840.0,1,Type B,Extra,62,6,1115,High Sales / High Footfall,10395.7,11521.39,10.83,Low Promotion Response,Strong Core Performer,Maintain current operations and use promotions selectively to protect profitability and avoid unnecessary discounting.
770,779,5046197,6477.79,6191.0,2006.4,733.26,733.0,8.75,350,30.97,a,c,100.0,0,Type A,Extended,581,445,690,Low Sales / High Footfall,5208.47,8033.61,54.24,High Promotion Response,Conversion Improvement Priority,"Review assortment, cross-selling and promotion design because customer traffic is relatively high but sales per customer are weak."
771,622,4181091,6722.01,6452.0,1531.75,689.02,680.5,9.71,274,22.79,a,a,20640.0,0,Type A,Basic,530,535,478,High Sales / High Footfall,5839.84,7842.43,34.29,Moderate Promotion Response,Strong Core Performer,Maintain current operations and use promotions selectively to protect profitability and avoid unnecessary discounting.
772,783,2804862,3582.2,3457.0,827.11,488.14,484.0,7.28,352,23.09,d,c,1850.0,0,Type D,Extended,1089,949,997,Low Sales / Low Footfall,3237.63,4004.11,23.67,Low Promotion Response,Turnaround Priority,"Conduct store-specific review of local demand, competition, assortment and promotion response before allocating further promotional resources."
773,781,4464281,5716.11,5624.0,1236.37,791.86,800.0,7.2,350,21.63,a,a,200.0,0,Type A,Basic,755,364,1015,Low Sales / High Footfall,4990.82,6609.25,32.43,Moderate Promotion Response,Conversion Improvement Priority,"Review assortment, cross-selling and promotion design because customer traffic is relatively high but sales per customer are weak."
774,784,4307095,5493.74,5350.5,1119.91,713.42,720.0,7.67,353,20.39,a,c,640.0,0,Type A,Extended,797,479,935,Low Sales / High Footfall,4846.96,6283.45,29.64,Moderate Promotion Response,Conversion Improvement Priority,"Review assortment, cross-selling and promotion design because customer traffic is relatively high but sales per customer are weak."
775,622,5405733,8690.89,8473.0,1777.63,621.09,611.5,13.92,274,20.45,d,c,6970.0,1,Type D,Extended,194,670,19,High Sales / Low Footfall,7879.4,9721.54,23.38,Low Promotion Response,High Customer Value Store,Protect high spending per customer and focus on targeted footfall-building campaigns.
776,776,3728530,4804.81,4571.0,1327.68,534.57,524.5,8.89,348,27.63,c,a,700.0,1,Type C,Basic,950,850,668,Low Sales / Low Footfall,3975.87,5824.31,46.49,Moderate Promotion Response,Turnaround Priority,"Conduct store-specific review of local demand, competition, assortment and promotion response before allocating further promotional resources."
777,779,3109262,3991.35,3845.0,1063.96,350.51,345.0,11.26,349,26.66,d,c,8250.0,1,Type D,Extended,1058,1096,228,Low Sales / Low Footfall,3533.51,4555.45,28.92,Low Promotion Response,Turnaround Priority,"Conduct store-specific review of local demand, competition, assortment and promotion response before allocating further promotional resources."
778,622,3670582,5901.26,5509.5,1409.57,800.49,773.5,7.31,274,23.89,a,a,340.0,1,Type A,Basic,708,350,994,Low Sales / High Footfall,4906.15,7165.11,46.04,Moderate Promotion Response,Conversion Improvement Priority,"Review assortment, cross-selling and promotion design because customer traffic is relatively high but sales per customer are weak."
779,780,5560247,7128.52,6961.5,2894.21,700.08,732.0,10.04,352,40.6,a,a,16990.0,0,Type A,Basic,433,510,426,High Sales / High Footfall,5246.75,9416.59,79.47,High Promotion Response,High-Value Promotion Priority,Prioritise for regular promotions because these stores combine strong baseline performance with high promotional responsiveness.
780,780,5106807,6547.19,6450.0,2520.14,788.99,814.5,8.21,352,38.49,a,a,18160.0,0,Type A,Basic,570,371,790,Low Sales / High Footfall,4899.56,8550.55,74.52,High Promotion Response,Conversion Improvement Priority,"Review assortment, cross-selling and promotion design because customer traffic is relatively high but sales per customer are weak."
781,780,3839505,4922.44,4582.0,1777.42,672.96,667.5,7.17,351,36.11,a,a,630.0,0,Type A,Basic,923,569,1019,Low Sales / Low Footfall,3728.17,6382.11,71.19,High Promotion Response,Turnaround Priority,"Conduct store-specific review of local demand, competition, assortment and promotion response before allocating further promotional resources."
782,779,4275775,5488.8,5320.0,1310.04,513.21,506.0,10.61,350,23.87,c,c,5390.0,1,Type C,Extended,799,895,322,Low Sales / Low Footfall,4871.27,6245.71,28.22,Low Promotion Response,Turnaround Priority,"Conduct store-specific review of local demand, competition, assortment and promotion response before allocating further promotional resources."
783,782,5364665,6860.19,6600.5,1579.81,678.67,663.5,10.03,353,23.03,d,c,15490.0,0,Type D,Extended,505,558,430,High Sales / High Footfall,6000.48,7904.99,31.74,Moderate Promotion Response,Strong Core Performer,Maintain current operations and use promotions selectively to protect profitability and avoid unnecessary discounting.
784,779,6038270,7751.31,7326.0,2295.7,825.17,812.0,9.27,350,29.62,a,a,560.0,1,Type A,Basic,306,325,578,High Sales / High Footfall,6315.52,9511.18,50.6,Moderate Promotion Response,Strong Core Performer,Maintain current operations and use promotions selectively to protect profitability and avoid unnecessary discounting.
785,779,5072473,6511.52,6139.0,2014.01,561.39,547.0,11.42,350,30.93,d,c,970.0,1,Type D,Extended,573,793,208,Low Sales / Low Footfall,5529.5,7715.2,39.53,Moderate Promotion Response,Turnaround Priority,"Conduct store-specific review of local demand, competition, assortment and promotion response before allocating further promotional resources."
786,780,2779666,3563.67,3618.5,1452.81,553.02,588.5,6.35,351,40.77,a,a,290.0,1,Type A,Basic,1091,811,1087,Low Sales / Low Footfall,2598.96,4742.77,82.49,High Promotion Response,Turnaround Priority,"Conduct store-specific review of local demand, competition, assortment and promotion response before allocating further promotional resources."
787,780,7977175,10227.15,9920.5,2596.09,1141.97,1124.0,8.88,352,25.38,c,c,3210.0,0,Type C,Extended,87,98,673,High Sales / High Footfall,8719.25,12060.62,38.32,Moderate Promotion Response,Strong Core Performer,Maintain current operations and use promotions selectively to protect profitability and avoid unnecessary discounting.
788,784,14082141,17961.91,17494.0,3150.65,1717.9,1714.0,10.44,353,17.54,a,c,1530.0,0,Type A,Extended,8,24,353,High Sales / High Footfall,16028.15,20322.97,26.8,Low Promotion Response,Strong Core Performer,Maintain current operations and use promotions selectively to protect profitability and avoid unnecessary discounting.
789,777,2626269,3380.01,3342.0,630.27,469.21,475.0,7.22,348,18.65,a,c,9770.0,0,Type A,Extended,1099,981,1010,Low Sales / Low Footfall,3263.83,3523.24,7.95,Low Promotion Response,Turnaround Priority,"Conduct store-specific review of local demand, competition, assortment and promotion response before allocating further promotional resources."
790,781,5820810,7453.02,7368.0,1634.09,682.36,668.0,10.85,350,21.93,d,c,9070.0,0,Type D,Extended,363,551,285,High Sales / High Footfall,6795.02,8263.3,21.61,Low Promotion Response,Strong Core Performer,Maintain current operations and use promotions selectively to protect profitability and avoid unnecessary discounting.
791,779,5973977,7668.78,7046.0,2181.07,810.4,776.0,9.35,350,28.44,a,a,5950.0,0,Type A,Basic,327,341,563,High Sales / High Footfall,6426.92,9190.94,43.01,Moderate Promotion Response,Strong Core Performer,Maintain current operations and use promotions selectively to protect profitability and avoid unnecessary discounting.
792,779,5756322,7389.37,6876.0,2445.49,691.73,680.0,10.47,350,33.09,d,a,17280.0,1,Type D,Basic,372,527,346,High Sales / High Footfall,5624.17,9553.0,69.86,High Promotion Response,High-Value Promotion Priority,Prioritise for regular promotions because these stores combine strong baseline performance with high promotional responsiveness.
793,779,3764223,4832.12,4430.0,1742.77,457.86,443.0,10.32,350,36.07,d,a,2710.0,0,Type D,Basic,944,997,373,Low Sales / Low Footfall,3702.38,6216.86,67.92,High Promotion Response,Turnaround Priority,"Conduct store-specific review of local demand, competition, assortment and promotion response before allocating further promotional resources."
794,780,2405374,3083.81,3032.5,575.95,521.83,521.5,5.89,352,18.68,c,c,5090.0,0,Type C,Extended,1109,876,1101,Low Sales / Low Footfall,2953.02,3242.84,9.81,Low Promotion Response,Turnaround Priority,"Conduct store-specific review of local demand, competition, assortment and promotion response before allocating further promotional resources."
795,779,3547312,4553.67,4304.0,1502.73,467.3,461.0,9.56,350,33.0,d,a,510.0,1,Type D,Basic,994,984,523,Low Sales / Low Footfall,3541.91,5793.81,63.58,High Promotion Response,Turnaround Priority,"Conduct store-specific review of local demand, competition, assortment and promotion response before allocating further promotional resources."
796,779,5643678,7244.77,6954.0,2144.22,667.8,674.0,10.74,350,29.6,a,c,7180.0,0,Type A,Extended,406,575,298,High Sales / Low Footfall,5794.31,9022.62,55.72,High Promotion Response,High Customer Value Store,Protect high spending per customer and focus on targeted footfall-building campaigns.
797,622,2617520,4208.23,4050.0,1131.54,414.5,409.0,10.04,274,26.89,a,a,2090.0,1,Type A,Basic,1040,1052,427,Low Sales / Low Footfall,3695.33,4859.66,31.51,Moderate Promotion Response,Turnaround Priority,"Conduct store-specific review of local demand, competition, assortment and promotion response before allocating further promotional resources."
798,780,5825254,7468.27,7366.0,2846.77,900.59,940.0,8.25,352,38.12,a,a,9560.0,0,Type A,Basic,360,242,780,High Sales / High Footfall,5627.34,9706.68,72.49,High Promotion Response,High-Value Promotion Priority,Prioritise for regular promotions because these stores combine strong baseline performance with high promotional responsiveness.
799,779,7708195,9894.99,9444.0,2025.61,898.63,878.0,10.94,350,20.47,a,c,2700.0,0,Type A,Extended,98,243,275,High Sales / High Footfall,8940.34,11065.11,23.77,Low Promotion Response,Strong Core Performer,Maintain current operations and use promotions selectively to protect profitability and avoid unnecessary discounting.
800,779,4157860,5337.43,5206.0,1369.94,499.31,493.0,10.59,350,25.67,d,a,2020.0,0,Type D,Basic,831,923,327,Low Sales / Low Footfall,4649.58,6180.55,32.93,Moderate Promotion Response,Turnaround Priority,"Conduct store-specific review of local demand, competition, assortment and promotion response before allocating further promotional resources."
801,784,3798660,4845.23,4554.5,1467.47,474.38,455.5,10.08,353,30.29,d,a,48330.0,0,Type D,Basic,939,971,419,Low Sales / Low Footfall,3983.25,5897.67,48.06,Moderate Promotion Response,Turnaround Priority,"Conduct store-specific review of local demand, competition, assortment and promotion response before allocating further promotional resources."
802,784,5363403,6841.08,6671.0,1694.3,522.99,519.0,12.95,353,24.77,a,c,910.0,1,Type A,Extended,510,875,63,High Sales / Low Footfall,5790.0,8124.4,40.32,Moderate Promotion Response,High Customer Value Store,Protect high spending per customer and focus on targeted footfall-building campaigns.
803,769,4650665,6047.68,5634.0,1845.73,492.09,473.0,12.12,345,30.52,d,a,1760.0,1,Type D,Basic,671,940,123,Low Sales / Low Footfall,4995.48,7340.81,46.95,Moderate Promotion Response,Turnaround Priority,"Conduct store-specific review of local demand, competition, assortment and promotion response before allocating further promotional resources."
804,622,3061600,4922.19,4829.0,1094.29,440.4,430.5,11.11,274,22.23,c,c,2100.0,1,Type C,Extended,924,1025,247,Low Sales / Low Footfall,4604.18,5326.08,15.68,Low Promotion Response,Turnaround Priority,"Conduct store-specific review of local demand, competition, assortment and promotion response before allocating further promotional resources."
805,622,3784390,6084.23,5813.0,1723.83,572.43,558.5,10.51,274,28.33,d,a,24770.0,1,Type D,Basic,663,769,338,Low Sales / Low Footfall,5022.66,7432.49,47.98,Moderate Promotion Response,Turnaround Priority,"Conduct store-specific review of local demand, competition, assortment and promotion response before allocating further promotional resources."
806,622,4234755,6808.29,6260.5,1999.76,525.32,504.0,12.77,274,29.37,d,a,260.0,1,Type D,Basic,519,869,73,High Sales / Low Footfall,5404.04,8591.79,58.99,High Promotion Response,High Customer Value Store,Protect high spending per customer and focus on targeted footfall-building campaigns.
807,781,7669453,9820.04,9708.0,1696.16,982.12,979.0,9.95,350,17.27,a,a,3870.0,0,Type A,Basic,104,178,440,High Sales / High Footfall,8983.08,10850.71,20.79,Low Promotion Response,Strong Core Performer,Maintain current operations and use promotions selectively to protect profitability and avoid unnecessary discounting.
808,780,5687084,7291.13,7200.5,2029.23,601.39,609.0,12.02,352,27.83,a,a,18620.0,1,Type A,Basic,396,708,133,High Sales / Low Footfall,5940.43,8933.47,50.38,Moderate Promotion Response,High Customer Value Store,Protect high spending per customer and focus on targeted footfall-building campaigns.
809,779,7317626,9393.61,8503.0,3007.76,802.21,775.0,11.49,350,32.02,a,a,12770.0,0,Type A,Basic,130,348,198,High Sales / High Footfall,7269.61,11997.04,65.03,High Promotion Response,High-Value Promotion Priority,Prioritise for regular promotions because these stores combine strong baseline performance with high promotional responsiveness.
810,779,4619798,5930.42,5829.0,1270.8,488.84,483.0,12.05,350,21.43,d,c,9640.0,0,Type D,Extended,699,947,130,Low Sales / Low Footfall,5298.11,6705.45,26.56,Low Promotion Response,Turnaround Priority,"Conduct store-specific review of local demand, competition, assortment and promotion response before allocating further promotional resources."
811,784,3239518,4132.04,3955.5,871.78,682.77,664.5,6.02,353,21.1,a,a,410.0,0,Type A,Basic,1049,549,1100,Low Sales / High Footfall,3759.82,4586.5,21.99,Low Promotion Response,Conversion Improvement Priority,"Review assortment, cross-selling and promotion design because customer traffic is relatively high but sales per customer are weak."
812,780,4966087,6366.78,6296.5,2075.07,776.45,807.0,8.11,352,32.59,d,a,2590.0,0,Type D,Basic,603,380,817,Low Sales / High Footfall,4975.0,8059.05,61.99,High Promotion Response,Conversion Improvement Priority,"Review assortment, cross-selling and promotion design because customer traffic is relatively high but sales per customer are weak."
813,777,4514925,5810.71,5701.0,1159.82,650.24,653.0,8.89,348,19.96,a,a,1560.0,0,Type A,Basic,726,611,667,Low Sales / Low Footfall,5138.63,6639.24,29.2,Low Promotion Response,Turnaround Priority,"Conduct store-specific review of local demand, competition, assortment and promotion response before allocating further promotional resources."
814,782,6628829,8476.76,8146.5,2607.11,695.27,687.5,12.01,353,30.76,d,c,24530.0,0,Type D,Extended,212,523,134,High Sales / High Footfall,6773.15,10547.16,55.72,High Promotion Response,High-Value Promotion Priority,Prioritise for regular promotions because these stores combine strong baseline performance with high promotional responsiveness.
815,622,5222211,8395.84,8201.0,2236.92,815.44,823.0,10.23,274,26.64,a,a,590.0,1,Type A,Basic,225,338,387,High Sales / High Footfall,7454.42,9591.51,28.67,Low Promotion Response,Strong Core Performer,Maintain current operations and use promotions selectively to protect profitability and avoid unnecessary discounting.
816,779,3998667,5133.08,4879.0,1331.67,742.63,728.0,6.85,350,25.94,c,c,460.0,0,Type C,Extended,888,428,1052,Low Sales / High Footfall,4420.05,6007.04,35.9,Moderate Promotion Response,Conversion Improvement Priority,"Review assortment, cross-selling and promotion design because customer traffic is relatively high but sales per customer are weak."
817,784,17057867,21757.48,21872.0,4674.8,3130.57,3182.0,6.94,353,21.49,a,a,140.0,0,Type A,Basic,1,4,1048,High Sales / High Footfall,18963.39,25168.96,32.72,Moderate Promotion Response,Strong Core Performer,Maintain current operations and use promotions selectively to protect profitability and avoid unnecessary discounting.
818,781,4772357,6110.57,5637.0,1915.01,635.26,614.0,9.45,350,31.34,d,a,490.0,1,Type D,Basic,660,646,536,Low Sales / Low Footfall,4797.92,7727.01,61.05,High Promotion Response,Turnaround Priority,"Conduct store-specific review of local demand, competition, assortment and promotion response before allocating further promotional resources."
819,784,4775423,6091.1,5912.5,1231.05,539.95,535.0,11.24,353,20.21,a,c,720.0,0,Type A,Extended,662,839,231,Low Sales / Low Footfall,5326.93,7024.12,31.86,Moderate Promotion Response,Turnaround Priority,"Conduct store-specific review of local demand, competition, assortment and promotion response before allocating further promotional resources."
820,622,7517399,12085.85,11837.5,2169.82,1089.59,1078.5,11.05,274,17.95,a,c,1650.0,1,Type A,Extended,35,121,260,High Sales / High Footfall,11028.82,13428.36,21.76,Low Promotion Response,Strong Core Performer,Maintain current operations and use promotions selectively to protect profitability and avoid unnecessary discounting.
821,784,5438993,6937.49,6639.5,1855.85,851.14,845.5,8.06,353,26.75,a,a,1700.0,0,Type A,Basic,489,291,833,High Sales / High Footfall,5795.56,8331.75,43.76,Moderate Promotion Response,Strong Core Performer,Maintain current operations and use promotions selectively to protect profitability and avoid unnecessary discounting.
822,784,6066329,7737.66,7498.5,2271.49,636.68,624.5,12.0,353,29.36,a,c,410.0,1,Type A,Extended,311,641,136,High Sales / Low Footfall,6441.26,9320.52,44.7,Moderate Promotion Response,High Customer Value Store,Protect high spending per customer and focus on targeted footfall-building campaigns.
823,784,4549069,5802.38,5637.0,1542.64,570.0,571.0,10.09,353,26.59,a,c,16210.0,0,Type A,Extended,727,775,417,Low Sales / Low Footfall,4879.28,6929.46,42.02,Moderate Promotion Response,Turnaround Priority,"Conduct store-specific review of local demand, competition, assortment and promotion response before allocating further promotional resources."
824,784,5358101,6834.31,6479.5,2016.14,862.82,871.5,7.88,353,29.5,a,a,17570.0,0,Type A,Basic,512,285,880,High Sales / High Footfall,5798.55,8098.94,39.67,Moderate Promotion Response,Strong Core Performer,Maintain current operations and use promotions selectively to protect profitability and avoid unnecessary discounting.
825,622,2838137,4562.92,4478.5,972.6,537.05,530.5,8.43,274,21.32,a,a,380.0,1,Type A,Basic,990,845,747,Low Sales / Low Footfall,4028.14,5242.13,30.14,Moderate Promotion Response,Turnaround Priority,"Conduct store-specific review of local demand, competition, assortment and promotion response before allocating further promotional resources."
826,776,6859209,8839.19,8507.5,2076.4,771.09,775.0,11.44,348,23.49,a,c,7980.0,0,Type A,Extended,177,391,206,High Sales / High Footfall,7605.9,10355.99,36.16,Moderate Promotion Response,Strong Core Performer,Maintain current operations and use promotions selectively to protect profitability and avoid unnecessary discounting.
827,783,10000214,12771.67,12559.0,3037.19,1663.44,1638.0,7.69,353,23.78,a,c,250.0,0,Type A,Extended,30,27,927,High Sales / High Footfall,12587.9,12995.52,3.24,Low Promotion Response,Strong Core Performer,Maintain current operations and use promotions selectively to protect profitability and avoid unnecessary discounting.
828,780,4055958,5199.95,5069.0,1690.65,587.07,590.0,8.73,351,32.51,d,c,3290.0,0,Type D,Extended,867,739,692,Low Sales / Low Footfall,4140.29,6495.09,56.88,High Promotion Response,Turnaround Priority,"Conduct store-specific review of local demand, competition, assortment and promotion response before allocating further promotional resources."
829,781,4624043,5920.67,5745.0,1450.44,790.92,786.0,7.42,350,24.5,c,a,110.0,0,Type C,Basic,702,367,972,Low Sales / High Footfall,5059.58,6981.04,37.98,Moderate Promotion Response,Conversion Improvement Priority,"Review assortment, cross-selling and promotion design because customer traffic is relatively high but sales per customer are weak."
830,780,4816406,6174.88,6066.0,2012.13,526.46,540.0,11.68,352,32.59,a,c,6320.0,1,Type A,Extended,648,866,174,Low Sales / Low Footfall,4869.38,7762.24,59.41,High Promotion Response,Turnaround Priority,"Conduct store-specific review of local demand, competition, assortment and promotion response before allocating further promotional resources."
831,779,9884733,12689.0,11761.0,3617.68,1576.96,1536.0,7.94,350,28.51,a,a,800.0,0,Type A,Basic,31,34,865,High Sales / High Footfall,10231.76,15700.89,53.45,High Promotion Response,High-Value Promotion Priority,Prioritise for regular promotions because these stores combine strong baseline performance with high promotional responsiveness.
832,781,5115779,6550.29,6525.0,1558.25,554.44,548.0,11.72,350,23.79,d,a,5070.0,1,Type D,Basic,569,807,170,Low Sales / Low Footfall,5703.57,7592.97,33.13,Moderate Promotion Response,Turnaround Priority,"Conduct store-specific review of local demand, competition, assortment and promotion response before allocating further promotional resources."
833,779,4293342,5511.35,5261.0,1462.3,506.18,495.0,10.75,350,26.53,d,c,3290.0,1,Type D,Extended,790,910,297,Low Sales / Low Footfall,4609.06,6617.3,43.57,Moderate Promotion Response,Turnaround Priority,"Conduct store-specific review of local demand, competition, assortment and promotion response before allocating further promotional resources."
834,784,4600937,5868.54,5755.0,1679.2,639.44,652.5,9.09,353,28.61,a,a,3470.0,0,Type A,Basic,713,630,623,Low Sales / Low Footfall,4740.6,7245.72,52.84,High Promotion Response,Turnaround Priority,"Conduct store-specific review of local demand, competition, assortment and promotion response before allocating further promotional resources."
835,767,3979293,5188.13,4804.0,1551.03,659.27,641.0,7.76,345,29.9,a,a,2890.0,1,Type A,Basic,870,593,908,Low Sales / Low Footfall,4289.08,6287.83,46.6,Moderate Promotion Response,Turnaround Priority,"Conduct store-specific review of local demand, competition, assortment and promotion response before allocating further promotional resources."
836,780,4606682,5906.0,5891.5,2157.75,711.46,743.0,8.24,352,36.53,a,a,2720.0,0,Type A,Basic,706,483,784,Low Sales / High Footfall,4501.61,7613.62,69.13,High Promotion Response,Conversion Improvement Priority,"Review assortment, cross-selling and promotion design because customer traffic is relatively high but sales per customer are weak."
837,751,2608765,3473.72,3218.0,1496.0,460.15,460.0,7.4,336,43.07,a,c,14600.0,0,Type A,Extended,1097,991,975,Low Sales / Low Footfall,2876.06,4211.9,46.45,Moderate Promotion Response,Turnaround Priority,"Conduct store-specific review of local demand, competition, assortment and promotion response before allocating further promotional resources."
838,782,6246047,7987.27,7546.5,1928.68,817.73,803.0,9.66,353,24.15,d,c,6890.0,1,Type D,Extended,275,335,490,High Sales / High Footfall,6795.08,9436.14,38.87,Moderate Promotion Response,Strong Core Performer,Maintain current operations and use promotions selectively to protect profitability and avoid unnecessary discounting.
839,784,4019692,5127.16,4884.0,1660.71,647.06,658.0,7.82,353,32.39,c,a,240.0,0,Type C,Basic,890,615,893,Low Sales / Low Footfall,4066.48,6422.21,57.93,High Promotion Response,Turnaround Priority,"Conduct store-specific review of local demand, competition, assortment and promotion response before allocating further promotional resources."
840,784,5738112,7319.02,7347.0,1920.43,1055.84,1092.0,6.87,353,26.24,a,a,1070.0,0,Type A,Basic,387,136,1051,High Sales / High Footfall,6123.03,8779.28,43.38,Moderate Promotion Response,Strong Core Performer,Maintain current operations and use promotions selectively to protect profitability and avoid unnecessary discounting.
841,780,2318635,2972.61,2907.0,1096.26,412.17,431.5,7.13,352,36.88,a,a,27650.0,0,Type A,Basic,1111,1058,1023,Low Sales / Low Footfall,2261.11,3837.73,69.73,High Promotion Response,Turnaround Priority,"Conduct store-specific review of local demand, competition, assortment and promotion response before allocating further promotional resources."
842,622,11553523,18574.8,18330.0,3788.99,1149.24,1139.5,16.06,274,20.4,d,c,1200.0,0,Type D,Extended,5,96,1,High Sales / High Footfall,17436.02,20021.12,14.83,Low Promotion Response,Strong Core Performer,Maintain current operations and use promotions selectively to protect profitability and avoid unnecessary discounting.
843,784,7423466,9468.71,9254.0,2209.82,1116.24,1088.5,8.42,353,23.34,c,a,60.0,0,Type C,Basic,125,109,749,High Sales / High Footfall,8455.45,10705.86,26.61,Low Promotion Response,Strong Core Performer,Maintain current operations and use promotions selectively to protect profitability and avoid unnecessary discounting.
844,779,3255217,4178.71,3976.0,1472.47,454.23,459.0,9.05,350,35.24,a,a,2030.0,1,Type A,Basic,1045,1004,633,Low Sales / Low Footfall,3170.45,5414.55,70.78,High Promotion Response,Turnaround Priority,"Conduct store-specific review of local demand, competition, assortment and promotion response before allocating further promotional resources."
845,776,3746964,4828.56,4784.5,1022.47,357.91,353.0,13.44,348,21.18,d,a,7860.0,1,Type D,Basic,946,1093,30,Low Sales / Low Footfall,4438.11,5308.77,19.62,Low Promotion Response,Turnaround Priority,"Conduct store-specific review of local demand, competition, assortment and promotion response before allocating further promotional resources."
846,779,7185993,9224.64,8727.0,2785.17,864.62,859.0,10.56,350,30.19,a,c,8860.0,1,Type A,Extended,149,282,332,High Sales / High Footfall,7304.76,11577.86,58.5,High Promotion Response,High-Value Promotion Priority,Prioritise for regular promotions because these stores combine strong baseline performance with high promotional responsiveness.
847,776,5518727,7111.76,6870.5,1791.02,1010.75,988.5,6.98,348,25.18,c,c,190.0,1,Type C,Extended,439,157,1042,High Sales / High Footfall,6439.33,7938.77,23.29,Low Promotion Response,Strong Core Performer,Maintain current operations and use promotions selectively to protect profitability and avoid unnecessary discounting.
848,763,5059150,6630.6,6168.0,2009.05,753.17,727.0,8.67,341,30.3,a,c,370.0,1,Type A,Extended,547,415,705,High Sales / High Footfall,5653.24,7840.12,38.68,Moderate Promotion Response,Strong Core Performer,Maintain current operations and use promotions selectively to protect profitability and avoid unnecessary discounting.
849,784,6393691,8155.22,7941.5,1779.38,889.14,872.5,9.1,353,21.82,c,c,5000.0,0,Type C,Extended,256,251,620,High Sales / High Footfall,7273.0,9232.38,26.94,Low Promotion Response,Strong Core Performer,Maintain current operations and use promotions selectively to protect profitability and avoid unnecessary discounting.
850,772,4787781,6201.79,5872.5,1800.18,653.06,637.0,9.37,350,29.03,d,a,1120.0,1,Type D,Basic,644,603,554,Low Sales / Low Footfall,5159.52,7458.47,44.56,Moderate Promotion Response,Turnaround Priority,"Conduct store-specific review of local demand, competition, assortment and promotion response before allocating further promotional resources."
851,622,3392054,5453.46,5304.0,1205.21,469.7,459.0,11.57,274,22.1,d,c,2330.0,1,Type D,Extended,807,980,189,Low Sales / Low Footfall,5163.96,5821.16,12.73,Low Promotion Response,Turnaround Priority,"Conduct store-specific review of local demand, competition, assortment and promotion response before allocating further promotional resources."
852,781,3597687,4606.51,4486.0,1374.6,583.93,592.0,7.83,350,29.84,c,a,940.0,1,Type C,Basic,981,745,888,Low Sales / Low Footfall,3757.61,5651.88,50.41,Moderate Promotion Response,Turnaround Priority,"Conduct store-specific review of local demand, competition, assortment and promotion response before allocating further promotional resources."
853,777,7181892,9243.1,8757.0,2129.02,1020.25,1000.0,8.99,348,23.03,a,a,14040.0,0,Type A,Basic,147,147,642,High Sales / High Footfall,7946.34,10841.7,36.44,Moderate Promotion Response,Strong Core Performer,Maintain current operations and use promotions selectively to protect profitability and avoid unnecessary discounting.
854,780,5130172,6577.14,6417.5,1707.04,680.73,660.5,9.6,352,25.95,c,a,4770.0,1,Type C,Basic,561,555,510,Low Sales / High Footfall,5734.02,7602.31,32.58,Moderate Promotion Response,Conversion Improvement Priority,"Review assortment, cross-selling and promotion design because customer traffic is relatively high but sales per customer are weak."
855,777,4477596,5762.67,5438.0,1677.29,614.36,609.0,9.25,348,29.11,a,a,3440.0,1,Type A,Basic,739,688,583,Low Sales / Low Footfall,4611.75,7181.49,55.72,High Promotion Response,Turnaround Priority,"Conduct store-specific review of local demand, competition, assortment and promotion response before allocating further promotional resources."
856,784,5599626,7142.38,6829.0,1467.89,957.89,937.0,7.4,353,20.55,a,a,3020.0,0,Type A,Basic,430,195,976,High Sales / High Footfall,6181.61,8315.44,34.52,Moderate Promotion Response,Strong Core Performer,Maintain current operations and use promotions selectively to protect profitability and avoid unnecessary discounting.
857,781,5815578,7446.32,7285.0,1768.5,922.98,893.0,8.01,350,23.75,c,a,6270.0,1,Type C,Basic,365,222,847,High Sales / High Footfall,6949.43,8058.21,15.95,Low Promotion Response,Strong Core Performer,Maintain current operations and use promotions selectively to protect profitability and avoid unnecessary discounting.
858,622,2957986,4755.6,4604.5,946.92,418.1,413.0,11.33,274,19.91,a,a,3370.0,1,Type A,Basic,962,1047,221,Low Sales / Low Footfall,4224.61,5430.01,28.53,Low Promotion Response,Turnaround Priority,"Conduct store-specific review of local demand, competition, assortment and promotion response before allocating further promotional resources."
859,622,4667332,7503.75,7317.0,1364.07,726.25,715.5,10.29,274,18.18,c,a,21770.0,0,Type C,Basic,354,458,378,High Sales / High Footfall,7006.84,8134.86,16.1,Low Promotion Response,Strong Core Performer,Maintain current operations and use promotions selectively to protect profitability and avoid unnecessary discounting.
860,782,4521003,5781.33,5610.5,1479.75,732.05,716.0,7.82,351,25.6,c,c,5980.0,0,Type C,Extended,731,446,891,Low Sales / High Footfall,5150.51,6555.94,27.29,Low Promotion Response,Conversion Improvement Priority,"Review assortment, cross-selling and promotion design because customer traffic is relatively high but sales per customer are weak."
861,764,2674267,3500.35,3421.0,951.5,509.55,509.5,6.78,343,27.18,c,c,740.0,1,Type C,Extended,1095,901,1055,Low Sales / Low Footfall,3055.5,4046.36,32.43,Moderate Promotion Response,Turnaround Priority,"Conduct store-specific review of local demand, competition, assortment and promotion response before allocating further promotional resources."
862,784,6715065,8565.13,8314.5,2139.4,1118.15,1127.0,7.62,353,24.98,a,c,2840.0,1,Type A,Extended,203,107,941,High Sales / High Footfall,7462.06,9911.95,32.83,Moderate Promotion Response,Strong Core Performer,Maintain current operations and use promotions selectively to protect profitability and avoid unnecessary discounting.
863,887,6836861,7707.85,7872.0,2765.46,918.7,973.0,8.28,354,35.88,a,c,21370.0,0,Type A,Extended,321,227,772,High Sales / High Footfall,6351.66,9749.79,53.5,High Promotion Response,High-Value Promotion Priority,Prioritise for regular promotions because these stores combine strong baseline performance with high promotional responsiveness.
864,777,3316575,4268.44,4245.0,1096.6,587.97,612.0,7.22,348,25.69,a,a,1020.0,1,Type A,Basic,1033,733,1009,Low Sales / Low Footfall,3524.6,5185.41,47.12,Moderate Promotion Response,Turnaround Priority,"Conduct store-specific review of local demand, competition, assortment and promotion response before allocating further promotional resources."
865,779,5894369,7566.58,7517.0,1693.33,637.16,631.0,11.79,350,22.38,d,c,2640.0,0,Type D,Extended,345,638,158,High Sales / Low Footfall,6882.81,8404.69,22.11,Low Promotion Response,High Customer Value Store,Protect high spending per customer and focus on targeted footfall-building campaigns.
866,781,5368119,6873.39,6744.0,1757.73,486.0,476.0,14.0,350,25.57,d,a,9680.0,1,Type D,Basic,504,954,17,High Sales / Low Footfall,5854.01,8128.69,38.86,Moderate Promotion Response,High Customer Value Store,Protect high spending per customer and focus on targeted footfall-building campaigns.
867,880,3809715,4329.22,4325.0,1396.97,410.1,416.0,10.42,354,32.27,d,c,21810.0,0,Type D,Extended,1026,1059,355,Low Sales / Low Footfall,3721.42,5232.34,40.6,Moderate Promotion Response,Turnaround Priority,"Conduct store-specific review of local demand, competition, assortment and promotion response before allocating further promotional resources."
868,781,7480652,9578.3,9431.0,1914.03,652.11,642.0,14.62,350,19.98,d,c,1360.0,1,Type D,Extended,117,606,5,High Sales / Low Footfall,8642.07,10731.2,24.17,Low Promotion Response,High Customer Value Store,Protect high spending per customer and focus on targeted footfall-building campaigns.
869,780,4659180,5973.31,5526.0,2050.03,870.08,851.5,6.73,352,34.32,c,a,230.0,1,Type C,Basic,690,271,1061,Low Sales / High Footfall,4607.74,7633.71,65.67,High Promotion Response,Conversion Improvement Priority,"Review assortment, cross-selling and promotion design because customer traffic is relatively high but sales per customer are weak."
870,772,5349346,6929.2,6872.0,1362.89,868.56,893.0,7.97,348,19.67,a,a,780.0,0,Type A,Basic,493,274,860,High Sales / High Footfall,6151.7,7876.51,28.04,Low Promotion Response,Strong Core Performer,Maintain current operations and use promotions selectively to protect profitability and avoid unnecessary discounting.
871,781,4889449,6260.5,6014.0,1704.93,479.63,459.0,12.95,350,27.23,d,c,10620.0,0,Type D,Extended,628,962,61,Low Sales / Low Footfall,5956.17,6635.25,11.4,Low Promotion Response,Turnaround Priority,"Conduct store-specific review of local demand, competition, assortment and promotion response before allocating further promotional resources."
872,779,6649861,8536.41,8238.0,1943.3,821.73,819.0,10.37,350,22.76,a,c,3860.0,1,Type A,Extended,204,327,366,High Sales / High Footfall,7443.63,9875.84,32.68,Moderate Promotion Response,Strong Core Performer,Maintain current operations and use promotions selectively to protect profitability and avoid unnecessary discounting.
873,780,2990009,3833.34,3837.5,984.33,456.26,469.0,8.37,352,25.68,a,a,2040.0,0,Type A,Basic,1073,1001,760,Low Sales / Low Footfall,3277.54,4509.16,37.58,Moderate Promotion Response,Turnaround Priority,"Conduct store-specific review of local demand, competition, assortment and promotion response before allocating further promotional resources."
874,784,3593615,4583.69,4430.5,1009.93,509.77,500.0,8.93,353,22.03,a,a,3210.0,0,Type A,Basic,984,900,660,Low Sales / Low Footfall,4074.94,5204.86,27.73,Low Promotion Response,Turnaround Priority,"Conduct store-specific review of local demand, competition, assortment and promotion response before allocating further promotional resources."
875,779,3943035,5061.66,4885.0,1483.53,470.23,460.0,10.61,350,29.31,d,a,5070.0,1,Type D,Basic,899,979,321,Low Sales / Low Footfall,4097.15,6243.87,52.4,High Promotion Response,Turnaround Priority,"Conduct store-specific review of local demand, competition, assortment and promotion response before allocating further promotional resources."
876,766,7069345,9228.91,9042.0,4079.72,1016.98,1059.0,8.97,344,44.21,a,a,21790.0,1,Type A,Basic,148,152,649,High Sales / High Footfall,6687.77,12346.24,84.61,High Promotion Response,High-Value Promotion Priority,Prioritise for regular promotions because these stores combine strong baseline performance with high promotional responsiveness.
877,806,5103191,6331.5,6079.0,1539.62,873.49,864.0,7.19,353,24.32,a,c,29190.0,0,Type A,Extended,608,267,1016,Low Sales / High Footfall,5595.23,7276.36,30.05,Moderate Promotion Response,Conversion Improvement Priority,"Review assortment, cross-selling and promotion design because customer traffic is relatively high but sales per customer are weak."
878,780,6801666,8720.08,8333.0,2411.59,795.73,784.5,10.84,351,27.66,d,c,1100.0,0,Type D,Extended,189,354,286,High Sales / High Footfall,7133.33,10659.46,49.43,Moderate Promotion Response,Strong Core Performer,Maintain current operations and use promotions selectively to protect profitability and avoid unnecessary discounting.
879,622,2340576,3762.98,3585.5,1014.78,347.33,336.0,10.71,274,26.97,d,a,,1,Type D,Basic,1076,1097,304,Low Sales / Low Footfall,3137.16,4557.82,45.28,Moderate Promotion Response,Turnaround Priority,"Conduct store-specific review of local demand, competition, assortment and promotion response before allocating further promotional resources."
880,777,5832985,7507.06,7220.0,1592.99,790.25,784.0,9.45,348,21.22,a,c,4570.0,0,Type A,Extended,353,368,537,High Sales / High Footfall,6507.23,8739.61,34.31,Moderate Promotion Response,Strong Core Performer,Maintain current operations and use promotions selectively to protect profitability and avoid unnecessary discounting.
881,779,3274150,4203.02,3857.0,1518.46,620.41,603.0,6.64,350,36.13,a,a,180.0,1,Type A,Basic,1042,674,1066,Low Sales / Low Footfall,3219.33,5408.74,68.01,High Promotion Response,Turnaround Priority,"Conduct store-specific review of local demand, competition, assortment and promotion response before allocating further promotional resources."
882,768,5081054,6615.96,6229.0,1580.21,843.44,803.0,7.8,345,23.88,a,a,30.0,0,Type A,Basic,552,299,903,High Sales / High Footfall,5970.27,7407.62,24.08,Low Promotion Response,Strong Core Performer,Maintain current operations and use promotions selectively to protect profitability and avoid unnecessary discounting.
883,779,3714779,4768.65,4714.0,1301.18,502.62,517.0,9.44,350,27.29,a,a,3200.0,0,Type A,Basic,960,918,540,Low Sales / Low Footfall,4011.6,5696.58,42.0,Moderate Promotion Response,Turnaround Priority,"Conduct store-specific review of local demand, competition, assortment and promotion response before allocating further promotional resources."
884,622,3443958,5536.91,5179.5,1465.64,530.07,511.5,10.33,274,26.47,d,c,7550.0,0,Type D,Extended,782,860,371,Low Sales / Low Footfall,4740.48,6548.43,38.14,Moderate Promotion Response,Turnaround Priority,"Conduct store-specific review of local demand, competition, assortment and promotion response before allocating further promotional resources."
885,776,4235932,5458.68,5491.0,1378.21,729.24,732.0,7.41,348,25.25,a,a,480.0,0,Type A,Basic,805,451,973,Low Sales / High Footfall,4810.87,6255.4,30.03,Moderate Promotion Response,Conversion Improvement Priority,"Review assortment, cross-selling and promotion design because customer traffic is relatively high but sales per customer are weak."
886,779,5018882,6442.72,6246.0,1732.64,609.0,615.0,10.49,350,26.89,a,c,12430.0,0,Type A,Extended,592,698,344,Low Sales / Low Footfall,5349.54,7782.65,45.48,Moderate Promotion Response,Turnaround Priority,"Conduct store-specific review of local demand, competition, assortment and promotion response before allocating further promotional resources."
887,771,5317050,6896.3,6489.0,2014.98,577.88,555.0,11.78,345,29.22,d,a,19700.0,1,Type D,Basic,499,754,161,High Sales / Low Footfall,5652.59,8432.02,49.17,Moderate Promotion Response,High Customer Value Store,Protect high spending per customer and focus on targeted footfall-building campaigns.
888,784,6271013,7998.74,7752.0,1752.34,743.41,730.5,10.67,353,21.91,d,a,4450.0,1,Type D,Basic,273,426,309,High Sales / High Footfall,7242.45,8922.15,23.19,Low Promotion Response,Strong Core Performer,Maintain current operations and use promotions selectively to protect profitability and avoid unnecessary discounting.
889,780,3232661,4144.44,4098.0,1241.37,452.95,460.5,9.05,351,29.95,d,a,18670.0,0,Type D,Basic,1048,1006,635,Low Sales / Low Footfall,3316.33,5156.57,55.49,High Promotion Response,Turnaround Priority,"Conduct store-specific review of local demand, competition, assortment and promotion response before allocating further promotional resources."
890,622,3563801,5729.58,5457.5,1551.81,444.68,434.0,12.73,274,27.08,a,a,4450.0,1,Type A,Basic,751,1019,78,Low Sales / Low Footfall,4813.67,6892.86,43.19,Moderate Promotion Response,Turnaround Priority,"Conduct store-specific review of local demand, competition, assortment and promotion response before allocating further promotional resources."
891,776,6189692,7976.41,7625.5,1929.98,1097.46,1065.0,7.21,348,24.2,a,c,350.0,1,Type A,Extended,277,115,1012,High Sales / High Footfall,7283.83,8828.19,21.2,Low Promotion Response,Strong Core Performer,Maintain current operations and use promotions selectively to protect profitability and avoid unnecessary discounting.
892,780,5927347,7599.16,7609.0,2802.73,780.05,807.0,9.64,352,36.88,a,a,19370.0,0,Type A,Basic,340,377,497,High Sales / High Footfall,5723.52,9879.77,72.62,High Promotion Response,High-Value Promotion Priority,Prioritise for regular promotions because these stores combine strong baseline performance with high promotional responsiveness.
893,622,3978679,6396.59,6143.5,1283.82,827.85,808.0,7.69,274,20.07,a,a,130.0,1,Type A,Basic,599,322,926,Low Sales / High Footfall,5645.16,7350.96,30.22,Moderate Promotion Response,Conversion Improvement Priority,"Review assortment, cross-selling and promotion design because customer traffic is relatively high but sales per customer are weak."
894,771,6529198,8468.48,7878.0,2641.82,1034.71,1016.0,8.06,349,31.2,a,a,190.0,0,Type A,Basic,214,140,832,High Sales / High Footfall,6576.6,10756.08,63.55,High Promotion Response,High-Value Promotion Priority,Prioritise for regular promotions because these stores combine strong baseline performance with high promotional responsiveness.
895,777,7248912,9329.36,9044.0,1754.93,881.72,868.0,10.52,348,18.81,a,c,4150.0,0,Type A,Extended,140,257,336,High Sales / High Footfall,8364.11,10519.28,25.77,Low Promotion Response,Strong Core Performer,Maintain current operations and use promotions selectively to protect profitability and avoid unnecessary discounting.
896,784,5439130,6937.67,6662.5,1403.63,1087.74,1057.0,6.35,353,20.23,a,c,170.0,0,Type A,Extended,488,122,1088,High Sales / High Footfall,6460.42,7520.36,16.41,Low Promotion Response,Strong Core Performer,Maintain current operations and use promotions selectively to protect profitability and avoid unnecessary discounting.
897,778,2717511,3492.94,3267.5,1810.46,345.61,330.0,10.1,350,51.83,c,c,3290.0,1,Type C,Extended,1096,1100,411,Low Sales / Low Footfall,3266.43,3769.94,15.41,Low Promotion Response,Turnaround Priority,"Conduct store-specific review of local demand, competition, assortment and promotion response before allocating further promotional resources."
898,782,5173270,6615.43,6585.5,2874.48,710.92,745.0,9.22,353,43.45,a,a,18540.0,0,Type A,Basic,553,485,593,High Sales / High Footfall,4685.16,8961.29,91.27,High Promotion Response,High-Value Promotion Priority,Prioritise for regular promotions because these stores combine strong baseline performance with high promotional responsiveness.
899,780,4109286,5268.32,5115.0,2134.67,562.51,576.0,9.19,352,40.52,d,a,2590.0,1,Type D,Basic,851,787,600,Low Sales / Low Footfall,3833.67,7012.72,82.92,High Promotion Response,Turnaround Priority,"Conduct store-specific review of local demand, competition, assortment and promotion response before allocating further promotional resources."
900,622,3635287,5844.51,5633.0,1179.38,549.03,540.5,10.59,274,20.18,a,a,3920.0,1,Type A,Basic,720,818,328,Low Sales / Low Footfall,5140.19,6739.05,31.11,Moderate Promotion Response,Turnaround Priority,"Conduct store-specific review of local demand, competition, assortment and promotion response before allocating further promotional resources."
901,784,5669137,7231.04,6945.5,1942.91,638.71,635.0,11.22,353,26.87,a,c,3170.0,0,Type A,Extended,410,633,235,High Sales / Low Footfall,6023.49,8705.42,44.52,Moderate Promotion Response,High Customer Value Store,Protect high spending per customer and focus on targeted footfall-building campaigns.
902,622,3039385,4886.47,4791.5,926.14,628.94,628.0,7.74,274,18.95,a,a,310.0,1,Type A,Basic,930,661,914,Low Sales / Low Footfall,4606.89,5241.57,13.78,Low Promotion Response,Turnaround Priority,"Conduct store-specific review of local demand, competition, assortment and promotion response before allocating further promotional resources."
903,622,7300878,11737.75,11528.0,2210.19,817.78,808.0,14.31,274,18.83,d,c,7290.0,0,Type D,Extended,40,334,9,High Sales / High Footfall,10903.17,12797.72,17.38,Low Promotion Response,Strong Core Performer,Maintain current operations and use promotions selectively to protect profitability and avoid unnecessary discounting.
904,622,3742423,6016.76,5936.5,1402.98,513.99,505.0,11.61,274,23.32,d,c,570.0,1,Type D,Extended,681,890,188,Low Sales / Low Footfall,5301.36,6925.37,30.63,Moderate Promotion Response,Turnaround Priority,"Conduct store-specific review of local demand, competition, assortment and promotion response before allocating further promotional resources."
905,779,6645066,8530.25,8170.0,2654.03,1267.45,1242.0,6.65,350,31.11,a,a,90.0,0,Type A,Basic,205,70,1065,High Sales / High Footfall,7363.58,9960.25,35.26,Moderate Promotion Response,Strong Core Performer,Maintain current operations and use promotions selectively to protect profitability and avoid unnecessary discounting.
906,781,8535775,10929.29,10407.0,2663.46,1270.85,1236.0,8.53,350,24.37,a,a,90.0,0,Type A,Basic,59,68,727,High Sales / High Footfall,9277.46,12963.4,39.73,Moderate Promotion Response,Strong Core Performer,Maintain current operations and use promotions selectively to protect profitability and avoid unnecessary discounting.
907,779,4884914,6270.75,6095.0,1400.1,829.33,818.0,7.52,350,22.33,a,c,250.0,0,Type A,Extended,624,320,958,Low Sales / High Footfall,5774.37,6879.17,19.13,Low Promotion Response,Conversion Improvement Priority,"Review assortment, cross-selling and promotion design because customer traffic is relatively high but sales per customer are weak."
908,781,3307400,4234.83,3920.0,1593.06,363.07,360.0,11.38,350,37.62,a,a,1980.0,1,Type A,Basic,1038,1090,215,Low Sales / Low Footfall,3096.24,5636.91,82.06,High Promotion Response,Turnaround Priority,"Conduct store-specific review of local demand, competition, assortment and promotion response before allocating further promotional resources."
909,607,6512493,10728.98,9903.0,3252.09,1020.09,985.0,10.35,267,30.31,a,c,1680.0,1,Type A,Extended,67,149,369,High Sales / High Footfall,8974.01,12963.78,44.46,Moderate Promotion Response,Strong Core Performer,Maintain current operations and use promotions selectively to protect profitability and avoid unnecessary discounting.
910,780,4452869,5708.81,5417.5,1670.34,573.57,557.0,9.81,351,29.26,d,c,12480.0,1,Type D,Extended,757,766,462,Low Sales / Low Footfall,4640.98,7013.93,51.13,Moderate Promotion Response,Turnaround Priority,"Conduct store-specific review of local demand, competition, assortment and promotion response before allocating further promotional resources."
911,784,7749768,9884.91,9494.0,2244.51,909.42,890.0,10.79,353,22.71,a,c,16490.0,0,Type A,Extended,100,234,290,High Sales / High Footfall,8572.55,11487.25,34.0,Moderate Promotion Response,Strong Core Performer,Maintain current operations and use promotions selectively to protect profitability and avoid unnecessary discounting.
912,784,4520528,5765.98,5605.5,1347.96,758.65,734.0,7.55,353,23.38,c,c,3100.0,0,Type C,Extended,736,403,953,Low Sales / High Footfall,5454.92,6145.77,12.66,Low Promotion Response,Conversion Improvement Priority,"Review assortment, cross-selling and promotion design because customer traffic is relatively high but sales per customer are weak."
913,776,6900317,8892.16,8506.5,2469.65,1162.46,1140.5,7.54,348,27.77,a,a,280.0,0,Type A,Basic,172,90,954,High Sales / High Footfall,7169.83,11010.43,53.57,High Promotion Response,High-Value Promotion Priority,Prioritise for regular promotions because these stores combine strong baseline performance with high promotional responsiveness.
914,784,7453259,9506.71,9263.5,2372.19,1133.43,1146.0,8.33,353,24.95,c,c,2640.0,1,Type C,Extended,121,101,766,High Sales / High Footfall,8008.07,11336.49,41.56,Moderate Promotion Response,Strong Core Performer,Maintain current operations and use promotions selectively to protect profitability and avoid unnecessary discounting.
915,622,3942303,6338.11,6128.0,1588.56,513.68,496.0,12.27,274,25.06,d,c,650.0,1,Type D,Extended,605,893,116,Low Sales / Low Footfall,6093.94,6648.22,9.1,Low Promotion Response,Turnaround Priority,"Conduct store-specific review of local demand, competition, assortment and promotion response before allocating further promotional resources."
916,776,4176608,5382.23,5260.0,1112.63,704.56,694.0,7.59,348,20.67,a,a,90.0,0,Type A,Basic,819,497,947,Low Sales / High Footfall,4784.91,6116.86,27.84,Low Promotion Response,Conversion Improvement Priority,"Review assortment, cross-selling and promotion design because customer traffic is relatively high but sales per customer are weak."
917,779,5221594,6702.94,6504.0,2004.14,741.29,747.0,8.96,350,29.9,a,a,7240.0,0,Type A,Basic,534,432,651,High Sales / High Footfall,5426.57,8267.41,52.35,High Promotion Response,High-Value Promotion Priority,Prioritise for regular promotions because these stores combine strong baseline performance with high promotional responsiveness.
918,780,4046072,5187.27,5159.5,1631.14,552.94,571.5,9.28,352,31.45,a,c,18710.0,0,Type A,Extended,871,812,577,Low Sales / Low Footfall,4143.46,6456.45,55.82,High Promotion Response,Turnaround Priority,"Conduct store-specific review of local demand, competition, assortment and promotion response before allocating further promotional resources."
919,621,3438093,5536.38,5344.0,1651.66,676.65,687.0,8.08,274,29.83,a,a,2620.0,1,Type A,Basic,783,563,828,Low Sales / Low Footfall,4399.03,6976.75,58.6,High Promotion Response,Turnaround Priority,"Conduct store-specific review of local demand, competition, assortment and promotion response before allocating further promotional resources."
920,622,3585330,5764.2,5631.0,1202.15,581.68,574.5,9.85,274,20.86,a,a,850.0,1,Type A,Basic,738,751,457,Low Sales / Low Footfall,5165.52,6524.55,26.31,Low Promotion Response,Turnaround Priority,"Conduct store-specific review of local demand, competition, assortment and promotion response before allocating further promotional resources."
921,780,7389638,9473.89,9691.5,2958.32,1094.59,1162.5,8.69,352,31.23,a,a,840.0,0,Type A,Basic,124,117,701,High Sales / High Footfall,7707.45,11621.73,50.79,Moderate Promotion Response,Strong Core Performer,Maintain current operations and use promotions selectively to protect profitability and avoid unnecessary discounting.
922,775,5739531,7405.85,7327.0,1509.95,713.42,706.0,10.32,350,20.39,d,a,2110.0,0,Type D,Basic,369,478,372,High Sales / High Footfall,6750.65,8201.44,21.49,Low Promotion Response,Strong Core Performer,Maintain current operations and use promotions selectively to protect profitability and avoid unnecessary discounting.
923,784,4167230,5315.34,5227.5,740.82,640.1,640.0,8.32,353,13.94,a,a,280.0,0,Type A,Basic,838,628,768,Low Sales / Low Footfall,4908.87,5811.64,18.39,Low Promotion Response,Turnaround Priority,"Conduct store-specific review of local demand, competition, assortment and promotion response before allocating further promotional resources."
924,779,3702496,4752.88,4527.0,1432.64,450.15,453.0,10.44,350,30.14,a,a,6420.0,1,Type A,Basic,963,1012,350,Low Sales / Low Footfall,3784.49,5939.86,56.95,High Promotion Response,Turnaround Priority,"Conduct store-specific review of local demand, competition, assortment and promotion response before allocating further promotional resources."
925,768,5147464,6702.43,6541.5,1674.31,1200.44,1158.0,5.61,344,24.98,c,a,470.0,1,Type C,Basic,535,83,1105,High Sales / High Footfall,6343.81,7144.44,12.62,Low Promotion Response,Strong Core Performer,Maintain current operations and use promotions selectively to protect profitability and avoid unnecessary discounting.
926,779,5655998,7260.59,7040.0,2007.88,542.63,535.0,13.22,350,27.65,d,c,5150.0,1,Type D,Extended,402,835,44,High Sales / Low Footfall,6068.7,8721.51,43.71,Moderate Promotion Response,High Customer Value Store,Protect high spending per customer and focus on targeted footfall-building campaigns.
927,771,5059388,6562.11,6042.0,2072.76,872.54,843.0,7.41,348,31.59,a,a,480.0,0,Type A,Basic,565,269,974,Low Sales / High Footfall,5347.35,8038.67,50.33,Moderate Promotion Response,Conversion Improvement Priority,"Review assortment, cross-selling and promotion design because customer traffic is relatively high but sales per customer are weak."
928,779,6243438,8014.68,7592.0,2482.28,692.61,678.0,11.39,350,30.97,d,c,1090.0,1,Type D,Extended,272,526,213,High Sales / High Footfall,6498.63,9872.93,51.92,High Promotion Response,High-Value Promotion Priority,Prioritise for regular promotions because these stores combine strong baseline performance with high promotional responsiveness.
929,784,4559231,5815.35,5624.5,1333.1,711.16,711.5,8.12,353,22.92,a,c,4820.0,0,Type A,Extended,725,484,813,Low Sales / High Footfall,5044.85,6756.09,33.92,Moderate Promotion Response,Conversion Improvement Priority,"Review assortment, cross-selling and promotion design because customer traffic is relatively high but sales per customer are weak."
930,779,5569973,7150.16,6987.0,1747.3,1170.7,1139.0,6.07,350,24.44,a,a,70.0,0,Type A,Basic,427,87,1098,High Sales / High Footfall,6382.99,8090.49,26.75,Low Promotion Response,Strong Core Performer,Maintain current operations and use promotions selectively to protect profitability and avoid unnecessary discounting.
931,875,3140234,3588.84,3552.0,1226.46,441.7,435.0,8.15,354,34.17,a,c,1480.0,1,Type A,Extended,1088,1024,804,Low Sales / Low Footfall,3046.25,4387.4,44.03,Moderate Promotion Response,Turnaround Priority,"Conduct store-specific review of local demand, competition, assortment and promotion response before allocating further promotional resources."
932,623,4607215,7395.21,7199.0,1896.28,731.07,738.0,10.03,275,25.64,a,a,15700.0,1,Type A,Basic,370,448,429,High Sales / High Footfall,6166.22,8950.44,45.15,Moderate Promotion Response,Strong Core Performer,Maintain current operations and use promotions selectively to protect profitability and avoid unnecessary discounting.
933,780,5718554,7331.48,7261.5,2417.79,905.29,928.0,7.98,352,32.98,a,c,6270.0,0,Type A,Extended,383,238,855,High Sales / High Footfall,5917.27,9051.03,52.96,High Promotion Response,High-Value Promotion Priority,Prioritise for regular promotions because these stores combine strong baseline performance with high promotional responsiveness.
934,779,5268860,6763.62,6483.0,1848.05,679.61,676.0,9.86,350,27.32,a,c,5460.0,1,Type A,Extended,525,556,454,High Sales / High Footfall,5567.84,8229.3,47.8,Moderate Promotion Response,Strong Core Performer,Maintain current operations and use promotions selectively to protect profitability and avoid unnecessary discounting.
935,784,4430153,5650.71,5608.0,1676.24,600.43,609.0,9.32,353,29.66,a,c,22350.0,0,Type A,Extended,763,712,568,Low Sales / Low Footfall,4700.19,6811.25,44.91,Moderate Promotion Response,Turnaround Priority,"Conduct store-specific review of local demand, competition, assortment and promotion response before allocating further promotional resources."
936,779,5496846,7056.28,6842.0,1423.92,891.39,877.0,7.87,350,20.18,a,a,580.0,0,Type A,Basic,451,249,882,High Sales / High Footfall,6278.61,8009.49,27.57,Low Promotion Response,Strong Core Performer,Maintain current operations and use promotions selectively to protect profitability and avoid unnecessary discounting.
937,781,5648895,7232.9,7050.0,1895.19,585.49,580.0,12.23,350,26.2,d,a,2810.0,1,Type D,Basic,408,742,118,High Sales / Low Footfall,6124.66,8597.62,40.38,Moderate Promotion Response,High Customer Value Store,Protect high spending per customer and focus on targeted footfall-building campaigns.
938,784,7375962,9408.11,8957.5,1923.27,963.71,931.5,9.7,353,20.44,a,a,2820.0,0,Type A,Basic,129,191,484,High Sales / High Footfall,8241.58,10832.41,31.44,Moderate Promotion Response,Strong Core Performer,Maintain current operations and use promotions selectively to protect profitability and avoid unnecessary discounting.
939,779,4656745,5977.85,5852.0,1475.55,576.51,570.0,10.28,350,24.68,d,a,1340.0,0,Type D,Basic,688,759,380,Low Sales / Low Footfall,5203.32,6927.2,33.13,Moderate Promotion Response,Turnaround Priority,"Conduct store-specific review of local demand, competition, assortment and promotion response before allocating further promotional resources."
940,780,5657022,7252.59,6857.5,1967.92,743.02,727.0,9.65,352,27.13,d,c,6470.0,0,Type D,Extended,405,427,495,High Sales / High Footfall,6066.37,8694.93,43.33,Moderate Promotion Response,Strong Core Performer,Maintain current operations and use promotions selectively to protect profitability and avoid unnecessary discounting.
941,622,3129057,5030.64,4645.5,1267.75,554.09,539.0,8.98,274,25.2,a,a,1200.0,1,Type A,Basic,902,808,645,Low Sales / Low Footfall,4175.91,6116.2,46.46,Moderate Promotion Response,Turnaround Priority,"Conduct store-specific review of local demand, competition, assortment and promotion response before allocating further promotional resources."
942,781,4731583,6058.36,5922.0,1589.75,470.42,467.0,12.76,350,26.24,d,c,6860.0,1,Type D,Extended,668,977,76,Low Sales / Low Footfall,5168.65,7153.99,38.41,Moderate Promotion Response,Turnaround Priority,"Conduct store-specific review of local demand, competition, assortment and promotion response before allocating further promotional resources."
943,779,5428994,6969.18,6743.0,1481.38,605.82,588.0,11.43,350,21.26,d,c,18020.0,0,Type D,Extended,481,701,207,High Sales / Low Footfall,6280.93,7812.79,24.39,Low Promotion Response,High Customer Value Store,Protect high spending per customer and focus on targeted footfall-building campaigns.
944,784,6217518,7930.51,7550.5,2195.41,1229.52,1177.5,6.39,353,27.68,c,a,1670.0,0,Type C,Basic,284,78,1085,High Sales / High Footfall,7282.52,8721.68,19.76,Low Promotion Response,Strong Core Performer,Maintain current operations and use promotions selectively to protect profitability and avoid unnecessary discounting.
945,784,3429965,4374.96,4273.0,1104.65,530.89,544.0,8.24,353,25.25,a,c,12480.0,0,Type A,Extended,1022,858,782,Low Sales / Low Footfall,3797.87,5079.56,33.75,Moderate Promotion Response,Turnaround Priority,"Conduct store-specific review of local demand, competition, assortment and promotion response before allocating further promotional resources."
946,779,3274470,4203.43,4026.0,1137.46,532.64,536.0,7.81,350,27.06,a,a,2220.0,1,Type A,Basic,1041,852,901,Low Sales / Low Footfall,3433.46,5147.18,49.91,Moderate Promotion Response,Turnaround Priority,"Conduct store-specific review of local demand, competition, assortment and promotion response before allocating further promotional resources."
947,771,6470539,8392.4,8343.0,1749.95,1140.3,1133.0,7.33,348,20.85,a,a,460.0,1,Type A,Basic,226,99,991,High Sales / High Footfall,7733.72,9193.03,18.87,Low Promotion Response,Strong Core Performer,Maintain current operations and use promotions selectively to protect profitability and avoid unnecessary discounting.
948,927,6437314,6944.24,6691.0,1824.81,1714.27,1725.0,4.02,354,26.28,b,b,1430.0,0,Type B,Extra,486,25,1112,High Sales / High Footfall,6865.65,7071.45,3.0,Low Promotion Response,Strong Core Performer,Maintain current operations and use promotions selectively to protect profitability and avoid unnecessary discounting.
949,784,4194405,5350.01,4980.5,1842.57,496.91,479.5,10.51,353,34.44,a,a,870.0,0,Type A,Basic,827,927,340,Low Sales / Low Footfall,4014.56,6980.53,73.88,High Promotion Response,Turnaround Priority,"Conduct store-specific review of local demand, competition, assortment and promotion response before allocating further promotional resources."
950,775,4450296,5742.32,5436.0,1597.7,562.31,560.0,10.1,348,27.82,a,a,8460.0,0,Type A,Basic,748,788,413,Low Sales / Low Footfall,4640.78,7093.91,52.86,High Promotion Response,Turnaround Priority,"Conduct store-specific review of local demand, competition, assortment and promotion response before allocating further promotional resources."
951,779,6058267,7776.98,7572.0,1938.23,718.83,704.0,10.71,350,24.92,d,c,710.0,1,Type D,Extended,300,462,305,High Sales / High Footfall,6684.61,9115.92,36.37,Moderate Promotion Response,Strong Core Performer,Maintain current operations and use promotions selectively to protect profitability and avoid unnecessary discounting.
952,622,4085326,6568.05,6470.5,1285.48,530.22,523.0,12.34,274,19.57,d,c,6300.0,0,Type D,Extended,563,859,106,Low Sales / Low Footfall,6117.94,7139.72,16.7,Low Promotion Response,Turnaround Priority,"Conduct store-specific review of local demand, competition, assortment and promotion response before allocating further promotional resources."
953,782,4162942,5323.46,5244.0,1888.7,542.59,565.0,9.7,353,35.48,a,a,19830.0,1,Type A,Basic,836,836,482,Low Sales / Low Footfall,4098.38,6812.29,66.22,High Promotion Response,Turnaround Priority,"Conduct store-specific review of local demand, competition, assortment and promotion response before allocating further promotional resources."
954,779,5426552,6966.05,6557.0,2043.24,905.4,891.0,7.59,350,29.33,a,a,390.0,1,Type A,Basic,482,237,946,High Sales / High Footfall,5761.54,8442.43,46.53,Moderate Promotion Response,Strong Core Performer,Maintain current operations and use promotions selectively to protect profitability and avoid unnecessary discounting.
955,779,3676529,4719.55,4526.0,1380.12,456.7,453.0,10.19,350,29.24,d,c,1690.0,1,Type D,Extended,970,999,394,Low Sales / Low Footfall,3984.35,5620.69,41.07,Moderate Promotion Response,Turnaround Priority,"Conduct store-specific review of local demand, competition, assortment and promotion response before allocating further promotional resources."
956,776,2992188,3855.91,3638.5,1499.18,496.29,497.5,7.68,348,38.88,a,a,2330.0,1,Type A,Basic,1072,929,931,Low Sales / Low Footfall,3130.55,4748.03,51.67,Moderate Promotion Response,Turnaround Priority,"Conduct store-specific review of local demand, competition, assortment and promotion response before allocating further promotional resources."
957,784,6192726,7898.89,7459.0,2509.55,850.67,841.5,9.16,353,31.77,d,c,1420.0,0,Type D,Extended,288,292,605,High Sales / High Footfall,6243.38,9920.19,58.89,High Promotion Response,High-Value Promotion Priority,Prioritise for regular promotions because these stores combine strong baseline performance with high promotional responsiveness.
958,784,3327635,4244.43,4172.5,972.2,562.73,563.0,7.51,353,22.91,a,a,440.0,0,Type A,Basic,1037,786,959,Low Sales / Low Footfall,3721.1,4883.41,31.24,Moderate Promotion Response,Turnaround Priority,"Conduct store-specific review of local demand, competition, assortment and promotion response before allocating further promotional resources."
959,784,5528325,7051.43,6987.0,1930.97,744.6,761.5,9.4,353,27.38,a,c,1060.0,0,Type A,Extended,452,424,548,High Sales / High Footfall,5812.77,8563.8,47.33,Moderate Promotion Response,Strong Core Performer,Maintain current operations and use promotions selectively to protect profitability and avoid unnecessary discounting.
960,781,5251132,6723.6,6406.0,1782.31,553.06,545.0,12.01,350,26.51,d,a,8990.0,1,Type D,Basic,529,810,135,High Sales / Low Footfall,5607.6,8097.87,44.41,Moderate Promotion Response,High Customer Value Store,Protect high spending per customer and focus on targeted footfall-building campaigns.
961,779,5080588,6521.94,6224.0,1462.02,688.84,669.0,9.4,350,22.42,d,c,9430.0,0,Type D,Extended,572,536,550,Low Sales / High Footfall,5751.19,7466.65,29.83,Moderate Promotion Response,Conversion Improvement Priority,"Review assortment, cross-selling and promotion design because customer traffic is relatively high but sales per customer are weak."
962,766,5125011,6690.61,6114.0,2135.91,908.75,862.5,7.24,345,31.92,c,a,260.0,0,Type C,Basic,538,235,1005,High Sales / High Footfall,5296.47,8391.88,58.44,High Promotion Response,High-Value Promotion Priority,Prioritise for regular promotions because these stores combine strong baseline performance with high promotional responsiveness.
963,779,8385406,10764.32,10216.0,4507.55,1016.21,1029.0,10.44,351,41.87,a,c,23620.0,0,Type A,Extended,64,153,349,High Sales / High Footfall,7830.77,14341.42,83.14,High Promotion Response,High-Value Promotion Priority,Prioritise for regular promotions because these stores combine strong baseline performance with high promotional responsiveness.
964,772,7534699,9759.97,9463.0,2387.78,1395.3,1383.0,6.94,348,24.46,a,a,270.0,1,Type A,Basic,107,47,1045,High Sales / High Footfall,8407.73,11407.53,35.68,Moderate Promotion Response,Strong Core Performer,Maintain current operations and use promotions selectively to protect profitability and avoid unnecessary discounting.
965,781,6626600,8484.76,7824.0,2498.33,905.49,866.0,9.24,350,29.44,a,c,110.0,0,Type A,Extended,209,236,585,High Sales / High Footfall,6973.2,10346.14,48.37,Moderate Promotion Response,Strong Core Performer,Maintain current operations and use promotions selectively to protect profitability and avoid unnecessary discounting.
966,779,3753283,4818.08,4712.0,1055.46,610.26,615.0,7.87,350,21.91,a,a,760.0,0,Type A,Basic,948,695,881,Low Sales / Low Footfall,4175.76,5605.38,34.24,Moderate Promotion Response,Turnaround Priority,"Conduct store-specific review of local demand, competition, assortment and promotion response before allocating further promotional resources."
967,779,6731473,8641.17,8373.0,2227.27,923.32,922.0,9.32,350,25.78,a,c,3560.0,1,Type A,Extended,198,221,569,High Sales / High Footfall,7357.05,10215.14,38.85,Moderate Promotion Response,Strong Core Performer,Maintain current operations and use promotions selectively to protect profitability and avoid unnecessary discounting.
968,780,5609742,7191.98,7167.0,1799.56,875.97,890.5,8.16,352,25.02,c,a,1190.0,0,Type C,Basic,421,263,800,High Sales / High Footfall,6083.21,8540.14,40.39,Moderate Promotion Response,Strong Core Performer,Maintain current operations and use promotions selectively to protect profitability and avoid unnecessary discounting.
969,755,2645117,3503.47,3393.0,946.13,599.13,603.0,5.79,339,27.01,a,c,600.0,1,Type A,Extended,1094,713,1102,Low Sales / Low Footfall,2993.04,4129.83,37.98,Moderate Promotion Response,Turnaround Priority,"Conduct store-specific review of local demand, competition, assortment and promotion response before allocating further promotional resources."
970,781,2573975,3295.74,3330.0,1185.54,400.17,427.0,8.19,350,35.97,a,a,910.0,1,Type A,Basic,1101,1064,796,Low Sales / Low Footfall,2547.28,4217.43,65.57,High Promotion Response,Turnaround Priority,"Conduct store-specific review of local demand, competition, assortment and promotion response before allocating further promotional resources."
971,772,6392792,8280.82,7971.5,2380.1,986.6,973.0,8.27,348,28.74,c,a,1140.0,1,Type C,Basic,241,176,773,High Sales / High Footfall,7009.95,9829.24,40.22,Moderate Promotion Response,Strong Core Performer,Maintain current operations and use promotions selectively to protect profitability and avoid unnecessary discounting.
972,702,2402627,3422.55,3295.5,1468.55,387.8,392.0,8.64,319,42.91,a,a,14960.0,0,Type A,Basic,1098,1076,710,Low Sales / Low Footfall,2487.68,4544.97,82.7,High Promotion Response,Turnaround Priority,"Conduct store-specific review of local demand, competition, assortment and promotion response before allocating further promotional resources."
973,779,5017528,6440.99,6046.0,1941.35,789.87,769.0,8.04,350,30.14,d,c,330.0,1,Type D,Extended,593,369,840,Low Sales / High Footfall,5402.57,7713.79,42.78,Moderate Promotion Response,Conversion Improvement Priority,"Review assortment, cross-selling and promotion design because customer traffic is relatively high but sales per customer are weak."
974,622,7178474,11540.95,11199.5,2171.22,1561.42,1564.5,7.36,274,18.81,a,a,150.0,1,Type A,Basic,43,37,982,High Sales / High Footfall,10207.84,13234.11,29.65,Moderate Promotion Response,Strong Core Performer,Maintain current operations and use promotions selectively to protect profitability and avoid unnecessary discounting.
975,779,6010559,7715.74,7417.0,2031.32,743.83,738.0,10.29,350,26.33,a,c,9630.0,1,Type A,Extended,318,425,379,High Sales / High Footfall,6489.97,9218.18,42.04,Moderate Promotion Response,Strong Core Performer,Maintain current operations and use promotions selectively to protect profitability and avoid unnecessary discounting.
976,779,5433498,6974.97,6609.0,2163.97,717.74,709.0,9.57,350,31.02,a,a,4180.0,0,Type A,Basic,479,466,519,High Sales / High Footfall,5499.4,8783.59,59.72,High Promotion Response,High-Value Promotion Priority,Prioritise for regular promotions because these stores combine strong baseline performance with high promotional responsiveness.
977,623,2974291,4774.14,4079.0,1831.79,510.58,482.0,9.1,275,38.37,a,a,520.0,1,Type A,Basic,957,898,619,Low Sales / Low Footfall,3487.25,6402.64,83.6,High Promotion Response,Turnaround Priority,"Conduct store-specific review of local demand, competition, assortment and promotion response before allocating further promotional resources."
978,780,5626588,7213.57,6852.5,1968.27,971.58,945.0,7.33,352,27.29,c,c,3890.0,0,Type C,Extended,416,182,990,High Sales / High Footfall,6041.56,8638.63,42.99,Moderate Promotion Response,Strong Core Performer,Maintain current operations and use promotions selectively to protect profitability and avoid unnecessary discounting.
979,782,4898808,6264.46,5921.5,1856.63,636.38,619.0,9.67,353,29.64,a,c,2270.0,1,Type A,Extended,627,643,488,Low Sales / Low Footfall,5002.24,7798.43,55.9,High Promotion Response,Turnaround Priority,"Conduct store-specific review of local demand, competition, assortment and promotion response before allocating further promotional resources."
980,779,5468281,7019.62,6517.0,1963.94,554.77,533.0,12.52,350,27.98,a,a,4420.0,0,Type A,Basic,462,805,90,High Sales / Low Footfall,5722.53,8609.47,50.45,Moderate Promotion Response,High Customer Value Store,Protect high spending per customer and focus on targeted footfall-building campaigns.
981,780,5700952,7308.91,6976.0,1999.28,754.23,732.0,9.57,351,27.35,d,c,2620.0,0,Type D,Extended,388,412,521,High Sales / High Footfall,6092.77,8795.31,44.36,Moderate Promotion Response,Strong Core Performer,Maintain current operations and use promotions selectively to protect profitability and avoid unnecessary discounting.
982,780,6285458,8058.28,7540.5,2371.88,691.66,669.0,11.5,352,29.43,d,a,21930.0,0,Type D,Basic,261,528,195,High Sales / High Footfall,6549.61,9892.68,51.04,Moderate Promotion Response,Strong Core Performer,Maintain current operations and use promotions selectively to protect profitability and avoid unnecessary discounting.
983,772,7941077,10286.37,9862.0,3194.82,1383.51,1345.5,7.37,350,31.06,a,a,40.0,1,Type A,Basic,83,50,981,High Sales / High Footfall,8824.8,12048.61,36.53,Moderate Promotion Response,Strong Core Performer,Maintain current operations and use promotions selectively to protect profitability and avoid unnecessary discounting.
984,776,4708162,6067.22,5908.0,1832.41,740.35,737.0,8.08,348,30.2,c,a,440.0,1,Type C,Basic,664,433,826,Low Sales / High Footfall,4991.71,7389.97,48.04,Moderate Promotion Response,Conversion Improvement Priority,"Review assortment, cross-selling and promotion design because customer traffic is relatively high but sales per customer are weak."
985,777,6516900,8387.26,8111.0,2253.5,774.75,753.0,10.77,348,26.87,c,c,490.0,1,Type C,Extended,228,384,294,High Sales / High Footfall,7518.17,9458.64,25.81,Low Promotion Response,Strong Core Performer,Maintain current operations and use promotions selectively to protect profitability and avoid unnecessary discounting.
986,771,4802035,6228.32,5733.0,2129.78,829.16,772.0,7.43,348,34.2,a,a,620.0,1,Type A,Basic,639,321,971,Low Sales / High Footfall,5190.52,7489.78,44.3,Moderate Promotion Response,Conversion Improvement Priority,"Review assortment, cross-selling and promotion design because customer traffic is relatively high but sales per customer are weak."
987,784,5368327,6847.36,6690.5,2058.58,867.47,882.0,7.79,353,30.06,c,a,1690.0,0,Type C,Basic,508,276,905,High Sales / High Footfall,5586.53,8386.77,50.12,Moderate Promotion Response,Strong Core Performer,Maintain current operations and use promotions selectively to protect profitability and avoid unnecessary discounting.
988,784,3683288,4698.07,4548.0,989.22,722.51,713.0,6.49,353,21.06,a,a,30.0,0,Type A,Basic,972,459,1077,Low Sales / High Footfall,4232.44,5266.59,24.43,Low Promotion Response,Conversion Improvement Priority,"Review assortment, cross-selling and promotion design because customer traffic is relatively high but sales per customer are weak."
989,622,3260812,5242.46,5114.5,1363.43,573.55,581.0,9.08,274,26.01,a,a,1640.0,1,Type A,Basic,861,767,627,Low Sales / Low Footfall,4384.23,6332.49,44.44,Moderate Promotion Response,Turnaround Priority,"Conduct store-specific review of local demand, competition, assortment and promotion response before allocating further promotional resources."
990,780,4999125,6409.13,6202.5,1718.85,573.48,556.5,11.05,352,26.82,d,a,20930.0,0,Type D,Basic,597,768,259,Low Sales / Low Footfall,5336.54,7713.31,44.54,Moderate Promotion Response,Turnaround Priority,"Conduct store-specific review of local demand, competition, assortment and promotion response before allocating further promotional resources."
991,779,4484520,5756.77,5704.0,1341.03,536.75,528.0,10.65,350,23.29,a,a,1010.0,0,Type A,Basic,740,846,311,Low Sales / Low Footfall,5282.65,6337.9,19.98,Low Promotion Response,Turnaround Priority,"Conduct store-specific review of local demand, competition, assortment and promotion response before allocating further promotional resources."
992,779,4452757,5715.99,5589.0,1523.92,701.14,716.0,8.1,350,26.66,a,a,2480.0,0,Type A,Basic,756,506,820,Low Sales / High Footfall,4719.35,6937.59,47.0,Moderate Promotion Response,Conversion Improvement Priority,"Review assortment, cross-selling and promotion design because customer traffic is relatively high but sales per customer are weak."
993,780,5942063,7618.03,7292.0,2158.21,752.83,745.0,10.01,352,28.33,d,c,3460.0,1,Type D,Extended,337,416,432,High Sales / High Footfall,6230.76,9304.83,49.34,Moderate Promotion Response,Strong Core Performer,Maintain current operations and use promotions selectively to protect profitability and avoid unnecessary discounting.
994,779,3536283,4539.52,4218.0,1733.87,442.01,436.0,10.05,350,38.19,a,a,2290.0,1,Type A,Basic,997,1023,425,Low Sales / Low Footfall,3338.31,6011.85,80.09,High Promotion Response,Turnaround Priority,"Conduct store-specific review of local demand, competition, assortment and promotion response before allocating further promotional resources."
995,780,7226190,9264.35,8892.5,2133.76,788.12,771.0,11.66,352,23.03,d,a,6560.0,0,Type D,Basic,145,372,177,High Sales / High Footfall,7972.25,10835.42,35.91,Moderate Promotion Response,Strong Core Performer,Maintain current operations and use promotions selectively to protect profitability and avoid unnecessary discounting.
996,767,4993206,6510.05,6101.0,2249.46,696.71,682.0,9.15,347,34.55,c,a,2870.0,1,Type C,Basic,574,520,611,Low Sales / High Footfall,5087.55,8231.8,61.8,High Promotion Response,Conversion Improvement Priority,"Review assortment, cross-selling and promotion design because customer traffic is relatively high but sales per customer are weak."
997,781,4028334,5157.92,4870.0,1583.65,412.32,399.0,12.31,350,30.7,d,c,5840.0,1,Type D,Extended,876,1057,108,Low Sales / Low Footfall,4161.26,6385.24,53.44,High Promotion Response,Turnaround Priority,"Conduct store-specific review of local demand, competition, assortment and promotion response before allocating further promotional resources."
998,777,3354263,4316.94,4123.0,873.28,534.28,523.0,8.03,348,20.23,a,a,780.0,1,Type A,Basic,1028,851,843,Low Sales / Low Footfall,3812.97,4938.22,29.51,Moderate Promotion Response,Turnaround Priority,"Conduct store-specific review of local demand, competition, assortment and promotion response before allocating further promotional resources."
999,780,7163321,9183.74,8818.0,3111.99,660.4,657.5,13.68,352,33.89,d,c,15140.0,1,Type D,Extended,152,590,24,High Sales / Low Footfall,7006.02,11831.66,68.88,High Promotion Response,High Customer Value Store,Protect high spending per customer and focus on targeted footfall-building campaigns.
1000,622,4635525,7452.61,7275.0,1493.94,681.15,669.0,10.87,274,20.05,a,c,2230.0,1,Type A,Extended,364,553,283,High Sales / High Footfall,6656.72,8463.45,27.14,Low Promotion Response,Strong Core Performer,Maintain current operations and use promotions selectively to protect profitability and avoid unnecessary discounting.
1001,782,4239004,5420.72,5101.0,1809.8,621.0,618.0,8.58,353,33.39,c,a,19640.0,1,Type C,Basic,811,671,718,Low Sales / Low Footfall,4208.77,6893.6,63.79,High Promotion Response,Turnaround Priority,"Conduct store-specific review of local demand, competition, assortment and promotion response before allocating further promotional resources."
1002,784,4753790,6063.51,5872.5,1398.92,717.37,706.0,8.38,353,23.07,d,c,1130.0,0,Type D,Extended,666,468,758,Low Sales / High Footfall,5350.89,6933.58,29.58,Moderate Promotion Response,Conversion Improvement Priority,"Review assortment, cross-selling and promotion design because customer traffic is relatively high but sales per customer are weak."
1003,779,5751204,7382.8,6811.0,2604.38,773.11,746.0,9.4,350,35.28,a,a,170.0,1,Type A,Basic,373,388,547,High Sales / High Footfall,5647.34,9509.99,68.4,High Promotion Response,High-Value Promotion Priority,Prioritise for regular promotions because these stores combine strong baseline performance with high promotional responsiveness.
1004,622,3212907,5165.45,5017.5,1460.22,451.9,445.0,11.27,274,28.27,d,c,970.0,1,Type D,Extended,875,1009,227,Low Sales / Low Footfall,4275.16,6296.17,47.27,Moderate Promotion Response,Turnaround Priority,"Conduct store-specific review of local demand, competition, assortment and promotion response before allocating further promotional resources."
1005,779,4834459,6205.98,5888.0,1317.17,936.69,916.0,6.58,350,21.22,a,a,6480.0,0,Type A,Basic,643,217,1069,Low Sales / High Footfall,5475.69,7101.11,29.68,Moderate Promotion Response,Conversion Improvement Priority,"Review assortment, cross-selling and promotion design because customer traffic is relatively high but sales per customer are weak."
1006,780,4970130,6371.96,6090.5,1632.88,866.25,845.5,7.27,351,25.63,c,c,3890.0,1,Type C,Extended,602,279,999,Low Sales / High Footfall,5526.31,7405.53,34.0,Moderate Promotion Response,Conversion Improvement Priority,"Review assortment, cross-selling and promotion design because customer traffic is relatively high but sales per customer are weak."
1007,784,5485024,6996.2,6933.5,1880.95,816.15,798.0,8.48,353,26.89,c,c,4180.0,0,Type C,Extended,473,337,737,High Sales / High Footfall,6127.84,8056.44,31.47,Moderate Promotion Response,Strong Core Performer,Maintain current operations and use promotions selectively to protect profitability and avoid unnecessary discounting.
1008,784,4179585,5331.1,5028.0,1386.01,716.65,695.0,7.34,353,26.0,a,c,30.0,0,Type A,Extended,835,470,986,Low Sales / High Footfall,4405.21,6461.58,46.68,Moderate Promotion Response,Conversion Improvement Priority,"Review assortment, cross-selling and promotion design because customer traffic is relatively high but sales per customer are weak."
1009,622,2968299,4772.18,4663.0,1041.55,458.15,458.0,10.4,274,21.83,a,a,230.0,1,Type A,Basic,958,995,360,Low Sales / Low Footfall,4183.02,5520.47,31.97,Moderate Promotion Response,Turnaround Priority,"Conduct store-specific review of local demand, competition, assortment and promotion response before allocating further promotional resources."
1010,784,6957339,8874.16,8732.5,2387.3,807.47,793.0,10.89,353,26.9,d,c,4610.0,1,Type D,Extended,175,345,279,High Sales / High Footfall,7778.37,10212.07,31.29,Moderate Promotion Response,Strong Core Performer,Maintain current operations and use promotions selectively to protect profitability and avoid unnecessary discounting.
1011,779,6137147,7878.24,7548.0,2059.64,943.33,920.0,8.27,350,26.14,a,c,490.0,1,Type A,Extended,289,209,774,High Sales / High Footfall,6729.06,9286.8,38.01,Moderate Promotion Response,Strong Core Performer,Maintain current operations and use promotions selectively to protect profitability and avoid unnecessary discounting.
1012,622,3762920,6049.71,5984.5,1295.75,517.01,505.0,11.63,274,21.42,d,c,6330.0,1,Type D,Extended,670,887,182,Low Sales / Low Footfall,5612.73,6604.71,17.67,Low Promotion Response,Turnaround Priority,"Conduct store-specific review of local demand, competition, assortment and promotion response before allocating further promotional resources."
1013,779,3110984,3993.56,3827.0,1325.45,443.14,447.0,8.89,350,33.19,a,a,630.0,1,Type A,Basic,1057,1021,670,Low Sales / Low Footfall,3129.54,5052.6,61.45,High Promotion Response,Turnaround Priority,"Conduct store-specific review of local demand, competition, assortment and promotion response before allocating further promotional resources."
1014,779,9509102,12206.81,12082.0,4571.51,1349.65,1401.0,8.95,350,37.45,a,c,210.0,1,Type A,Extended,33,54,654,High Sales / High Footfall,9297.69,15772.55,69.64,High Promotion Response,High-Value Promotion Priority,Prioritise for regular promotions because these stores combine strong baseline performance with high promotional responsiveness.
1015,779,4705183,6040.03,5744.0,1514.2,492.47,478.0,12.15,350,25.07,d,c,9910.0,1,Type D,Extended,673,939,122,Low Sales / Low Footfall,5161.36,7117.02,37.89,Moderate Promotion Response,Turnaround Priority,"Conduct store-specific review of local demand, competition, assortment and promotion response before allocating further promotional resources."
1016,779,4213934,5409.41,4956.0,1920.67,500.19,481.0,10.57,350,35.51,c,c,550.0,1,Type C,Extended,815,921,331,Low Sales / Low Footfall,4104.46,7008.91,70.76,High Promotion Response,Turnaround Priority,"Conduct store-specific review of local demand, competition, assortment and promotion response before allocating further promotional resources."
1017,767,5539437,7222.21,6994.0,1674.84,1018.4,1021.0,7.05,345,23.19,c,a,110.0,0,Type C,Basic,412,151,1033,High Sales / High Footfall,6207.8,8463.03,36.33,Moderate Promotion Response,Strong Core Performer,Maintain current operations and use promotions selectively to protect profitability and avoid unnecessary discounting.
1018,782,9187204,11748.34,11256.5,2843.85,1359.48,1321.5,8.56,352,24.21,c,c,140.0,0,Type C,Extended,39,52,721,High Sales / High Footfall,10572.55,13184.68,24.71,Low Promotion Response,Strong Core Performer,Maintain current operations and use promotions selectively to protect profitability and avoid unnecessary discounting.
1019,623,5651236,9071.0,8673.0,2633.35,753.57,739.0,11.85,275,29.03,d,c,2740.0,1,Type D,Extended,159,414,152,High Sales / High Footfall,7527.8,11023.86,46.44,Moderate Promotion Response,Strong Core Performer,Maintain current operations and use promotions selectively to protect profitability and avoid unnecessary discounting.
1020,781,7054345,9032.45,8982.0,1822.18,1109.91,1096.0,8.1,350,20.17,a,a,40.0,0,Type A,Basic,163,111,821,High Sales / High Footfall,8260.74,9982.77,20.85,Low Promotion Response,Strong Core Performer,Maintain current operations and use promotions selectively to protect profitability and avoid unnecessary discounting.
1021,770,6835866,8877.75,8801.0,1469.16,1062.01,1059.5,8.33,347,16.55,a,a,1080.0,0,Type A,Basic,174,132,767,High Sales / High Footfall,8381.22,9483.02,13.15,Low Promotion Response,Strong Core Performer,Maintain current operations and use promotions selectively to protect profitability and avoid unnecessary discounting.
1022,779,5706179,7325.01,6805.0,2132.68,823.02,792.0,8.76,350,29.12,a,c,1520.0,0,Type A,Extended,385,326,689,High Sales / High Footfall,6036.12,8904.81,47.53,Moderate Promotion Response,Strong Core Performer,Maintain current operations and use promotions selectively to protect profitability and avoid unnecessary discounting.
1023,780,4799042,6152.62,5839.5,1827.83,630.17,608.0,9.65,352,29.71,c,a,3740.0,1,Type C,Basic,651,657,493,Low Sales / Low Footfall,5210.28,7298.41,40.08,Moderate Promotion Response,Turnaround Priority,"Conduct store-specific review of local demand, competition, assortment and promotion response before allocating further promotional resources."
1024,784,4810209,6135.47,6092.0,1383.58,785.43,775.0,7.75,353,22.55,c,c,1990.0,0,Type C,Extended,652,374,913,Low Sales / High Footfall,5453.98,6967.55,27.75,Low Promotion Response,Conversion Improvement Priority,"Review assortment, cross-selling and promotion design because customer traffic is relatively high but sales per customer are weak."
1025,776,5762189,7425.5,7231.0,1343.32,866.7,858.0,8.52,348,18.09,a,a,720.0,0,Type A,Basic,367,278,728,High Sales / High Footfall,6520.8,8538.18,30.94,Moderate Promotion Response,Strong Core Performer,Maintain current operations and use promotions selectively to protect profitability and avoid unnecessary discounting.
1026,779,7397085,9495.62,8964.0,2753.18,1180.29,1144.0,7.93,350,28.99,c,a,450.0,1,Type C,Basic,122,86,867,High Sales / High Footfall,7641.14,11768.68,54.02,High Promotion Response,High-Value Promotion Priority,Prioritise for regular promotions because these stores combine strong baseline performance with high promotional responsiveness.
1027,623,8163847,13104.09,12170.0,3754.72,1657.93,1612.0,7.79,275,28.65,a,c,190.0,1,Type A,Extended,26,28,906,High Sales / High Footfall,10665.01,16190.63,51.81,High Promotion Response,High-Value Promotion Priority,Prioritise for regular promotions because these stores combine strong baseline performance with high promotional responsiveness.
1028,779,3686723,4732.64,4269.0,1781.58,546.58,532.0,8.47,350,37.64,a,a,150.0,1,Type A,Basic,966,823,739,Low Sales / Low Footfall,3543.46,6190.22,74.69,High Promotion Response,Turnaround Priority,"Conduct store-specific review of local demand, competition, assortment and promotion response before allocating further promotional resources."
1029,780,4224868,5416.5,5617.0,1983.79,757.72,828.0,7.16,351,36.62,a,a,1590.0,0,Type A,Basic,813,405,1020,Low Sales / High Footfall,4215.97,6883.81,63.28,High Promotion Response,Conversion Improvement Priority,"Review assortment, cross-selling and promotion design because customer traffic is relatively high but sales per customer are weak."
1030,780,2816323,3610.67,3525.5,1430.31,331.92,341.5,10.73,351,39.61,a,a,36410.0,0,Type A,Basic,1087,1104,301,Low Sales / Low Footfall,2652.8,4781.4,80.24,High Promotion Response,Turnaround Priority,"Conduct store-specific review of local demand, competition, assortment and promotion response before allocating further promotional resources."
1031,779,3773364,4843.86,4457.0,1495.2,417.97,399.0,11.41,350,30.87,d,a,590.0,0,Type D,Basic,940,1048,209,Low Sales / Low Footfall,3825.73,6091.79,59.23,High Promotion Response,Turnaround Priority,"Conduct store-specific review of local demand, competition, assortment and promotion response before allocating further promotional resources."
1032,780,7172255,9195.2,8929.5,2936.95,964.28,980.0,9.48,351,31.94,d,c,270.0,1,Type D,Extended,151,190,535,High Sales / High Footfall,7401.5,11387.5,53.85,High Promotion Response,High-Value Promotion Priority,Prioritise for regular promotions because these stores combine strong baseline performance with high promotional responsiveness.
1033,784,10870270,13865.14,13585.0,3290.34,1299.23,1300.0,10.6,353,23.73,a,a,7680.0,0,Type A,Basic,20,63,326,High Sales / High Footfall,11638.77,16583.46,42.48,Moderate Promotion Response,Strong Core Performer,Maintain current operations and use promotions selectively to protect profitability and avoid unnecessary discounting.
1034,780,5072945,6503.78,6278.0,2681.14,728.4,764.0,8.86,352,41.22,a,a,13750.0,0,Type A,Basic,577,455,677,Low Sales / High Footfall,4787.16,8591.02,79.46,High Promotion Response,Conversion Improvement Priority,"Review assortment, cross-selling and promotion design because customer traffic is relatively high but sales per customer are weak."
1035,780,3803794,4876.66,4728.5,1913.56,577.47,600.0,8.34,352,39.24,a,a,27150.0,0,Type A,Basic,934,756,765,Low Sales / Low Footfall,3586.05,6445.92,79.75,High Promotion Response,Turnaround Priority,"Conduct store-specific review of local demand, competition, assortment and promotion response before allocating further promotional resources."
1036,779,3884252,4986.2,4890.0,1109.76,471.59,469.0,10.51,350,22.26,d,c,9560.0,1,Type D,Extended,911,975,339,Low Sales / Low Footfall,4470.3,5618.55,25.69,Low Promotion Response,Turnaround Priority,"Conduct store-specific review of local demand, competition, assortment and promotion response before allocating further promotional resources."
1037,780,5387026,6906.44,6558.5,1757.62,873.95,847.0,7.84,351,25.45,a,c,150.0,0,Type A,Extended,498,266,886,High Sales / High Footfall,6040.79,7964.47,31.84,Moderate Promotion Response,Strong Core Performer,Maintain current operations and use promotions selectively to protect profitability and avoid unnecessary discounting.
1038,622,3668097,5897.26,5732.0,1382.65,513.44,512.0,11.4,274,23.45,d,a,17290.0,0,Type D,Basic,709,894,212,Low Sales / Low Footfall,5182.61,6804.92,31.3,Moderate Promotion Response,Turnaround Priority,"Conduct store-specific review of local demand, competition, assortment and promotion response before allocating further promotional resources."
1039,769,6307879,8202.7,7880.0,2258.45,1040.08,1010.0,7.81,345,27.53,a,c,70.0,1,Type A,Extended,251,139,897,High Sales / High Footfall,7393.97,9196.62,24.38,Low Promotion Response,Strong Core Performer,Maintain current operations and use promotions selectively to protect profitability and avoid unnecessary discounting.
1040,779,6775360,8697.51,8136.0,2436.74,866.15,843.0,9.92,350,28.02,a,a,4030.0,1,Type A,Basic,193,280,443,High Sales / High Footfall,7143.18,10602.67,48.43,Moderate Promotion Response,Strong Core Performer,Maintain current operations and use promotions selectively to protect profitability and avoid unnecessary discounting.
1041,622,3801487,6111.72,6129.0,1061.28,655.97,646.0,9.28,274,17.36,c,a,1600.0,1,Type C,Basic,658,598,576,Low Sales / Low Footfall,5554.97,6818.82,22.75,Low Promotion Response,Turnaround Priority,"Conduct store-specific review of local demand, competition, assortment and promotion response before allocating further promotional resources."
1042,779,3218244,4131.25,3941.0,1204.31,546.86,539.0,7.45,350,29.15,a,a,3440.0,1,Type A,Basic,1050,822,968,Low Sales / Low Footfall,3420.76,5002.11,46.23,Moderate Promotion Response,Turnaround Priority,"Conduct store-specific review of local demand, competition, assortment and promotion response before allocating further promotional resources."
1043,780,6858406,8792.83,8569.5,2357.42,1206.98,1176.0,7.23,351,26.81,c,a,420.0,0,Type C,Basic,181,80,1008,High Sales / High Footfall,7774.89,10036.98,29.09,Low Promotion Response,Strong Core Performer,Maintain current operations and use promotions selectively to protect profitability and avoid unnecessary discounting.
1044,777,5145309,6622.02,6497.0,1646.97,894.76,883.0,7.33,348,24.87,c,a,240.0,1,Type C,Basic,551,248,989,High Sales / High Footfall,5760.99,7683.46,33.37,Moderate Promotion Response,Strong Core Performer,Maintain current operations and use promotions selectively to protect profitability and avoid unnecessary discounting.
1045,883,6654188,7535.89,7532.0,2511.72,915.25,920.0,8.16,354,33.33,a,c,26990.0,0,Type A,Extended,348,229,803,High Sales / High Footfall,6529.99,9039.05,38.42,Moderate Promotion Response,Strong Core Performer,Maintain current operations and use promotions selectively to protect profitability and avoid unnecessary discounting.
1046,780,6784716,8698.35,8225.0,2537.94,684.06,660.5,12.54,351,29.18,d,c,29070.0,0,Type D,Extended,192,544,89,High Sales / High Footfall,7091.09,10662.79,50.37,Moderate Promotion Response,Strong Core Performer,Maintain current operations and use promotions selectively to protect profitability and avoid unnecessary discounting.
1047,776,3791124,4885.47,4638.0,1456.66,525.65,517.5,9.17,348,29.82,a,a,3750.0,1,Type A,Basic,931,868,604,Low Sales / Low Footfall,3890.47,6109.2,57.03,High Promotion Response,Turnaround Priority,"Conduct store-specific review of local demand, competition, assortment and promotion response before allocating further promotional resources."
1048,783,5392653,6887.17,6559.0,1996.84,531.58,514.0,12.77,353,28.99,d,c,1860.0,1,Type D,Extended,502,855,74,High Sales / Low Footfall,5704.79,8327.46,45.97,Moderate Promotion Response,High Customer Value Store,Protect high spending per customer and focus on targeted footfall-building campaigns.
1049,622,2478906,3985.38,3776.0,870.24,636.26,631.0,6.22,274,21.84,a,a,370.0,1,Type A,Basic,1060,644,1095,Low Sales / Low Footfall,3446.8,4669.42,35.47,Moderate Promotion Response,Turnaround Priority,"Conduct store-specific review of local demand, competition, assortment and promotion response before allocating further promotional resources."
1050,781,5771211,7389.51,7103.0,1917.2,517.72,504.0,14.13,350,25.94,d,c,13170.0,1,Type D,Extended,371,886,14,High Sales / Low Footfall,6322.2,8703.83,37.67,Moderate Promotion Response,High Customer Value Store,Protect high spending per customer and focus on targeted footfall-building campaigns.
1051,766,5737921,7490.76,7206.0,2053.47,1006.34,996.5,7.35,343,27.41,c,a,200.0,1,Type C,Basic,356,160,984,High Sales / High Footfall,6140.36,9156.11,49.11,Moderate Promotion Response,Strong Core Performer,Maintain current operations and use promotions selectively to protect profitability and avoid unnecessary discounting.
1052,779,5662859,7269.4,6921.0,1950.31,756.08,743.0,9.52,350,26.83,a,c,5080.0,1,Type A,Extended,400,408,532,High Sales / High Footfall,6019.92,8800.9,46.2,Moderate Promotion Response,Strong Core Performer,Maintain current operations and use promotions selectively to protect profitability and avoid unnecessary discounting.
1053,784,7002929,8932.31,8289.5,2576.35,1009.77,969.0,8.71,353,28.84,a,a,1710.0,0,Type A,Basic,169,158,697,High Sales / High Footfall,7124.59,11139.46,56.35,High Promotion Response,High-Value Promotion Priority,Prioritise for regular promotions because these stores combine strong baseline performance with high promotional responsiveness.
1054,784,4730838,6034.23,5803.0,1797.54,616.98,621.5,9.69,353,29.79,a,c,13190.0,1,Type A,Extended,675,679,485,Low Sales / Low Footfall,4904.59,7413.48,51.15,Moderate Promotion Response,Turnaround Priority,"Conduct store-specific review of local demand, competition, assortment and promotion response before allocating further promotional resources."
1055,783,6197127,7914.59,7710.0,1916.6,990.41,970.0,7.91,352,24.22,c,a,1980.0,0,Type C,Basic,285,171,870,High Sales / High Footfall,6778.59,9305.55,37.28,Moderate Promotion Response,Strong Core Performer,Maintain current operations and use promotions selectively to protect profitability and avoid unnecessary discounting.
1056,623,2415557,3877.3,3688.0,1142.98,369.84,362.0,10.37,275,29.48,d,c,5350.0,1,Type D,Extended,1069,1087,365,Low Sales / Low Footfall,3469.45,4393.42,26.63,Low Promotion Response,Turnaround Priority,"Conduct store-specific review of local demand, competition, assortment and promotion response before allocating further promotional resources."
1057,784,5036413,6424.0,6340.0,1404.57,640.41,643.0,9.97,353,21.86,d,c,3230.0,0,Type D,Extended,595,625,436,Low Sales / Low Footfall,5865.43,7105.99,21.15,Low Promotion Response,Turnaround Priority,"Conduct store-specific review of local demand, competition, assortment and promotion response before allocating further promotional resources."
1058,779,5658141,7263.34,7015.0,2097.72,700.91,693.0,10.26,350,28.88,a,c,180.0,1,Type A,Extended,401,507,384,High Sales / High Footfall,5941.52,8883.51,49.52,Moderate Promotion Response,Strong Core Performer,Maintain current operations and use promotions selectively to protect profitability and avoid unnecessary discounting.
1059,784,6604849,8424.55,8216.5,1833.35,1153.75,1138.0,7.24,353,21.76,c,a,3380.0,0,Type C,Basic,220,93,1006,High Sales / High Footfall,7441.86,9624.38,29.33,Low Promotion Response,Strong Core Performer,Maintain current operations and use promotions selectively to protect profitability and avoid unnecessary discounting.
1060,779,5707977,7327.31,6980.0,1889.02,848.11,823.0,8.54,350,25.78,a,c,3430.0,1,Type A,Extended,384,296,725,High Sales / High Footfall,6151.28,8768.79,42.55,Moderate Promotion Response,Strong Core Performer,Maintain current operations and use promotions selectively to protect profitability and avoid unnecessary discounting.
1061,777,5732970,7378.34,7156.0,1785.71,554.73,544.0,13.2,348,24.2,d,c,8110.0,0,Type D,Extended,374,806,45,High Sales / Low Footfall,6669.78,8251.82,23.72,Low Promotion Response,High Customer Value Store,Protect high spending per customer and focus on targeted footfall-building campaigns.
1062,779,4990259,6405.98,6081.0,1815.01,592.43,571.0,10.65,350,28.33,d,a,190.0,1,Type D,Basic,598,726,312,Low Sales / Low Footfall,5153.36,7941.33,54.1,High Promotion Response,Turnaround Priority,"Conduct store-specific review of local demand, competition, assortment and promotion response before allocating further promotional resources."
1063,784,3348689,4271.29,4015.0,1112.88,530.95,518.5,7.95,353,26.05,a,c,6250.0,0,Type A,Extended,1032,857,861,Low Sales / Low Footfall,3592.2,5100.42,41.99,Moderate Promotion Response,Turnaround Priority,"Conduct store-specific review of local demand, competition, assortment and promotion response before allocating further promotional resources."
1064,779,7365896,9455.58,8970.0,2060.2,1067.86,1038.0,8.8,350,21.79,a,c,420.0,0,Type A,Extended,126,128,682,High Sales / High Footfall,8255.89,10926.05,32.34,Moderate Promotion Response,Strong Core Performer,Maintain current operations and use promotions selectively to protect profitability and avoid unnecessary discounting.
1065,622,2611257,4198.16,4131.0,1096.29,485.26,499.0,8.58,274,26.11,a,a,1290.0,1,Type A,Basic,1043,957,719,Low Sales / Low Footfall,3517.03,5063.26,43.96,Moderate Promotion Response,Turnaround Priority,"Conduct store-specific review of local demand, competition, assortment and promotion response before allocating further promotional resources."
1066,779,8626583,11073.92,10732.0,1924.01,1125.93,1103.0,9.8,350,17.37,a,a,3350.0,0,Type A,Basic,53,104,464,High Sales / High Footfall,10177.75,12172.37,19.6,Low Promotion Response,Strong Core Performer,Maintain current operations and use promotions selectively to protect profitability and avoid unnecessary discounting.
1067,622,3580348,5756.19,5558.0,1254.51,490.37,480.0,11.66,274,21.79,d,c,12020.0,0,Type D,Extended,741,943,178,Low Sales / Low Footfall,5081.15,6613.53,30.16,Moderate Promotion Response,Turnaround Priority,"Conduct store-specific review of local demand, competition, assortment and promotion response before allocating further promotional resources."
1068,777,3451074,4441.54,4287.0,1128.26,309.54,303.0,14.24,348,25.4,d,c,5010.0,1,Type D,Extended,1013,1110,10,Low Sales / Low Footfall,3967.44,5025.99,26.68,Low Promotion Response,Turnaround Priority,"Conduct store-specific review of local demand, competition, assortment and promotion response before allocating further promotional resources."
1069,782,4930721,6305.27,5949.5,2230.95,794.7,766.5,7.82,353,35.38,a,c,18050.0,1,Type A,Extended,614,355,890,Low Sales / High Footfall,4929.0,7977.85,61.86,High Promotion Response,Conversion Improvement Priority,"Review assortment, cross-selling and promotion design because customer traffic is relatively high but sales per customer are weak."
1070,784,5515214,7034.71,6836.0,1794.7,867.95,852.5,8.03,353,25.51,c,c,400.0,0,Type C,Extended,456,275,845,High Sales / High Footfall,6136.52,8131.37,32.51,Moderate Promotion Response,Strong Core Performer,Maintain current operations and use promotions selectively to protect profitability and avoid unnecessary discounting.
1071,784,4725345,6027.23,5893.5,1357.77,728.62,728.0,8.22,353,22.53,a,a,820.0,1,Type A,Basic,677,453,789,Low Sales / High Footfall,5160.65,7085.29,37.29,Moderate Promotion Response,Conversion Improvement Priority,"Review assortment, cross-selling and promotion design because customer traffic is relatively high but sales per customer are weak."
1072,779,5314269,6821.91,6705.0,1972.94,642.07,655.0,10.52,350,28.92,a,c,5380.0,1,Type A,Extended,516,623,335,High Sales / Low Footfall,5521.76,8415.53,52.41,High Promotion Response,High Customer Value Store,Protect high spending per customer and focus on targeted footfall-building campaigns.
1073,779,5668621,7276.79,6920.0,1808.33,918.26,911.0,7.84,350,24.85,a,c,1710.0,1,Type A,Extended,398,228,884,High Sales / High Footfall,6297.53,8477.09,34.61,Moderate Promotion Response,Strong Core Performer,Maintain current operations and use promotions selectively to protect profitability and avoid unnecessary discounting.
1074,780,4014070,5146.24,4892.0,1455.43,555.61,544.0,9.15,352,28.28,c,c,3330.0,1,Type C,Extended,886,804,612,Low Sales / Low Footfall,4253.63,6231.58,46.5,Moderate Promotion Response,Turnaround Priority,"Conduct store-specific review of local demand, competition, assortment and promotion response before allocating further promotional resources."
1075,784,9004545,11485.39,11312.0,1577.49,1092.76,1088.0,10.48,353,13.73,a,c,1410.0,0,Type A,Extended,45,118,345,High Sales / High Footfall,11170.07,11870.38,6.27,Low Promotion Response,Strong Core Performer,Maintain current operations and use promotions selectively to protect profitability and avoid unnecessary discounting.
1076,779,2820000,3620.03,3432.0,1019.98,545.45,538.0,6.56,350,28.18,a,c,90.0,1,Type A,Extended,1085,825,1071,Low Sales / Low Footfall,3080.84,4280.91,38.95,Moderate Promotion Response,Turnaround Priority,"Conduct store-specific review of local demand, competition, assortment and promotion response before allocating further promotional resources."
1077,779,3497529,4489.77,4317.0,1290.43,495.94,496.0,8.94,350,28.74,a,a,3750.0,1,Type A,Basic,1009,930,657,Low Sales / Low Footfall,3627.05,5547.21,52.94,High Promotion Response,Turnaround Priority,"Conduct store-specific review of local demand, competition, assortment and promotion response before allocating further promotional resources."
1078,777,5289878,6808.08,6115.0,2174.83,523.63,498.0,12.76,348,31.94,d,c,670.0,1,Type D,Extended,520,874,75,High Sales / Low Footfall,5348.77,8607.05,60.92,High Promotion Response,High Customer Value Store,Protect high spending per customer and focus on targeted footfall-building campaigns.
1079,781,6783229,8685.31,7989.0,2595.38,689.33,669.0,12.42,350,29.88,a,a,16680.0,1,Type A,Basic,195,534,98,High Sales / High Footfall,6853.33,10941.27,59.65,High Promotion Response,High-Value Promotion Priority,Prioritise for regular promotions because these stores combine strong baseline performance with high promotional responsiveness.
1080,622,6338656,10190.77,9980.5,1805.78,841.53,831.0,12.06,274,17.72,a,a,2410.0,1,Type A,Basic,90,304,128,High Sales / High Footfall,9273.25,11356.08,22.46,Low Promotion Response,Strong Core Performer,Maintain current operations and use promotions selectively to protect profitability and avoid unnecessary discounting.
1081,757,4485164,5924.92,5904.0,2154.41,937.18,979.0,6.24,286,36.36,b,a,400.0,0,Type B,Basic,701,215,1093,Low Sales / High Footfall,4809.87,7761.24,61.36,High Promotion Response,Conversion Improvement Priority,"Review assortment, cross-selling and promotion design because customer traffic is relatively high but sales per customer are weak."
1082,780,5494934,7044.79,6592.0,1983.68,1034.7,1001.0,6.74,352,28.16,c,a,440.0,0,Type C,Basic,454,141,1059,High Sales / High Footfall,6045.09,8260.33,36.65,Moderate Promotion Response,Strong Core Performer,Maintain current operations and use promotions selectively to protect profitability and avoid unnecessary discounting.
1083,781,4019314,5146.37,5025.0,1235.92,360.65,359.0,14.16,350,24.02,d,c,11540.0,1,Type D,Extended,885,1091,13,Low Sales / Low Footfall,4708.43,5685.66,20.75,Low Promotion Response,Turnaround Priority,"Conduct store-specific review of local demand, competition, assortment and promotion response before allocating further promotional resources."
1084,782,4904211,6271.37,6015.0,1235.54,807.96,791.0,7.72,351,19.7,a,a,190.0,1,Type A,Basic,622,344,919,Low Sales / High Footfall,5616.65,7075.31,25.97,Low Promotion Response,Conversion Improvement Priority,"Review assortment, cross-selling and promotion design because customer traffic is relatively high but sales per customer are weak."
1085,784,5932711,7567.23,7327.0,1944.0,760.32,761.5,9.87,353,25.69,c,a,4030.0,0,Type C,Basic,344,399,450,High Sales / High Footfall,6213.09,9220.59,48.41,Moderate Promotion Response,Strong Core Performer,Maintain current operations and use promotions selectively to protect profitability and avoid unnecessary discounting.
1086,781,5996057,7677.41,7152.0,3061.35,839.13,797.0,8.9,350,39.87,a,a,180.0,1,Type A,Basic,324,306,663,High Sales / High Footfall,5769.59,10026.75,73.79,High Promotion Response,High-Value Promotion Priority,Prioritise for regular promotions because these stores combine strong baseline performance with high promotional responsiveness.
1087,784,4925247,6282.2,6077.5,1370.37,615.48,602.0,10.12,353,21.81,d,c,2210.0,0,Type D,Extended,620,684,406,Low Sales / Low Footfall,5538.55,7190.18,29.82,Moderate Promotion Response,Turnaround Priority,"Conduct store-specific review of local demand, competition, assortment and promotion response before allocating further promotional resources."
1088,779,3960984,5084.7,4874.0,1599.74,485.15,491.0,10.36,350,31.46,a,a,4300.0,1,Type A,Basic,894,958,368,Low Sales / Low Footfall,3997.51,6417.3,60.53,High Promotion Response,Turnaround Priority,"Conduct store-specific review of local demand, competition, assortment and promotion response before allocating further promotional resources."
1089,779,7915233,10160.76,9914.0,2279.63,1002.58,989.0,10.06,350,22.44,d,a,5220.0,0,Type D,Basic,92,162,423,High Sales / High Footfall,9034.92,11540.73,27.73,Low Promotion Response,Strong Core Performer,Maintain current operations and use promotions selectively to protect profitability and avoid unnecessary discounting.
1090,780,5033396,6453.07,6333.5,2365.2,785.66,810.0,8.13,352,36.65,a,a,330.0,1,Type A,Basic,589,373,812,Low Sales / High Footfall,4929.77,8305.27,68.47,High Promotion Response,Conversion Improvement Priority,"Review assortment, cross-selling and promotion design because customer traffic is relatively high but sales per customer are weak."
1091,784,6488655,8276.35,7830.0,2193.63,697.19,674.0,11.74,353,26.5,a,c,9990.0,0,Type A,Extended,242,518,167,High Sales / High Footfall,6913.93,9939.8,43.76,Moderate Promotion Response,Strong Core Performer,Maintain current operations and use promotions selectively to protect profitability and avoid unnecessary discounting.
1092,622,7439455,11960.54,11726.5,1881.24,1165.02,1155.0,10.23,274,15.73,a,a,300.0,1,Type A,Basic,36,89,389,High Sales / High Footfall,11316.68,12778.29,12.92,Low Promotion Response,Strong Core Performer,Maintain current operations and use promotions selectively to protect profitability and avoid unnecessary discounting.
1093,780,6504285,8338.83,8112.5,1938.95,869.45,859.0,9.52,352,23.25,c,c,10450.0,0,Type C,Extended,234,272,531,High Sales / High Footfall,7451.53,9417.7,26.39,Low Promotion Response,Strong Core Performer,Maintain current operations and use promotions selectively to protect profitability and avoid unnecessary discounting.
1094,622,2845473,4574.72,4452.0,1022.17,373.84,362.0,12.17,274,22.34,d,a,2380.0,1,Type D,Basic,987,1085,120,Low Sales / Low Footfall,4351.01,4858.84,11.67,Low Promotion Response,Turnaround Priority,"Conduct store-specific review of local demand, competition, assortment and promotion response before allocating further promotional resources."
1095,782,3739067,4781.42,4632.5,1354.6,677.83,677.0,6.98,353,28.33,a,a,690.0,1,Type A,Basic,954,560,1041,Low Sales / Low Footfall,3939.87,5804.15,47.32,Moderate Promotion Response,Turnaround Priority,"Conduct store-specific review of local demand, competition, assortment and promotion response before allocating further promotional resources."
1096,779,4250632,5456.52,5052.0,1565.24,633.06,610.0,8.49,350,28.69,a,c,1130.0,1,Type A,Extended,806,652,732,Low Sales / Low Footfall,4639.23,6458.29,39.21,Moderate Promotion Response,Turnaround Priority,"Conduct store-specific review of local demand, competition, assortment and promotion response before allocating further promotional resources."
1097,942,9179413,9744.6,9603.0,1900.89,2420.92,2460.0,4.02,360,19.51,b,b,720.0,0,Type B,Extra,108,8,1113,High Sales / High Footfall,9352.27,10378.87,10.98,Low Promotion Response,Strong Core Performer,Maintain current operations and use promotions selectively to protect profitability and avoid unnecessary discounting.
1098,780,4102408,5259.5,5211.0,1670.52,709.08,725.0,7.34,352,31.76,a,a,1830.0,0,Type A,Basic,853,489,987,Low Sales / High Footfall,4206.11,6540.32,55.5,High Promotion Response,Conversion Improvement Priority,"Review assortment, cross-selling and promotion design because customer traffic is relatively high but sales per customer are weak."
1099,893,6914599,7743.11,7552.0,2128.23,979.95,965.0,7.86,354,27.49,a,c,200.0,1,Type A,Extended,308,180,883,High Sales / High Footfall,6796.58,9184.29,35.13,Moderate Promotion Response,Strong Core Performer,Maintain current operations and use promotions selectively to protect profitability and avoid unnecessary discounting.
1100,769,4167374,5419.21,4900.0,2022.9,669.05,654.0,7.93,346,37.33,a,a,540.0,1,Type A,Basic,812,572,869,Low Sales / Low Footfall,4005.5,7147.54,78.44,High Promotion Response,Turnaround Priority,"Conduct store-specific review of local demand, competition, assortment and promotion response before allocating further promotional resources."
1101,784,7818257,9972.27,9423.0,2524.22,988.45,964.0,9.97,353,25.31,d,c,4060.0,0,Type D,Extended,95,174,435,High Sales / High Footfall,8318.36,11991.62,44.16,Moderate Promotion Response,Strong Core Performer,Maintain current operations and use promotions selectively to protect profitability and avoid unnecessary discounting.
1102,622,4353993,6999.99,6823.5,1267.15,706.48,693.5,9.87,274,18.1,a,a,850.0,1,Type A,Basic,469,493,451,High Sales / High Footfall,6277.48,7917.63,26.13,Low Promotion Response,Strong Core Performer,Maintain current operations and use promotions selectively to protect profitability and avoid unnecessary discounting.
1103,781,3920264,5019.54,4782.0,1449.45,385.66,375.0,12.85,350,28.88,d,c,1340.0,1,Type D,Extended,905,1079,71,Low Sales / Low Footfall,4266.55,5946.8,39.38,Moderate Promotion Response,Turnaround Priority,"Conduct store-specific review of local demand, competition, assortment and promotion response before allocating further promotional resources."
1104,622,3397012,5461.43,5452.0,1278.69,431.21,432.0,12.56,274,23.41,d,a,260.0,1,Type D,Basic,804,1032,88,Low Sales / Low Footfall,4821.69,6273.96,30.12,Moderate Promotion Response,Turnaround Priority,"Conduct store-specific review of local demand, competition, assortment and promotion response before allocating further promotional resources."
1105,779,3555802,4564.57,4155.0,1579.59,510.04,482.0,8.78,350,34.61,c,c,330.0,1,Type C,Extended,989,899,686,Low Sales / Low Footfall,3716.95,5603.52,50.76,Moderate Promotion Response,Turnaround Priority,"Conduct store-specific review of local demand, competition, assortment and promotion response before allocating further promotional resources."
1106,784,3836971,4894.1,4825.0,1388.85,557.61,572.5,8.7,353,28.38,a,c,5330.0,1,Type A,Extended,929,800,700,Low Sales / Low Footfall,4070.48,5899.7,44.94,Moderate Promotion Response,Turnaround Priority,"Conduct store-specific review of local demand, competition, assortment and promotion response before allocating further promotional resources."
1107,623,3882362,6231.72,5719.0,2014.66,668.53,649.0,9.13,275,32.33,a,a,1400.0,1,Type A,Basic,636,574,615,Low Sales / Low Footfall,4873.95,7949.92,63.11,High Promotion Response,Turnaround Priority,"Conduct store-specific review of local demand, competition, assortment and promotion response before allocating further promotional resources."
1108,780,4482599,5746.92,5401.0,2441.87,590.27,602.0,9.58,352,42.49,a,a,540.0,0,Type A,Basic,745,729,517,Low Sales / Low Footfall,4047.1,7813.76,93.07,High Promotion Response,Turnaround Priority,"Conduct store-specific review of local demand, competition, assortment and promotion response before allocating further promotional resources."
1109,622,3064721,4927.2,4568.5,1394.92,452.34,444.5,10.77,274,28.31,c,a,3490.0,1,Type C,Basic,922,1008,292,Low Sales / Low Footfall,3982.91,6126.53,53.82,High Promotion Response,Turnaround Priority,"Conduct store-specific review of local demand, competition, assortment and promotion response before allocating further promotional resources."
1110,783,3548486,4531.91,4222.0,1433.17,540.18,528.0,8.25,353,31.62,c,c,900.0,0,Type C,Extended,1001,838,778,Low Sales / Low Footfall,3566.62,5707.76,60.03,High Promotion Response,Turnaround Priority,"Conduct store-specific review of local demand, competition, assortment and promotion response before allocating further promotional resources."
1111,779,4091076,5251.7,5028.0,1667.62,451.71,453.0,11.55,350,31.75,a,a,1900.0,1,Type A,Basic,855,1010,190,Low Sales / Low Footfall,4169.63,6578.02,57.76,High Promotion Response,Turnaround Priority,"Conduct store-specific review of local demand, competition, assortment and promotion response before allocating further promotional resources."
1112,779,7974294,10236.58,9410.0,3334.92,838.61,799.0,11.99,350,32.58,c,c,1880.0,0,Type C,Extended,85,307,137,High Sales / High Footfall,8106.67,12847.23,58.48,High Promotion Response,High-Value Promotion Priority,Prioritise for regular promotions because these stores combine strong baseline performance with high promotional responsiveness.
1113,784,5196242,6627.86,6354.5,1456.49,717.03,700.0,9.21,353,21.98,a,c,9260.0,0,Type A,Extended,550,469,595,High Sales / High Footfall,5942.02,7465.24,25.63,Low Promotion Response,Strong Core Performer,Maintain current operations and use promotions selectively to protect profitability and avoid unnecessary discounting.
1114,784,16202585,20666.56,20412.5,3452.94,3200.95,3179.5,6.45,353,16.71,a,c,870.0,0,Type A,Extended,3,3,1079,High Sales / High Footfall,19549.99,22029.86,12.68,Low Promotion Response,Strong Core Performer,Maintain current operations and use promotions selectively to protect profitability and avoid unnecessary discounting.
1115,781,4922229,6302.47,6126.0,1728.16,432.63,426.0,14.42,350,27.42,d,c,5350.0,1,Type D,Extended,615,1031,7,Low Sales / Low Footfall,5512.42,7275.36,31.98,Moderate Promotion Response,Turnaround Priority,"Conduct store-specific review of local demand, competition, assortment and promotion response before allocating further promotional resources."
