Store,OperatingDays,TotalSales,AverageDailySales,MedianDailySales,SalesStandardDeviation,AverageCustomers,MedianCustomers,AverageSalesPerCustomer,PromoDays,SalesCoefficientOfVariationPct,StoreType,Assortment,CompetitionDistance,Promo2,StoreTypeLabel,AssortmentLabel,AverageSalesRank,CustomerRank,SalesPerCustomerRank,PerformanceSegment,AverageNonPromoSales,AveragePromoSales,SalesUpliftPct,PromotionResponseSegment,StrategicCategory,RecommendedAction
307,782,2114322,2703.74,2602.5,1032.83,307.81,313.0,8.64,353,38.2,a,a,18660.0,0,Type A,Basic,1115,1111,711,Low Sales / Low Footfall,1991.62,3569.16,79.21,High Promotion Response,Turnaround Priority,"Conduct store-specific review of local demand, competition, assortment and promotion response before allocating further promotional resources."
543,781,2179287,2790.38,2293.0,1237.7,240.18,230.0,11.23,350,44.36,c,a,1080.0,0,Type C,Basic,1114,1114,233,Low Sales / Low Footfall,1868.13,3926.07,110.16,High Promotion Response,Turnaround Priority,"Conduct store-specific review of local demand, competition, assortment and promotion response before allocating further promotional resources."
198,782,2268273,2900.6,2526.0,1597.76,338.48,340.0,8.23,353,55.08,a,a,290.0,1,Type A,Basic,1113,1102,786,Low Sales / Low Footfall,1753.46,4294.73,144.93,High Promotion Response,Turnaround Priority,"Conduct store-specific review of local demand, competition, assortment and promotion response before allocating further promotional resources."
208,784,2302052,2936.29,2927.5,716.53,413.47,412.5,7.05,353,24.4,c,a,300.0,0,Type C,Basic,1112,1055,1034,Low Sales / Low Footfall,2625.74,3315.46,26.27,Low Promotion Response,Turnaround Priority,"Conduct store-specific review of local demand, competition, assortment and promotion response before allocating further promotional resources."
841,780,2318635,2972.61,2907.0,1096.26,412.17,431.5,7.13,352,36.88,a,a,27650.0,0,Type A,Basic,1111,1058,1023,Low Sales / Low Footfall,2261.11,3837.73,69.73,High Promotion Response,Turnaround Priority,"Conduct store-specific review of local demand, competition, assortment and promotion response before allocating further promotional resources."
254,779,2341661,3005.98,3008.0,832.14,258.67,258.0,11.49,350,27.68,d,a,330.0,1,Type D,Basic,1110,1113,199,Low Sales / Low Footfall,2637.79,3457.29,31.07,Moderate Promotion Response,Turnaround Priority,"Conduct store-specific review of local demand, competition, assortment and promotion response before allocating further promotional resources."
794,780,2405374,3083.81,3032.5,575.95,521.83,521.5,5.89,352,18.68,c,c,5090.0,0,Type C,Extended,1109,876,1101,Low Sales / Low Footfall,2953.02,3242.84,9.81,Low Promotion Response,Turnaround Priority,"Conduct store-specific review of local demand, competition, assortment and promotion response before allocating further promotional resources."
219,779,2441162,3133.71,3138.0,822.27,406.44,418.0,7.67,350,26.24,a,a,1640.0,0,Type A,Basic,1108,1060,933,Low Sales / Low Footfall,2628.85,3752.53,42.74,Moderate Promotion Response,Turnaround Priority,"Conduct store-specific review of local demand, competition, assortment and promotion response before allocating further promotional resources."
210,779,2488114,3193.98,3116.0,849.29,326.26,325.0,9.68,350,26.59,d,a,970.0,1,Type D,Basic,1107,1106,487,Low Sales / Low Footfall,2649.89,3860.89,45.7,Moderate Promotion Response,Turnaround Priority,"Conduct store-specific review of local demand, competition, assortment and promotion response before allocating further promotional resources."
425,776,2512424,3237.66,3153.0,897.19,434.38,437.0,7.39,348,27.71,d,c,1460.0,0,Type D,Extended,1106,1028,979,Low Sales / Low Footfall,2705.16,3892.57,43.89,Moderate Promotion Response,Turnaround Priority,"Conduct store-specific review of local demand, competition, assortment and promotion response before allocating further promotional resources."
558,784,2541355,3241.52,3145.5,720.09,453.03,447.0,7.11,353,22.21,a,a,3000.0,0,Type A,Basic,1105,1005,1027,Low Sales / Low Footfall,2773.73,3812.68,37.46,Moderate Promotion Response,Turnaround Priority,"Conduct store-specific review of local demand, competition, assortment and promotion response before allocating further promotional resources."
656,781,2534495,3245.19,3141.0,690.3,379.17,373.0,8.5,350,21.27,d,a,410.0,1,Type D,Basic,1104,1084,730,Low Sales / Low Footfall,2833.33,3752.37,32.44,Moderate Promotion Response,Turnaround Priority,"Conduct store-specific review of local demand, competition, assortment and promotion response before allocating further promotional resources."
435,779,2553322,3277.69,3146.0,893.43,384.16,385.0,8.49,350,27.26,a,a,910.0,0,Type A,Basic,1103,1080,734,Low Sales / Low Footfall,2738.42,3938.68,43.83,Moderate Promotion Response,Turnaround Priority,"Conduct store-specific review of local demand, competition, assortment and promotion response before allocating further promotional resources."
703,779,2563326,3290.53,3076.0,956.94,352.56,349.0,9.23,350,29.08,a,a,80.0,0,Type A,Basic,1102,1095,589,Low Sales / Low Footfall,2630.21,4099.9,55.88,High Promotion Response,Turnaround Priority,"Conduct store-specific review of local demand, competition, assortment and promotion response before allocating further promotional resources."
970,781,2573975,3295.74,3330.0,1185.54,400.17,427.0,8.19,350,35.97,a,a,910.0,1,Type A,Basic,1101,1064,796,Low Sales / Low Footfall,2547.28,4217.43,65.57,High Promotion Response,Turnaround Priority,"Conduct store-specific review of local demand, competition, assortment and promotion response before allocating further promotional resources."
232,765,2583221,3376.76,3226.0,1062.29,304.23,297.0,10.96,343,31.46,c,c,13570.0,1,Type C,Extended,1100,1112,270,Low Sales / Low Footfall,2836.9,4040.96,42.44,Moderate Promotion Response,Turnaround Priority,"Conduct store-specific review of local demand, competition, assortment and promotion response before allocating further promotional resources."
789,777,2626269,3380.01,3342.0,630.27,469.21,475.0,7.22,348,18.65,a,c,9770.0,0,Type A,Extended,1099,981,1010,Low Sales / Low Footfall,3263.83,3523.24,7.95,Low Promotion Response,Turnaround Priority,"Conduct store-specific review of local demand, competition, assortment and promotion response before allocating further promotional resources."
972,702,2402627,3422.55,3295.5,1468.55,387.8,392.0,8.64,319,42.91,a,a,14960.0,0,Type A,Basic,1098,1076,710,Low Sales / Low Footfall,2487.68,4544.97,82.7,High Promotion Response,Turnaround Priority,"Conduct store-specific review of local demand, competition, assortment and promotion response before allocating further promotional resources."
837,751,2608765,3473.72,3218.0,1496.0,460.15,460.0,7.4,336,43.07,a,c,14600.0,0,Type A,Extended,1097,991,975,Low Sales / Low Footfall,2876.06,4211.9,46.45,Moderate Promotion Response,Turnaround Priority,"Conduct store-specific review of local demand, competition, assortment and promotion response before allocating further promotional resources."
897,778,2717511,3492.94,3267.5,1810.46,345.61,330.0,10.1,350,51.83,c,c,3290.0,1,Type C,Extended,1096,1100,411,Low Sales / Low Footfall,3266.43,3769.94,15.41,Low Promotion Response,Turnaround Priority,"Conduct store-specific review of local demand, competition, assortment and promotion response before allocating further promotional resources."
861,764,2674267,3500.35,3421.0,951.5,509.55,509.5,6.78,343,27.18,c,c,740.0,1,Type C,Extended,1095,901,1055,Low Sales / Low Footfall,3055.5,4046.36,32.43,Moderate Promotion Response,Turnaround Priority,"Conduct store-specific review of local demand, competition, assortment and promotion response before allocating further promotional resources."
969,755,2645117,3503.47,3393.0,946.13,599.13,603.0,5.79,339,27.01,a,c,600.0,1,Type A,Extended,1094,713,1102,Low Sales / Low Footfall,2993.04,4129.83,37.98,Moderate Promotion Response,Turnaround Priority,"Conduct store-specific review of local demand, competition, assortment and promotion response before allocating further promotional resources."
764,767,2714404,3538.99,3602.0,1382.91,396.27,421.0,8.84,344,39.08,a,c,26490.0,1,Type A,Extended,1093,1066,679,Low Sales / Low Footfall,2864.62,4368.23,52.49,High Promotion Response,Turnaround Priority,"Conduct store-specific review of local demand, competition, assortment and promotion response before allocating further promotional resources."
473,779,2767243,3552.3,3377.0,1117.25,486.52,484.0,7.21,350,31.45,a,a,50.0,0,Type A,Basic,1092,952,1013,Low Sales / Low Footfall,2802.03,4471.92,59.6,High Promotion Response,Turnaround Priority,"Conduct store-specific review of local demand, competition, assortment and promotion response before allocating further promotional resources."
786,780,2779666,3563.67,3618.5,1452.81,553.02,588.5,6.35,351,40.77,a,a,290.0,1,Type A,Basic,1091,811,1087,Low Sales / Low Footfall,2598.96,4742.77,82.49,High Promotion Response,Turnaround Priority,"Conduct store-specific review of local demand, competition, assortment and promotion response before allocating further promotional resources."
681,766,2731676,3566.16,3438.0,1149.58,489.58,496.0,7.21,343,32.24,a,c,620.0,1,Type A,Extended,1090,945,1014,Low Sales / Low Footfall,2994.57,4271.06,42.63,Moderate Promotion Response,Turnaround Priority,"Conduct store-specific review of local demand, competition, assortment and promotion response before allocating further promotional resources."
772,783,2804862,3582.2,3457.0,827.11,488.14,484.0,7.28,352,23.09,d,c,1850.0,0,Type D,Extended,1089,949,997,Low Sales / Low Footfall,3237.63,4004.11,23.67,Low Promotion Response,Turnaround Priority,"Conduct store-specific review of local demand, competition, assortment and promotion response before allocating further promotional resources."
931,875,3140234,3588.84,3552.0,1226.46,441.7,435.0,8.15,354,34.17,a,c,1480.0,1,Type A,Extended,1088,1024,804,Low Sales / Low Footfall,3046.25,4387.4,44.03,Moderate Promotion Response,Turnaround Priority,"Conduct store-specific review of local demand, competition, assortment and promotion response before allocating further promotional resources."
1030,780,2816323,3610.67,3525.5,1430.31,331.92,341.5,10.73,351,39.61,a,a,36410.0,0,Type A,Basic,1087,1104,301,Low Sales / Low Footfall,2652.8,4781.4,80.24,High Promotion Response,Turnaround Priority,"Conduct store-specific review of local demand, competition, assortment and promotion response before allocating further promotional resources."
688,780,2820350,3615.83,3581.0,1390.53,364.15,377.5,9.75,351,38.46,a,a,18760.0,1,Type A,Basic,1086,1089,470,Low Sales / Low Footfall,2691.96,4745.02,76.27,High Promotion Response,Turnaround Priority,"Conduct store-specific review of local demand, competition, assortment and promotion response before allocating further promotional resources."
1076,779,2820000,3620.03,3432.0,1019.98,545.45,538.0,6.56,350,28.18,a,c,90.0,1,Type A,Extended,1085,825,1071,Low Sales / Low Footfall,3080.84,4280.91,38.95,Moderate Promotion Response,Turnaround Priority,"Conduct store-specific review of local demand, competition, assortment and promotion response before allocating further promotional resources."
642,779,2845461,3652.71,3522.0,786.54,479.88,473.0,7.56,350,21.53,c,c,530.0,1,Type C,Extended,1084,961,951,Low Sales / Low Footfall,3209.89,4195.48,30.7,Moderate Promotion Response,Turnaround Priority,"Conduct store-specific review of local demand, competition, assortment and promotion response before allocating further promotional resources."
649,780,2873358,3683.79,3632.5,1457.82,386.68,402.0,9.35,351,39.57,a,a,14570.0,0,Type A,Basic,1083,1078,562,Low Sales / Low Footfall,2733.9,4844.77,77.21,High Promotion Response,Turnaround Priority,"Conduct store-specific review of local demand, competition, assortment and promotion response before allocating further promotional resources."
488,784,2890074,3686.32,3519.5,884.58,388.0,378.0,9.41,353,24.0,a,c,2890.0,0,Type A,Extended,1082,1075,546,Low Sales / Low Footfall,3198.16,4282.34,33.9,Moderate Promotion Response,Turnaround Priority,"Conduct store-specific review of local demand, competition, assortment and promotion response before allocating further promotional resources."
263,622,2306075,3707.52,3588.0,947.19,355.86,348.0,10.31,274,25.55,a,c,1140.0,1,Type A,Extended,1081,1094,375,Low Sales / Low Footfall,3576.16,3874.35,8.34,Low Promotion Response,Turnaround Priority,"Conduct store-specific review of local demand, competition, assortment and promotion response before allocating further promotional resources."
78,780,2899629,3717.47,3588.0,1091.69,494.86,487.0,7.4,351,29.37,a,a,3510.0,1,Type A,Basic,1080,931,977,Low Sales / Low Footfall,3014.79,4576.31,51.8,Moderate Promotion Response,Turnaround Priority,"Conduct store-specific review of local demand, competition, assortment and promotion response before allocating further promotional resources."
332,780,2908282,3728.57,3776.0,1278.44,501.5,528.0,7.38,351,34.29,a,a,1840.0,0,Type A,Basic,1079,919,980,Low Sales / Low Footfall,2951.93,4677.79,58.47,High Promotion Response,Turnaround Priority,"Conduct store-specific review of local demand, competition, assortment and promotion response before allocating further promotional resources."
460,780,2914087,3736.01,3578.5,1519.83,345.28,352.0,10.63,351,40.68,a,a,34050.0,0,Type A,Basic,1078,1101,315,Low Sales / Low Footfall,2739.63,4953.8,80.82,High Promotion Response,Turnaround Priority,"Conduct store-specific review of local demand, competition, assortment and promotion response before allocating further promotional resources."
302,781,2922724,3742.28,3727.0,1067.28,323.34,319.0,11.45,350,28.52,d,c,2190.0,1,Type D,Extended,1077,1107,204,Low Sales / Low Footfall,3236.37,4365.28,34.88,Moderate Promotion Response,Turnaround Priority,"Conduct store-specific review of local demand, competition, assortment and promotion response before allocating further promotional resources."
879,622,2340576,3762.98,3585.5,1014.78,347.33,336.0,10.71,274,26.97,d,a,,1,Type D,Basic,1076,1097,304,Low Sales / Low Footfall,3137.16,4557.82,45.28,Moderate Promotion Response,Turnaround Priority,"Conduct store-specific review of local demand, competition, assortment and promotion response before allocating further promotional resources."
186,622,2353548,3783.84,3647.5,923.01,381.06,375.5,9.83,274,24.39,a,a,290.0,1,Type A,Basic,1075,1083,461,Low Sales / Low Footfall,3205.78,4518.01,40.93,Moderate Promotion Response,Turnaround Priority,"Conduct store-specific review of local demand, competition, assortment and promotion response before allocating further promotional resources."
743,780,2976940,3816.59,3668.0,1393.38,418.33,423.0,8.95,352,36.51,a,a,6710.0,1,Type A,Basic,1074,1046,656,Low Sales / Low Footfall,2889.94,4943.31,71.05,High Promotion Response,Turnaround Priority,"Conduct store-specific review of local demand, competition, assortment and promotion response before allocating further promotional resources."
873,780,2990009,3833.34,3837.5,984.33,456.26,469.0,8.37,352,25.68,a,a,2040.0,0,Type A,Basic,1073,1001,760,Low Sales / Low Footfall,3277.54,4509.16,37.58,Moderate Promotion Response,Turnaround Priority,"Conduct store-specific review of local demand, competition, assortment and promotion response before allocating further promotional resources."
956,776,2992188,3855.91,3638.5,1499.18,496.29,497.5,7.68,348,38.88,a,a,2330.0,1,Type A,Basic,1072,929,931,Low Sales / Low Footfall,3130.55,4748.03,51.67,Moderate Promotion Response,Turnaround Priority,"Conduct store-specific review of local demand, competition, assortment and promotion response before allocating further promotional resources."
538,784,3025475,3859.02,3765.0,1084.11,567.92,580.0,6.74,353,28.09,a,a,990.0,0,Type A,Basic,1071,779,1058,Low Sales / Low Footfall,3186.1,4680.64,46.91,Moderate Promotion Response,Turnaround Priority,"Conduct store-specific review of local demand, competition, assortment and promotion response before allocating further promotional resources."
520,784,3033870,3869.73,3720.0,964.71,413.06,409.0,9.3,353,24.93,a,c,6900.0,1,Type A,Extended,1070,1056,574,Low Sales / Low Footfall,3360.25,4491.79,33.67,Moderate Promotion Response,Turnaround Priority,"Conduct store-specific review of local demand, competition, assortment and promotion response before allocating further promotional resources."
1056,623,2415557,3877.3,3688.0,1142.98,369.84,362.0,10.37,275,29.48,d,c,5350.0,1,Type D,Extended,1069,1087,365,Low Sales / Low Footfall,3469.45,4393.42,26.63,Low Promotion Response,Turnaround Priority,"Conduct store-specific review of local demand, competition, assortment and promotion response before allocating further promotional resources."
117,779,3024044,3881.96,3786.0,1091.67,492.07,503.0,7.81,350,28.12,a,a,3450.0,0,Type A,Basic,1068,941,894,Low Sales / Low Footfall,3172.21,4751.9,49.8,Moderate Promotion Response,Turnaround Priority,"Conduct store-specific review of local demand, competition, assortment and promotion response before allocating further promotional resources."
407,622,2417555,3886.74,3805.0,921.73,314.65,311.0,12.27,274,23.71,a,a,5890.0,1,Type A,Basic,1067,1109,114,Low Sales / Low Footfall,3434.06,4461.68,29.92,Moderate Promotion Response,Turnaround Priority,"Conduct store-specific review of local demand, competition, assortment and promotion response before allocating further promotional resources."
83,779,3028523,3887.71,3725.0,886.0,345.84,342.0,11.16,350,22.79,a,a,2710.0,0,Type A,Basic,1066,1099,244,Low Sales / Low Footfall,3329.25,4572.21,37.33,Moderate Promotion Response,Turnaround Priority,"Conduct store-specific review of local demand, competition, assortment and promotion response before allocating further promotional resources."
762,762,2965697,3891.99,3695.5,1199.35,390.15,378.0,9.83,343,30.82,d,c,1280.0,1,Type D,Extended,1065,1074,460,Low Sales / Low Footfall,3344.27,4561.07,36.38,Moderate Promotion Response,Turnaround Priority,"Conduct store-specific review of local demand, competition, assortment and promotion response before allocating further promotional resources."
607,782,3051294,3901.91,3600.0,1879.57,414.08,421.0,9.18,353,48.17,a,a,350.0,1,Type A,Basic,1064,1053,601,Low Sales / Low Footfall,2551.57,5542.97,117.24,High Promotion Response,Turnaround Priority,"Conduct store-specific review of local demand, competition, assortment and promotion response before allocating further promotional resources."
379,784,3059341,3902.22,3733.0,1003.22,467.54,463.0,8.26,353,25.71,d,a,6630.0,0,Type D,Basic,1063,983,776,Low Sales / Low Footfall,3236.98,4714.46,45.64,Moderate Promotion Response,Turnaround Priority,"Conduct store-specific review of local demand, competition, assortment and promotion response before allocating further promotional resources."
48,784,3085014,3934.97,3840.0,905.37,429.23,426.5,9.15,353,23.01,a,a,1060.0,0,Type A,Basic,1062,1036,609,Low Sales / Low Footfall,3404.65,4582.46,34.59,Moderate Promotion Response,Turnaround Priority,"Conduct store-specific review of local demand, competition, assortment and promotion response before allocating further promotional resources."
573,622,2472309,3974.77,3648.0,1097.26,335.41,330.0,11.72,274,27.61,a,a,1190.0,1,Type A,Basic,1061,1103,172,Low Sales / Low Footfall,3195.26,4964.82,55.38,High Promotion Response,Turnaround Priority,"Conduct store-specific review of local demand, competition, assortment and promotion response before allocating further promotional resources."
1049,622,2478906,3985.38,3776.0,870.24,636.26,631.0,6.22,274,21.84,a,a,370.0,1,Type A,Basic,1060,644,1095,Low Sales / Low Footfall,3446.8,4669.42,35.47,Moderate Promotion Response,Turnaround Priority,"Conduct store-specific review of local demand, competition, assortment and promotion response before allocating further promotional resources."
395,779,3107536,3989.13,3906.0,1018.14,519.65,526.0,7.62,350,25.52,a,a,3620.0,0,Type A,Basic,1059,883,942,Low Sales / Low Footfall,3393.71,4718.95,39.05,Moderate Promotion Response,Turnaround Priority,"Conduct store-specific review of local demand, competition, assortment and promotion response before allocating further promotional resources."
777,779,3109262,3991.35,3845.0,1063.96,350.51,345.0,11.26,349,26.66,d,c,8250.0,1,Type D,Extended,1058,1096,228,Low Sales / Low Footfall,3533.51,4555.45,28.92,Low Promotion Response,Turnaround Priority,"Conduct store-specific review of local demand, competition, assortment and promotion response before allocating further promotional resources."
1013,779,3110984,3993.56,3827.0,1325.45,443.14,447.0,8.89,350,33.19,a,a,630.0,1,Type A,Basic,1057,1021,670,Low Sales / Low Footfall,3129.54,5052.6,61.45,High Promotion Response,Turnaround Priority,"Conduct store-specific review of local demand, competition, assortment and promotion response before allocating further promotional resources."
177,780,3115395,3994.1,3986.5,1431.4,485.28,513.5,8.13,351,35.84,a,a,1250.0,1,Type A,Basic,1056,956,809,Low Sales / Low Footfall,3047.44,5151.12,69.03,High Promotion Response,Turnaround Priority,"Conduct store-specific review of local demand, competition, assortment and promotion response before allocating further promotional resources."
165,622,2486031,3996.83,3836.5,931.9,422.65,420.5,9.4,274,23.32,a,a,3720.0,1,Type A,Basic,1055,1041,549,Low Sales / Low Footfall,3374.67,4787.03,41.85,Moderate Promotion Response,Turnaround Priority,"Conduct store-specific review of local demand, competition, assortment and promotion response before allocating further promotional resources."
32,621,2526117,4067.82,3896.0,1278.99,477.19,485.0,8.41,274,31.44,a,a,2910.0,1,Type A,Basic,1054,967,753,Low Sales / Low Footfall,3162.98,5213.73,64.84,High Promotion Response,Turnaround Priority,"Conduct store-specific review of local demand, competition, assortment and promotion response before allocating further promotional resources."
276,780,3191132,4091.19,4072.5,1243.74,520.95,543.0,7.81,352,30.4,a,a,2960.0,1,Type A,Basic,1052,879,900,Low Sales / Low Footfall,3287.88,5067.95,54.14,High Promotion Response,Turnaround Priority,"Conduct store-specific review of local demand, competition, assortment and promotion response before allocating further promotional resources."
242,781,3196707,4093.09,3742.0,1446.18,365.85,349.0,10.96,350,35.33,d,a,6880.0,1,Type D,Basic,1051,1088,269,Low Sales / Low Footfall,3147.53,5257.49,67.04,High Promotion Response,Turnaround Priority,"Conduct store-specific review of local demand, competition, assortment and promotion response before allocating further promotional resources."
1042,779,3218244,4131.25,3941.0,1204.31,546.86,539.0,7.45,350,29.15,a,a,3440.0,1,Type A,Basic,1050,822,968,Low Sales / Low Footfall,3420.76,5002.11,46.23,Moderate Promotion Response,Turnaround Priority,"Conduct store-specific review of local demand, competition, assortment and promotion response before allocating further promotional resources."
889,780,3232661,4144.44,4098.0,1241.37,452.95,460.5,9.05,351,29.95,d,a,18670.0,0,Type D,Basic,1048,1006,635,Low Sales / Low Footfall,3316.33,5156.57,55.49,High Promotion Response,Turnaround Priority,"Conduct store-specific review of local demand, competition, assortment and promotion response before allocating further promotional resources."
594,784,3258199,4155.87,4215.0,1140.9,456.68,479.5,9.08,353,27.45,a,a,1790.0,0,Type A,Basic,1047,1000,625,Low Sales / Low Footfall,3442.58,5026.76,46.02,Moderate Promotion Response,Turnaround Priority,"Conduct store-specific review of local demand, competition, assortment and promotion response before allocating further promotional resources."
330,779,3245811,4166.64,4061.0,1041.84,447.55,442.0,9.23,350,25.0,a,c,370.0,1,Type A,Extended,1046,1018,591,Low Sales / Low Footfall,3645.95,4804.85,31.79,Moderate Promotion Response,Turnaround Priority,"Conduct store-specific review of local demand, competition, assortment and promotion response before allocating further promotional resources."
844,779,3255217,4178.71,3976.0,1472.47,454.23,459.0,9.05,350,35.24,a,a,2030.0,1,Type A,Basic,1045,1004,633,Low Sales / Low Footfall,3170.45,5414.55,70.78,High Promotion Response,Turnaround Priority,"Conduct store-specific review of local demand, competition, assortment and promotion response before allocating further promotional resources."
610,779,3269954,4197.63,3916.0,1314.89,520.4,506.0,7.95,350,31.32,a,a,660.0,0,Type A,Basic,1044,880,863,Low Sales / Low Footfall,3327.67,5263.95,58.19,High Promotion Response,Turnaround Priority,"Conduct store-specific review of local demand, competition, assortment and promotion response before allocating further promotional resources."
1065,622,2611257,4198.16,4131.0,1096.29,485.26,499.0,8.58,274,26.11,a,a,1290.0,1,Type A,Basic,1043,957,719,Low Sales / Low Footfall,3517.03,5063.26,43.96,Moderate Promotion Response,Turnaround Priority,"Conduct store-specific review of local demand, competition, assortment and promotion response before allocating further promotional resources."
881,779,3274150,4203.02,3857.0,1518.46,620.41,603.0,6.64,350,36.13,a,a,180.0,1,Type A,Basic,1042,674,1066,Low Sales / Low Footfall,3219.33,5408.74,68.01,High Promotion Response,Turnaround Priority,"Conduct store-specific review of local demand, competition, assortment and promotion response before allocating further promotional resources."
946,779,3274470,4203.43,4026.0,1137.46,532.64,536.0,7.81,350,27.06,a,a,2220.0,1,Type A,Basic,1041,852,901,Low Sales / Low Footfall,3433.46,5147.18,49.91,Moderate Promotion Response,Turnaround Priority,"Conduct store-specific review of local demand, competition, assortment and promotion response before allocating further promotional resources."
797,622,2617520,4208.23,4050.0,1131.54,414.5,409.0,10.04,274,26.89,a,a,2090.0,1,Type A,Basic,1040,1052,427,Low Sales / Low Footfall,3695.33,4859.66,31.51,Moderate Promotion Response,Turnaround Priority,"Conduct store-specific review of local demand, competition, assortment and promotion response before allocating further promotional resources."
751,779,3284432,4216.22,3952.0,1076.97,573.74,563.0,7.29,350,25.54,a,a,650.0,0,Type A,Basic,1039,765,996,Low Sales / Low Footfall,3563.83,5015.85,40.74,Moderate Promotion Response,Turnaround Priority,"Conduct store-specific review of local demand, competition, assortment and promotion response before allocating further promotional resources."
908,781,3307400,4234.83,3920.0,1593.06,363.07,360.0,11.38,350,37.62,a,a,1980.0,1,Type A,Basic,1038,1090,215,Low Sales / Low Footfall,3096.24,5636.91,82.06,High Promotion Response,Turnaround Priority,"Conduct store-specific review of local demand, competition, assortment and promotion response before allocating further promotional resources."
958,784,3327635,4244.43,4172.5,972.2,562.73,563.0,7.51,353,22.91,a,a,440.0,0,Type A,Basic,1037,786,959,Low Sales / Low Footfall,3721.1,4883.41,31.24,Moderate Promotion Response,Turnaround Priority,"Conduct store-specific review of local demand, competition, assortment and promotion response before allocating further promotional resources."
315,784,3333890,4252.41,4213.0,1172.21,449.57,459.0,9.39,353,27.57,a,c,38710.0,0,Type A,Extended,1036,1015,552,Low Sales / Low Footfall,3625.95,5017.29,38.37,Moderate Promotion Response,Turnaround Priority,"Conduct store-specific review of local demand, competition, assortment and promotion response before allocating further promotional resources."
50,779,3315479,4256.07,4198.0,1181.06,358.8,357.0,11.72,350,27.75,d,a,6260.0,0,Type D,Basic,1035,1092,169,Low Sales / Low Footfall,3562.85,5105.76,43.31,Moderate Promotion Response,Turnaround Priority,"Conduct store-specific review of local demand, competition, assortment and promotion response before allocating further promotional resources."
486,779,3323793,4266.74,4045.0,1352.17,520.02,514.0,8.08,350,31.69,a,a,2320.0,1,Type A,Basic,1034,881,825,Low Sales / Low Footfall,3401.79,5326.93,56.59,High Promotion Response,Turnaround Priority,"Conduct store-specific review of local demand, competition, assortment and promotion response before allocating further promotional resources."
864,777,3316575,4268.44,4245.0,1096.6,587.97,612.0,7.22,348,25.69,a,a,1020.0,1,Type A,Basic,1033,733,1009,Low Sales / Low Footfall,3524.6,5185.41,47.12,Moderate Promotion Response,Turnaround Priority,"Conduct store-specific review of local demand, competition, assortment and promotion response before allocating further promotional resources."
1063,784,3348689,4271.29,4015.0,1112.88,530.95,518.5,7.95,353,26.05,a,c,6250.0,0,Type A,Extended,1032,857,861,Low Sales / Low Footfall,3592.2,5100.42,41.99,Moderate Promotion Response,Turnaround Priority,"Conduct store-specific review of local demand, competition, assortment and promotion response before allocating further promotional resources."
675,781,3341266,4278.19,4153.0,1579.84,448.37,434.0,9.45,352,36.93,a,a,2100.0,1,Type A,Basic,1031,1017,538,Low Sales / Low Footfall,3284.99,5488.65,67.08,High Promotion Response,Turnaround Priority,"Conduct store-specific review of local demand, competition, assortment and promotion response before allocating further promotional resources."
619,622,2676841,4303.6,4072.5,1506.87,428.88,435.5,9.89,274,35.01,a,a,1600.0,1,Type A,Basic,1030,1037,449,Low Sales / Low Footfall,3239.57,5655.01,74.56,High Promotion Response,Turnaround Priority,"Conduct store-specific review of local demand, competition, assortment and promotion response before allocating further promotional resources."
583,780,3363288,4311.91,4199.0,1275.2,449.08,449.5,9.49,351,29.57,a,a,2640.0,0,Type A,Basic,1029,1016,534,Low Sales / Low Footfall,3505.0,5298.13,51.16,Moderate Promotion Response,Turnaround Priority,"Conduct store-specific review of local demand, competition, assortment and promotion response before allocating further promotional resources."
998,777,3354263,4316.94,4123.0,873.28,534.28,523.0,8.03,348,20.23,a,a,780.0,1,Type A,Basic,1028,851,843,Low Sales / Low Footfall,3812.97,4938.22,29.51,Moderate Promotion Response,Turnaround Priority,"Conduct store-specific review of local demand, competition, assortment and promotion response before allocating further promotional resources."
622,784,3385282,4317.96,4253.5,1151.48,430.0,435.0,9.96,353,26.67,a,c,,0,Type A,Extended,1027,1034,437,Low Sales / Low Footfall,3640.94,5144.58,41.3,Moderate Promotion Response,Turnaround Priority,"Conduct store-specific review of local demand, competition, assortment and promotion response before allocating further promotional resources."
867,880,3809715,4329.22,4325.0,1396.97,410.1,416.0,10.42,354,32.27,d,c,21810.0,0,Type D,Extended,1026,1059,355,Low Sales / Low Footfall,3721.42,5232.34,40.6,Moderate Promotion Response,Turnaround Priority,"Conduct store-specific review of local demand, competition, assortment and promotion response before allocating further promotional resources."
700,756,3297857,4362.24,4106.5,1671.21,527.83,537.0,8.11,337,38.31,a,c,830.0,1,Type A,Extended,1025,863,816,Low Sales / Low Footfall,3495.17,5440.29,55.65,High Promotion Response,Turnaround Priority,"Conduct store-specific review of local demand, competition, assortment and promotion response before allocating further promotional resources."
306,622,2717435,4368.87,4338.5,1079.22,467.88,476.0,9.29,274,24.7,a,a,5100.0,1,Type A,Basic,1024,982,575,Low Sales / Low Footfall,3701.32,5216.7,40.94,Moderate Promotion Response,Turnaround Priority,"Conduct store-specific review of local demand, competition, assortment and promotion response before allocating further promotional resources."
702,622,2720610,4373.97,4144.5,1155.11,347.22,335.0,12.46,274,26.41,a,a,8550.0,1,Type A,Basic,1023,1098,96,Low Sales / Low Footfall,3614.55,5338.49,47.69,Moderate Promotion Response,Turnaround Priority,"Conduct store-specific review of local demand, competition, assortment and promotion response before allocating further promotional resources."
945,784,3429965,4374.96,4273.0,1104.65,530.89,544.0,8.24,353,25.25,a,c,12480.0,0,Type A,Extended,1022,858,782,Low Sales / Low Footfall,3797.87,5079.56,33.75,Moderate Promotion Response,Turnaround Priority,"Conduct store-specific review of local demand, competition, assortment and promotion response before allocating further promotional resources."
442,777,3402587,4379.13,4386.0,1280.74,461.34,460.0,9.35,348,29.25,c,a,500.0,1,Type C,Basic,1021,989,561,Low Sales / Low Footfall,3701.44,5214.56,40.88,Moderate Promotion Response,Turnaround Priority,"Conduct store-specific review of local demand, competition, assortment and promotion response before allocating further promotional resources."
557,778,3410036,4383.08,4085.5,1299.36,676.02,651.0,6.4,350,29.64,a,a,250.0,0,Type A,Basic,1020,564,1082,Low Sales / Low Footfall,3641.92,5289.42,45.24,Moderate Promotion Response,Turnaround Priority,"Conduct store-specific review of local demand, competition, assortment and promotion response before allocating further promotional resources."
266,780,3424011,4389.76,4336.5,1370.53,531.39,548.0,8.24,352,31.22,a,c,360.0,1,Type A,Extended,1019,856,783,Low Sales / Low Footfall,3577.06,5377.93,50.35,Moderate Promotion Response,Turnaround Priority,"Conduct store-specific review of local demand, competition, assortment and promotion response before allocating further promotional resources."
282,784,3456330,4408.58,4279.0,1040.19,640.98,647.0,6.83,353,23.59,a,a,1220.0,0,Type A,Basic,1018,624,1054,Low Sales / Low Footfall,3689.57,5286.48,43.28,Moderate Promotion Response,Turnaround Priority,"Conduct store-specific review of local demand, competition, assortment and promotion response before allocating further promotional resources."
72,623,2753676,4420.03,3960.0,1773.28,474.86,460.0,9.07,275,40.12,a,a,2200.0,1,Type A,Basic,1017,970,630,Low Sales / Low Footfall,3182.93,5985.52,88.05,High Promotion Response,Turnaround Priority,"Conduct store-specific review of local demand, competition, assortment and promotion response before allocating further promotional resources."
124,779,3446410,4424.15,4401.0,1270.46,525.68,529.0,8.37,350,28.72,a,a,1410.0,0,Type A,Basic,1016,867,759,Low Sales / Low Footfall,3805.42,5182.53,36.19,Moderate Promotion Response,Turnaround Priority,"Conduct store-specific review of local demand, competition, assortment and promotion response before allocating further promotional resources."
328,779,3452551,4432.03,4363.0,1199.87,520.4,537.0,8.47,350,27.07,a,a,3130.0,0,Type A,Basic,1015,880,738,Low Sales / Low Footfall,3667.07,5369.65,46.43,Moderate Promotion Response,Turnaround Priority,"Conduct store-specific review of local demand, competition, assortment and promotion response before allocating further promotional resources."
105,754,3348791,4441.37,4271.0,1723.25,515.05,528.0,8.51,338,38.8,a,c,6190.0,1,Type A,Extended,1014,889,729,Low Sales / Low Footfall,3625.3,5445.76,50.22,Moderate Promotion Response,Turnaround Priority,"Conduct store-specific review of local demand, competition, assortment and promotion response before allocating further promotional resources."
1068,777,3451074,4441.54,4287.0,1128.26,309.54,303.0,14.24,348,25.4,d,c,5010.0,1,Type D,Extended,1013,1110,10,Low Sales / Low Footfall,3967.44,5025.99,26.68,Low Promotion Response,Turnaround Priority,"Conduct store-specific review of local demand, competition, assortment and promotion response before allocating further promotional resources."
592,779,3465390,4448.51,4391.0,1280.99,570.01,578.0,7.74,350,28.8,a,a,2540.0,0,Type A,Basic,1012,774,915,Low Sales / Low Footfall,3638.75,5441.05,49.53,Moderate Promotion Response,Turnaround Priority,"Conduct store-specific review of local demand, competition, assortment and promotion response before allocating further promotional resources."
121,780,3473474,4453.17,4462.0,1381.44,504.11,523.0,8.84,352,31.02,a,a,3570.0,1,Type A,Basic,1011,915,678,Low Sales / Low Footfall,3583.99,5510.01,53.74,High Promotion Response,Turnaround Priority,"Conduct store-specific review of local demand, competition, assortment and promotion response before allocating further promotional resources."
554,784,3513115,4481.01,4370.5,954.4,546.02,549.0,8.25,353,21.3,c,c,1200.0,0,Type C,Extended,1010,824,779,Low Sales / Low Footfall,4108.3,4936.08,20.15,Low Promotion Response,Turnaround Priority,"Conduct store-specific review of local demand, competition, assortment and promotion response before allocating further promotional resources."
1077,779,3497529,4489.77,4317.0,1290.43,495.94,496.0,8.94,350,28.74,a,a,3750.0,1,Type A,Basic,1009,930,657,Low Sales / Low Footfall,3627.05,5547.21,52.94,High Promotion Response,Turnaround Priority,"Conduct store-specific review of local demand, competition, assortment and promotion response before allocating further promotional resources."
669,622,2807854,4514.23,4406.0,988.8,393.92,389.0,11.41,274,21.9,d,a,17080.0,1,Type D,Basic,1007,1071,210,Low Sales / Low Footfall,4084.78,5059.67,23.87,Low Promotion Response,Turnaround Priority,"Conduct store-specific review of local demand, competition, assortment and promotion response before allocating further promotional resources."
569,784,3543332,4519.56,4597.0,942.61,652.85,682.0,6.95,353,20.86,a,a,1340.0,0,Type A,Basic,1006,604,1044,Low Sales / Low Footfall,4002.08,5151.37,28.72,Low Promotion Response,Turnaround Priority,"Conduct store-specific review of local demand, competition, assortment and promotion response before allocating further promotional resources."
405,779,3521625,4520.7,3942.0,1662.67,487.7,461.0,9.05,350,36.78,a,a,1080.0,1,Type A,Basic,1005,950,636,Low Sales / Low Footfall,3332.5,5977.1,79.36,High Promotion Response,Turnaround Priority,"Conduct store-specific review of local demand, competition, assortment and promotion response before allocating further promotional resources."
22,619,2801506,4525.86,4311.0,1140.0,504.25,504.0,8.9,273,25.19,a,a,1040.0,1,Type A,Basic,1004,914,665,Low Sales / Low Footfall,3794.75,5452.46,43.68,Moderate Promotion Response,Turnaround Priority,"Conduct store-specific review of local demand, competition, assortment and promotion response before allocating further promotional resources."
727,781,3537376,4529.29,4431.0,1262.78,452.83,461.0,9.9,350,27.88,a,a,2050.0,0,Type A,Basic,1003,1007,445,Low Sales / Low Footfall,3658.0,5602.22,53.15,High Promotion Response,Turnaround Priority,"Conduct store-specific review of local demand, competition, assortment and promotion response before allocating further promotional resources."
373,777,3520201,4530.5,4419.0,1067.01,316.54,310.0,14.22,348,23.55,d,c,11120.0,1,Type D,Extended,1002,1108,11,Low Sales / Low Footfall,4140.19,5011.66,21.05,Low Promotion Response,Turnaround Priority,"Conduct store-specific review of local demand, competition, assortment and promotion response before allocating further promotional resources."
1110,783,3548486,4531.91,4222.0,1433.17,540.18,528.0,8.25,353,31.62,c,c,900.0,0,Type C,Extended,1001,838,778,Low Sales / Low Footfall,3566.62,5707.76,60.03,High Promotion Response,Turnaround Priority,"Conduct store-specific review of local demand, competition, assortment and promotion response before allocating further promotional resources."
110,784,3554993,4534.43,4410.0,1228.5,587.44,590.0,7.69,353,27.09,a,c,46590.0,0,Type A,Extended,1000,736,928,Low Sales / Low Footfall,3970.71,5222.71,31.53,Moderate Promotion Response,Turnaround Priority,"Conduct store-specific review of local demand, competition, assortment and promotion response before allocating further promotional resources."
570,779,3533080,4535.4,4193.0,1545.25,661.79,637.0,6.73,350,34.07,a,a,180.0,0,Type A,Basic,999,586,1060,Low Sales / Low Footfall,3624.2,5652.28,55.96,High Promotion Response,Turnaround Priority,"Conduct store-specific review of local demand, competition, assortment and promotion response before allocating further promotional resources."
237,784,3556217,4535.99,4462.0,759.03,574.73,583.0,7.91,353,16.73,a,a,1420.0,0,Type A,Basic,998,761,872,Low Sales / Low Footfall,4132.64,5028.47,21.68,Low Promotion Response,Turnaround Priority,"Conduct store-specific review of local demand, competition, assortment and promotion response before allocating further promotional resources."
994,779,3536283,4539.52,4218.0,1733.87,442.01,436.0,10.05,350,38.19,a,a,2290.0,1,Type A,Basic,997,1023,425,Low Sales / Low Footfall,3338.31,6011.85,80.09,High Promotion Response,Turnaround Priority,"Conduct store-specific review of local demand, competition, assortment and promotion response before allocating further promotional resources."
420,622,2824092,4540.34,4384.5,1070.65,403.19,395.0,11.16,274,23.58,d,c,250.0,1,Type D,Extended,996,1061,243,Low Sales / Low Footfall,4129.73,5061.84,22.57,Low Promotion Response,Turnaround Priority,"Conduct store-specific review of local demand, competition, assortment and promotion response before allocating further promotional resources."
710,622,2828018,4546.65,4376.5,1306.1,373.19,369.0,12.03,274,28.73,d,a,1500.0,1,Type D,Basic,995,1086,132,Low Sales / Low Footfall,3830.77,5455.87,42.42,Moderate Promotion Response,Turnaround Priority,"Conduct store-specific review of local demand, competition, assortment and promotion response before allocating further promotional resources."
795,779,3547312,4553.67,4304.0,1502.73,467.3,461.0,9.56,350,33.0,d,a,510.0,1,Type D,Basic,994,984,523,Low Sales / Low Footfall,3541.91,5793.81,63.58,High Promotion Response,Turnaround Priority,"Conduct store-specific review of local demand, competition, assortment and promotion response before allocating further promotional resources."
714,777,3538417,4553.95,4395.0,1262.63,331.12,324.0,13.61,348,27.73,d,c,12070.0,1,Type D,Extended,993,1105,27,Low Sales / Low Footfall,4060.27,5162.54,27.15,Low Promotion Response,Turnaround Priority,"Conduct store-specific review of local demand, competition, assortment and promotion response before allocating further promotional resources."
422,784,3574303,4559.06,4435.0,903.01,464.52,454.0,9.77,353,19.81,a,c,2880.0,0,Type A,Extended,992,987,467,Low Sales / Low Footfall,4138.0,5073.16,22.6,Low Promotion Response,Turnaround Priority,"Conduct store-specific review of local demand, competition, assortment and promotion response before allocating further promotional resources."
345,622,2836062,4559.59,4327.0,1170.56,494.38,490.5,9.16,274,25.67,a,a,120.0,1,Type A,Basic,991,935,608,Low Sales / Low Footfall,3783.77,5544.92,46.54,Moderate Promotion Response,Turnaround Priority,"Conduct store-specific review of local demand, competition, assortment and promotion response before allocating further promotional resources."
825,622,2838137,4562.92,4478.5,972.6,537.05,530.5,8.43,274,21.32,a,a,380.0,1,Type A,Basic,990,845,747,Low Sales / Low Footfall,4028.14,5242.13,30.14,Moderate Promotion Response,Turnaround Priority,"Conduct store-specific review of local demand, competition, assortment and promotion response before allocating further promotional resources."
1105,779,3555802,4564.57,4155.0,1579.59,510.04,482.0,8.78,350,34.61,c,c,330.0,1,Type C,Extended,989,899,686,Low Sales / Low Footfall,3716.95,5603.52,50.76,Moderate Promotion Response,Turnaround Priority,"Conduct store-specific review of local demand, competition, assortment and promotion response before allocating further promotional resources."
364,769,3510451,4564.96,4570.0,1438.97,569.1,587.0,7.91,346,31.52,a,c,13620.0,1,Type A,Extended,988,776,871,Low Sales / Low Footfall,3881.33,5400.72,39.15,Moderate Promotion Response,Turnaround Priority,"Conduct store-specific review of local demand, competition, assortment and promotion response before allocating further promotional resources."
1094,622,2845473,4574.72,4452.0,1022.17,373.84,362.0,12.17,274,22.34,d,a,2380.0,1,Type D,Basic,987,1085,120,Low Sales / Low Footfall,4351.01,4858.84,11.67,Low Promotion Response,Turnaround Priority,"Conduct store-specific review of local demand, competition, assortment and promotion response before allocating further promotional resources."
73,784,3588351,4576.98,4528.0,1356.55,494.14,512.0,9.21,353,29.64,a,c,1650.0,0,Type A,Extended,986,936,594,Low Sales / Low Footfall,3754.45,5581.25,48.66,Moderate Promotion Response,Turnaround Priority,"Conduct store-specific review of local demand, competition, assortment and promotion response before allocating further promotional resources."
708,687,3145529,4578.64,4288.0,2064.44,473.64,464.0,9.32,310,45.09,c,c,11470.0,1,Type C,Extended,985,973,567,Low Sales / Low Footfall,3943.3,5351.31,35.71,Moderate Promotion Response,Turnaround Priority,"Conduct store-specific review of local demand, competition, assortment and promotion response before allocating further promotional resources."
874,784,3593615,4583.69,4430.5,1009.93,509.77,500.0,8.93,353,22.03,a,a,3210.0,0,Type A,Basic,984,900,660,Low Sales / Low Footfall,4074.94,5204.86,27.73,Low Promotion Response,Turnaround Priority,"Conduct store-specific review of local demand, competition, assortment and promotion response before allocating further promotional resources."
55,780,3587212,4598.99,4299.0,1533.85,558.96,558.0,8.12,352,33.35,a,a,720.0,0,Type A,Basic,983,798,814,Low Sales / Low Footfall,3646.13,5757.58,57.91,High Promotion Response,Turnaround Priority,"Conduct store-specific review of local demand, competition, assortment and promotion response before allocating further promotional resources."
142,779,3586489,4603.97,4515.0,1065.17,568.74,576.0,8.05,350,23.14,a,a,1090.0,0,Type A,Basic,982,777,834,Low Sales / Low Footfall,3998.02,5346.69,33.73,Moderate Promotion Response,Turnaround Priority,"Conduct store-specific review of local demand, competition, assortment and promotion response before allocating further promotional resources."
852,781,3597687,4606.51,4486.0,1374.6,583.93,592.0,7.83,350,29.84,c,a,940.0,1,Type C,Basic,981,745,888,Low Sales / Low Footfall,3757.61,5651.88,50.41,Moderate Promotion Response,Turnaround Priority,"Conduct store-specific review of local demand, competition, assortment and promotion response before allocating further promotional resources."
660,622,2871525,4616.6,4397.0,1569.43,497.47,501.0,9.14,274,34.0,a,a,1200.0,1,Type A,Basic,980,925,613,Low Sales / Low Footfall,3535.92,5989.15,69.38,High Promotion Response,Turnaround Priority,"Conduct store-specific review of local demand, competition, assortment and promotion response before allocating further promotional resources."
609,784,3636230,4638.05,4680.5,1140.27,504.62,525.5,9.18,353,24.59,a,a,2070.0,0,Type A,Basic,978,912,602,Low Sales / Low Footfall,3964.09,5460.93,37.76,Moderate Promotion Response,Turnaround Priority,"Conduct store-specific review of local demand, competition, assortment and promotion response before allocating further promotional resources."
549,784,3639890,4642.72,4576.5,919.72,547.71,551.0,8.47,353,19.81,a,c,2330.0,0,Type A,Extended,977,820,740,Low Sales / Low Footfall,4116.41,5285.32,28.4,Low Promotion Response,Turnaround Priority,"Conduct store-specific review of local demand, competition, assortment and promotion response before allocating further promotional resources."
5,779,3642818,4676.27,4616.0,1765.75,537.34,564.0,8.61,351,37.76,a,a,29910.0,0,Type A,Basic,976,844,716,Low Sales / Low Footfall,3511.41,6096.68,73.63,High Promotion Response,Turnaround Priority,"Conduct store-specific review of local demand, competition, assortment and promotion response before allocating further promotional resources."
589,756,3537175,4678.8,4342.5,2107.78,494.52,496.0,9.09,338,45.05,a,c,360.0,1,Type A,Extended,975,934,622,Low Sales / Low Footfall,3543.57,6082.73,71.66,High Promotion Response,Turnaround Priority,"Conduct store-specific review of local demand, competition, assortment and promotion response before allocating further promotional resources."
103,631,2959073,4689.5,4555.0,1207.66,421.62,416.0,11.05,281,25.75,d,c,5210.0,0,Type D,Extended,974,1043,258,Low Sales / Low Footfall,4195.72,5304.52,26.43,Low Promotion Response,Turnaround Priority,"Conduct store-specific review of local demand, competition, assortment and promotion response before allocating further promotional resources."
86,778,3652727,4695.02,4374.0,1369.6,604.96,581.0,7.66,349,29.17,a,a,480.0,1,Type A,Basic,973,702,938,Low Sales / Low Footfall,3773.16,5828.19,54.46,High Promotion Response,Turnaround Priority,"Conduct store-specific review of local demand, competition, assortment and promotion response before allocating further promotional resources."
217,784,3685496,4700.89,4533.5,996.86,642.88,631.5,7.26,353,21.21,c,a,3150.0,0,Type C,Basic,971,621,1001,Low Sales / Low Footfall,4194.34,5319.36,26.82,Low Promotion Response,Turnaround Priority,"Conduct store-specific review of local demand, competition, assortment and promotion response before allocating further promotional resources."
955,779,3676529,4719.55,4526.0,1380.12,456.7,453.0,10.19,350,29.24,d,c,1690.0,1,Type D,Extended,970,999,394,Low Sales / Low Footfall,3984.35,5620.69,41.07,Moderate Promotion Response,Turnaround Priority,"Conduct store-specific review of local demand, competition, assortment and promotion response before allocating further promotional resources."
61,777,3668998,4722.01,4574.0,1192.85,571.74,565.0,8.19,348,25.26,a,c,350.0,1,Type A,Extended,969,770,793,Low Sales / Low Footfall,4201.52,5363.64,27.66,Low Promotion Response,Turnaround Priority,"Conduct store-specific review of local demand, competition, assortment and promotion response before allocating further promotional resources."
134,784,3705099,4725.89,4758.5,980.92,494.6,511.0,9.56,353,20.76,a,a,1200.0,0,Type A,Basic,968,932,522,Low Sales / Low Footfall,4150.45,5428.49,30.79,Moderate Promotion Response,Turnaround Priority,"Conduct store-specific review of local demand, competition, assortment and promotion response before allocating further promotional resources."
408,777,3673481,4727.77,4669.0,1101.11,465.06,460.0,10.07,348,23.29,c,a,1560.0,1,Type C,Basic,967,986,422,Low Sales / Low Footfall,4072.44,5535.64,35.93,Moderate Promotion Response,Turnaround Priority,"Conduct store-specific review of local demand, competition, assortment and promotion response before allocating further promotional resources."
1028,779,3686723,4732.64,4269.0,1781.58,546.58,532.0,8.47,350,37.64,a,a,150.0,1,Type A,Basic,966,823,739,Low Sales / Low Footfall,3543.46,6190.22,74.69,High Promotion Response,Turnaround Priority,"Conduct store-specific review of local demand, competition, assortment and promotion response before allocating further promotional resources."
639,779,3688329,4734.7,4530.0,1509.05,485.98,494.0,9.62,350,31.87,a,a,7780.0,0,Type A,Basic,965,955,503,Low Sales / Low Footfall,3698.78,6004.44,62.34,High Promotion Response,Turnaround Priority,"Conduct store-specific review of local demand, competition, assortment and promotion response before allocating further promotional resources."
584,781,3697954,4734.9,4617.0,1123.77,433.43,429.0,10.82,350,23.73,d,a,1360.0,1,Type D,Basic,964,1029,287,Low Sales / Low Footfall,4103.24,5512.74,34.35,Moderate Promotion Response,Turnaround Priority,"Conduct store-specific review of local demand, competition, assortment and promotion response before allocating further promotional resources."
924,779,3702496,4752.88,4527.0,1432.64,450.15,453.0,10.44,350,30.14,a,a,6420.0,1,Type A,Basic,963,1012,350,Low Sales / Low Footfall,3784.49,5939.86,56.95,High Promotion Response,Turnaround Priority,"Conduct store-specific review of local demand, competition, assortment and promotion response before allocating further promotional resources."
858,622,2957986,4755.6,4604.5,946.92,418.1,413.0,11.33,274,19.91,a,a,3370.0,1,Type A,Basic,962,1047,221,Low Sales / Low Footfall,4224.61,5430.01,28.53,Low Promotion Response,Turnaround Priority,"Conduct store-specific review of local demand, competition, assortment and promotion response before allocating further promotional resources."
1,781,3716854,4759.1,4647.0,1012.11,564.05,550.0,8.39,350,21.27,c,a,1270.0,0,Type C,Basic,961,784,756,Low Sales / Low Footfall,4319.76,5300.11,22.69,Low Promotion Response,Turnaround Priority,"Conduct store-specific review of local demand, competition, assortment and promotion response before allocating further promotional resources."
883,779,3714779,4768.65,4714.0,1301.18,502.62,517.0,9.44,350,27.29,a,a,3200.0,0,Type A,Basic,960,918,540,Low Sales / Low Footfall,4011.6,5696.58,42.0,Moderate Promotion Response,Turnaround Priority,"Conduct store-specific review of local demand, competition, assortment and promotion response before allocating further promotional resources."
231,622,2967114,4770.28,4720.0,1287.81,394.5,393.5,11.96,274,27.0,d,c,3840.0,1,Type D,Extended,959,1069,141,Low Sales / Low Footfall,4018.91,5724.57,42.44,Moderate Promotion Response,Turnaround Priority,"Conduct store-specific review of local demand, competition, assortment and promotion response before allocating further promotional resources."
1009,622,2968299,4772.18,4663.0,1041.55,458.15,458.0,10.4,274,21.83,a,a,230.0,1,Type A,Basic,958,995,360,Low Sales / Low Footfall,4183.02,5520.47,31.97,Moderate Promotion Response,Turnaround Priority,"Conduct store-specific review of local demand, competition, assortment and promotion response before allocating further promotional resources."
977,623,2974291,4774.14,4079.0,1831.79,510.58,482.0,9.1,275,38.37,a,a,520.0,1,Type A,Basic,957,898,619,Low Sales / Low Footfall,3487.25,6402.64,83.6,High Promotion Response,Turnaround Priority,"Conduct store-specific review of local demand, competition, assortment and promotion response before allocating further promotional resources."
212,784,3744115,4775.66,4562.0,1255.2,460.76,461.0,10.31,353,26.28,a,c,15050.0,0,Type A,Extended,956,990,376,Low Sales / Low Footfall,4018.37,5700.28,41.86,Moderate Promotion Response,Turnaround Priority,"Conduct store-specific review of local demand, competition, assortment and promotion response before allocating further promotional resources."
505,777,3711170,4776.28,4545.0,1241.15,594.61,595.0,7.95,348,25.99,a,a,350.0,1,Type A,Basic,955,722,864,Low Sales / Low Footfall,3944.27,5801.95,47.1,Moderate Promotion Response,Turnaround Priority,"Conduct store-specific review of local demand, competition, assortment and promotion response before allocating further promotional resources."
1095,782,3739067,4781.42,4632.5,1354.6,677.83,677.0,6.98,353,28.33,a,a,690.0,1,Type A,Basic,954,560,1041,Low Sales / Low Footfall,3939.87,5804.15,47.32,Moderate Promotion Response,Turnaround Priority,"Conduct store-specific review of local demand, competition, assortment and promotion response before allocating further promotional resources."
404,759,3631985,4785.22,4674.0,1441.36,571.31,592.0,8.34,338,30.12,a,c,1420.0,1,Type A,Extended,953,772,764,Low Sales / Low Footfall,3941.69,5835.9,48.06,Moderate Promotion Response,Turnaround Priority,"Conduct store-specific review of local demand, competition, assortment and promotion response before allocating further promotional resources."
663,756,3623173,4792.56,4842.0,1619.66,653.79,678.0,7.22,341,33.8,a,c,7860.0,0,Type A,Extended,952,601,1011,Low Sales / Low Footfall,4408.07,5260.49,19.34,Low Promotion Response,Turnaround Priority,"Conduct store-specific review of local demand, competition, assortment and promotion response before allocating further promotional resources."
347,777,3732856,4804.19,4660.0,1106.38,386.68,378.0,12.36,348,23.03,d,c,9360.0,1,Type D,Extended,951,1077,102,Low Sales / Low Footfall,4475.83,5208.98,16.38,Low Promotion Response,Turnaround Priority,"Conduct store-specific review of local demand, competition, assortment and promotion response before allocating further promotional resources."
776,776,3728530,4804.81,4571.0,1327.68,534.57,524.5,8.89,348,27.63,c,a,700.0,1,Type C,Basic,950,850,668,Low Sales / Low Footfall,3975.87,5824.31,46.49,Moderate Promotion Response,Turnaround Priority,"Conduct store-specific review of local demand, competition, assortment and promotion response before allocating further promotional resources."
240,784,3772636,4812.04,4688.5,989.72,459.75,458.0,10.41,353,20.57,a,a,1110.0,0,Type A,Basic,949,992,358,Low Sales / Low Footfall,4180.86,5582.68,33.53,Moderate Promotion Response,Turnaround Priority,"Conduct store-specific review of local demand, competition, assortment and promotion response before allocating further promotional resources."
966,779,3753283,4818.08,4712.0,1055.46,610.26,615.0,7.87,350,21.91,a,a,760.0,0,Type A,Basic,948,695,881,Low Sales / Low Footfall,4175.76,5605.38,34.24,Moderate Promotion Response,Turnaround Priority,"Conduct store-specific review of local demand, competition, assortment and promotion response before allocating further promotional resources."
183,611,2945836,4821.34,4634.0,1671.59,601.04,603.0,7.93,270,34.67,a,a,9670.0,0,Type A,Basic,947,709,866,Low Sales / Low Footfall,4061.82,5780.58,42.32,Moderate Promotion Response,Turnaround Priority,"Conduct store-specific review of local demand, competition, assortment and promotion response before allocating further promotional resources."
845,776,3746964,4828.56,4784.5,1022.47,357.91,353.0,13.44,348,21.18,d,a,7860.0,1,Type D,Basic,946,1093,30,Low Sales / Low Footfall,4438.11,5308.77,19.62,Low Promotion Response,Turnaround Priority,"Conduct store-specific review of local demand, competition, assortment and promotion response before allocating further promotional resources."
194,777,3752516,4829.49,4681.0,1047.37,417.65,409.0,11.49,348,21.69,d,c,16970.0,1,Type D,Extended,945,1050,200,Low Sales / Low Footfall,4345.77,5425.8,24.85,Low Promotion Response,Turnaround Priority,"Conduct store-specific review of local demand, competition, assortment and promotion response before allocating further promotional resources."
793,779,3764223,4832.12,4430.0,1742.77,457.86,443.0,10.32,350,36.07,d,a,2710.0,0,Type D,Basic,944,997,373,Low Sales / Low Footfall,3702.38,6216.86,67.92,High Promotion Response,Turnaround Priority,"Conduct store-specific review of local demand, competition, assortment and promotion response before allocating further promotional resources."
462,780,3769419,4832.59,4764.0,1633.89,606.22,627.5,7.89,351,33.81,a,a,44320.0,0,Type A,Basic,943,700,878,Low Sales / Low Footfall,3856.38,6025.74,56.25,High Promotion Response,Turnaround Priority,"Conduct store-specific review of local demand, competition, assortment and promotion response before allocating further promotional resources."
461,777,3759643,4838.67,4739.0,1255.14,476.53,469.0,10.06,348,25.94,d,c,1790.0,1,Type D,Extended,942,969,424,Low Sales / Low Footfall,4378.55,5405.88,23.46,Low Promotion Response,Turnaround Priority,"Conduct store-specific review of local demand, competition, assortment and promotion response before allocating further promotional resources."
457,622,3010824,4840.55,4647.5,1272.3,432.69,421.5,11.08,274,26.28,d,c,13140.0,1,Type D,Extended,941,1030,252,Low Sales / Low Footfall,4228.15,5618.35,32.88,Moderate Promotion Response,Turnaround Priority,"Conduct store-specific review of local demand, competition, assortment and promotion response before allocating further promotional resources."
1031,779,3773364,4843.86,4457.0,1495.2,417.97,399.0,11.41,350,30.87,d,a,590.0,0,Type D,Basic,940,1048,209,Low Sales / Low Footfall,3825.73,6091.79,59.23,High Promotion Response,Turnaround Priority,"Conduct store-specific review of local demand, competition, assortment and promotion response before allocating further promotional resources."
801,784,3798660,4845.23,4554.5,1467.47,474.38,455.5,10.08,353,30.29,d,a,48330.0,0,Type D,Basic,939,971,419,Low Sales / Low Footfall,3983.25,5897.67,48.06,Moderate Promotion Response,Turnaround Priority,"Conduct store-specific review of local demand, competition, assortment and promotion response before allocating further promotional resources."
39,779,3780153,4852.57,4391.0,1864.53,629.62,602.0,7.52,350,38.42,a,a,260.0,1,Type A,Basic,938,659,957,Low Sales / Low Footfall,3644.67,6333.12,73.76,High Promotion Response,Turnaround Priority,"Conduct store-specific review of local demand, competition, assortment and promotion response before allocating further promotional resources."
758,774,3768116,4868.37,4793.5,1281.24,636.82,653.0,7.62,346,26.32,a,c,19780.0,0,Type A,Extended,937,640,943,Low Sales / Low Footfall,4043.03,5889.31,45.67,Moderate Promotion Response,Turnaround Priority,"Conduct store-specific review of local demand, competition, assortment and promotion response before allocating further promotional resources."
485,622,3029769,4871.01,4734.0,1101.77,420.99,410.0,11.5,274,22.62,d,c,3270.0,1,Type D,Extended,936,1044,194,Low Sales / Low Footfall,4454.76,5399.69,21.21,Low Promotion Response,Turnaround Priority,"Conduct store-specific review of local demand, competition, assortment and promotion response before allocating further promotional resources."
601,781,3807976,4875.77,4759.0,1164.55,394.29,389.0,12.28,350,23.88,d,a,8220.0,1,Type D,Basic,935,1070,113,Low Sales / Low Footfall,4282.58,5606.23,30.91,Moderate Promotion Response,Turnaround Priority,"Conduct store-specific review of local demand, competition, assortment and promotion response before allocating further promotional resources."
1035,780,3803794,4876.66,4728.5,1913.56,577.47,600.0,8.34,352,39.24,a,a,27150.0,0,Type A,Basic,934,756,765,Low Sales / Low Footfall,3586.05,6445.92,79.75,High Promotion Response,Turnaround Priority,"Conduct store-specific review of local demand, competition, assortment and promotion response before allocating further promotional resources."
568,781,3809325,4877.5,4721.0,1158.21,413.9,405.0,11.7,350,23.75,d,c,4270.0,1,Type D,Extended,933,1054,173,Low Sales / Low Footfall,4567.59,5259.12,15.14,Low Promotion Response,Turnaround Priority,"Conduct store-specific review of local demand, competition, assortment and promotion response before allocating further promotional resources."
268,784,3826840,4881.17,4586.5,1449.48,598.03,583.5,8.03,353,29.7,a,a,4520.0,0,Type A,Basic,932,715,844,Low Sales / Low Footfall,3895.81,6084.27,56.17,High Promotion Response,Turnaround Priority,"Conduct store-specific review of local demand, competition, assortment and promotion response before allocating further promotional resources."
1047,776,3791124,4885.47,4638.0,1456.66,525.65,517.5,9.17,348,29.82,a,a,3750.0,1,Type A,Basic,931,868,604,Low Sales / Low Footfall,3890.47,6109.2,57.03,High Promotion Response,Turnaround Priority,"Conduct store-specific review of local demand, competition, assortment and promotion response before allocating further promotional resources."
902,622,3039385,4886.47,4791.5,926.14,628.94,628.0,7.74,274,18.95,a,a,310.0,1,Type A,Basic,930,661,914,Low Sales / Low Footfall,4606.89,5241.57,13.78,Low Promotion Response,Turnaround Priority,"Conduct store-specific review of local demand, competition, assortment and promotion response before allocating further promotional resources."
1106,784,3836971,4894.1,4825.0,1388.85,557.61,572.5,8.7,353,28.38,a,c,5330.0,1,Type A,Extended,929,800,700,Low Sales / Low Footfall,4070.48,5899.7,44.94,Moderate Promotion Response,Turnaround Priority,"Conduct store-specific review of local demand, competition, assortment and promotion response before allocating further promotional resources."
531,784,3843117,4901.93,4744.5,933.2,600.61,592.0,8.13,353,19.04,a,c,4030.0,0,Type A,Extended,928,711,810,Low Sales / Low Footfall,4497.58,5395.64,19.97,Low Promotion Response,Turnaround Priority,"Conduct store-specific review of local demand, competition, assortment and promotion response before allocating further promotional resources."
40,776,3804215,4902.34,4865.0,1125.84,663.82,654.0,7.35,348,22.97,a,a,180.0,1,Type A,Basic,927,580,983,Low Sales / Low Footfall,4492.9,5405.9,20.32,Low Promotion Response,Turnaround Priority,"Conduct store-specific review of local demand, competition, assortment and promotion response before allocating further promotional resources."
566,784,3845237,4904.64,4746.5,1273.79,544.84,538.5,8.92,353,25.97,a,a,3620.0,1,Type A,Basic,926,827,661,Low Sales / Low Footfall,4101.68,5885.02,43.48,Moderate Promotion Response,Turnaround Priority,"Conduct store-specific review of local demand, competition, assortment and promotion response before allocating further promotional resources."
220,776,3807392,4906.43,4652.0,1283.83,644.62,631.0,7.56,348,26.17,a,a,1000.0,0,Type A,Basic,925,620,950,Low Sales / Low Footfall,4053.37,5955.61,46.93,Moderate Promotion Response,Turnaround Priority,"Conduct store-specific review of local demand, competition, assortment and promotion response before allocating further promotional resources."
804,622,3061600,4922.19,4829.0,1094.29,440.4,430.5,11.11,274,22.23,c,c,2100.0,1,Type C,Extended,924,1025,247,Low Sales / Low Footfall,4604.18,5326.08,15.68,Low Promotion Response,Turnaround Priority,"Conduct store-specific review of local demand, competition, assortment and promotion response before allocating further promotional resources."
781,780,3839505,4922.44,4582.0,1777.42,672.96,667.5,7.17,351,36.11,a,a,630.0,0,Type A,Basic,923,569,1019,Low Sales / Low Footfall,3728.17,6382.11,71.19,High Promotion Response,Turnaround Priority,"Conduct store-specific review of local demand, competition, assortment and promotion response before allocating further promotional resources."
1109,622,3064721,4927.2,4568.5,1394.92,452.34,444.5,10.77,274,28.31,c,a,3490.0,1,Type C,Basic,922,1008,292,Low Sales / Low Footfall,3982.91,6126.53,53.82,High Promotion Response,Turnaround Priority,"Conduct store-specific review of local demand, competition, assortment and promotion response before allocating further promotional resources."
286,779,3838772,4927.82,4544.0,2068.02,430.46,434.0,11.19,350,41.97,a,a,1460.0,0,Type A,Basic,921,1033,241,Low Sales / Low Footfall,3475.24,6708.26,93.03,High Promotion Response,Turnaround Priority,"Conduct store-specific review of local demand, competition, assortment and promotion response before allocating further promotional resources."
446,779,3842157,4932.17,4743.0,1673.11,635.06,652.0,7.7,350,33.92,a,a,340.0,1,Type A,Basic,920,648,921,Low Sales / Low Footfall,3795.93,6324.86,66.62,High Promotion Response,Turnaround Priority,"Conduct store-specific review of local demand, competition, assortment and promotion response before allocating further promotional resources."
480,784,3869738,4935.89,4871.5,1551.34,623.46,646.0,7.83,353,31.43,a,a,300.0,0,Type A,Basic,919,666,889,Low Sales / Low Footfall,3909.84,6188.65,58.28,High Promotion Response,Turnaround Priority,"Conduct store-specific review of local demand, competition, assortment and promotion response before allocating further promotional resources."
664,780,3858158,4946.36,4641.5,1521.67,602.41,586.0,8.07,351,30.76,d,c,1680.0,0,Type D,Extended,918,707,829,Low Sales / Low Footfall,4007.9,6093.36,52.03,High Promotion Response,Turnaround Priority,"Conduct store-specific review of local demand, competition, assortment and promotion response before allocating further promotional resources."
483,780,3859771,4948.42,4859.5,2006.68,650.02,678.5,7.5,351,40.55,a,c,2310.0,1,Type A,Extended,917,612,960,Low Sales / Low Footfall,3708.62,6463.74,74.29,High Promotion Response,Turnaround Priority,"Conduct store-specific review of local demand, competition, assortment and promotion response before allocating further promotional resources."
577,784,3883479,4953.42,4747.0,1184.57,583.38,571.0,8.45,353,23.91,a,c,2270.0,1,Type A,Extended,916,747,743,Low Sales / Low Footfall,4278.9,5776.97,35.01,Moderate Promotion Response,Turnaround Priority,"Conduct store-specific review of local demand, competition, assortment and promotion response before allocating further promotional resources."
2,784,3883858,4953.9,4783.0,1610.15,584.0,575.5,8.41,354,32.5,a,a,570.0,1,Type A,Basic,915,744,754,Low Sales / Low Footfall,3864.29,6277.44,62.45,High Promotion Response,Turnaround Priority,"Conduct store-specific review of local demand, competition, assortment and promotion response before allocating further promotional resources."
265,779,3859812,4954.83,4759.0,1769.76,503.26,507.0,9.67,350,35.72,a,a,4580.0,1,Type A,Basic,914,917,489,Low Sales / Low Footfall,3755.39,6425.0,71.09,High Promotion Response,Turnaround Priority,"Conduct store-specific review of local demand, competition, assortment and promotion response before allocating further promotional resources."
222,784,3906246,4982.46,4793.0,1449.69,561.56,569.0,8.76,353,29.1,a,a,2170.0,0,Type A,Basic,913,791,688,Low Sales / Low Footfall,3971.81,6216.42,56.51,High Promotion Response,Turnaround Priority,"Conduct store-specific review of local demand, competition, assortment and promotion response before allocating further promotional resources."
590,777,3872700,4984.17,4824.0,1204.2,391.6,383.0,12.65,348,24.16,d,c,4520.0,1,Type D,Extended,912,1072,84,Low Sales / Low Footfall,4584.07,5477.39,19.49,Low Promotion Response,Turnaround Priority,"Conduct store-specific review of local demand, competition, assortment and promotion response before allocating further promotional resources."
1036,779,3884252,4986.2,4890.0,1109.76,471.59,469.0,10.51,350,22.26,d,c,9560.0,1,Type D,Extended,911,975,339,Low Sales / Low Footfall,4470.3,5618.55,25.69,Low Promotion Response,Turnaround Priority,"Conduct store-specific review of local demand, competition, assortment and promotion response before allocating further promotional resources."
188,779,3884836,4986.95,4803.0,1491.39,438.24,433.0,11.2,350,29.91,d,a,850.0,1,Type D,Basic,910,1026,238,Low Sales / Low Footfall,4054.38,6130.01,51.19,Moderate Promotion Response,Turnaround Priority,"Conduct store-specific review of local demand, competition, assortment and promotion response before allocating further promotional resources."
750,622,3108353,4997.35,4869.5,1248.09,402.8,398.0,12.3,274,24.98,d,a,8670.0,1,Type D,Basic,909,1062,110,Low Sales / Low Footfall,4307.95,5872.95,36.33,Moderate Promotion Response,Turnaround Priority,"Conduct store-specific review of local demand, competition, assortment and promotion response before allocating further promotional resources."
326,779,3901936,5008.9,4918.0,1254.67,418.74,414.0,11.88,350,25.05,d,a,10070.0,1,Type D,Basic,908,1045,150,Low Sales / Low Footfall,4526.69,5599.96,23.71,Low Promotion Response,Turnaround Priority,"Conduct store-specific review of local demand, competition, assortment and promotion response before allocating further promotional resources."
170,779,3902355,5009.44,4771.0,1327.25,543.76,535.0,9.13,350,26.49,a,a,1070.0,1,Type A,Basic,907,831,614,Low Sales / Low Footfall,4211.22,5987.83,42.19,Moderate Promotion Response,Turnaround Priority,"Conduct store-specific review of local demand, competition, assortment and promotion response before allocating further promotional resources."
1103,781,3920264,5019.54,4782.0,1449.45,385.66,375.0,12.85,350,28.88,d,c,1340.0,1,Type D,Extended,905,1079,71,Low Sales / Low Footfall,4266.55,5946.8,39.38,Moderate Promotion Response,Turnaround Priority,"Conduct store-specific review of local demand, competition, assortment and promotion response before allocating further promotional resources."
322,782,3926557,5021.17,4850.5,2041.98,547.87,564.0,9.03,353,40.67,a,a,17500.0,1,Type A,Basic,904,819,638,Low Sales / Low Footfall,3657.61,6678.3,82.59,High Promotion Response,Turnaround Priority,"Conduct store-specific review of local demand, competition, assortment and promotion response before allocating further promotional resources."
941,622,3129057,5030.64,4645.5,1267.75,554.09,539.0,8.98,274,25.2,a,a,1200.0,1,Type A,Basic,902,808,645,Low Sales / Low Footfall,4175.91,6116.2,46.46,Moderate Promotion Response,Turnaround Priority,"Conduct store-specific review of local demand, competition, assortment and promotion response before allocating further promotional resources."
13,621,3126578,5034.75,4719.0,1617.51,382.83,370.0,12.94,274,32.13,d,a,310.0,1,Type D,Basic,901,1082,64,Low Sales / Low Footfall,3921.01,6445.22,64.38,High Promotion Response,Turnaround Priority,"Conduct store-specific review of local demand, competition, assortment and promotion response before allocating further promotional resources."
337,781,3943779,5049.65,4955.0,1152.66,383.93,377.0,13.07,350,22.83,d,c,10600.0,1,Type D,Extended,900,1081,50,Low Sales / Low Footfall,4713.75,5463.29,15.9,Low Promotion Response,Turnaround Priority,"Conduct store-specific review of local demand, competition, assortment and promotion response before allocating further promotional resources."
875,779,3943035,5061.66,4885.0,1483.53,470.23,460.0,10.61,350,29.31,d,a,5070.0,1,Type D,Basic,899,979,321,Low Sales / Low Footfall,4097.15,6243.87,52.4,High Promotion Response,Turnaround Priority,"Conduct store-specific review of local demand, competition, assortment and promotion response before allocating further promotional resources."
426,779,3948281,5068.4,4645.0,1460.6,633.84,618.0,7.88,350,28.82,a,a,250.0,0,Type A,Basic,898,650,879,Low Sales / Low Footfall,4054.72,6310.87,55.64,High Promotion Response,Turnaround Priority,"Conduct store-specific review of local demand, competition, assortment and promotion response before allocating further promotional resources."
239,779,3950473,5071.21,4921.0,1385.36,472.07,471.0,10.61,350,27.32,d,c,610.0,0,Type D,Extended,897,974,320,Low Sales / Low Footfall,4318.23,5994.15,38.81,Moderate Promotion Response,Turnaround Priority,"Conduct store-specific review of local demand, competition, assortment and promotion response before allocating further promotional resources."
548,768,3896082,5073.02,4731.5,1654.07,400.92,386.5,12.45,344,32.61,d,c,3760.0,0,Type D,Extended,896,1063,97,Low Sales / Low Footfall,4172.37,6183.13,48.19,Moderate Promotion Response,Turnaround Priority,"Conduct store-specific review of local demand, competition, assortment and promotion response before allocating further promotional resources."
1088,779,3960984,5084.7,4874.0,1599.74,485.15,491.0,10.36,350,31.46,a,a,4300.0,1,Type A,Basic,894,958,368,Low Sales / Low Footfall,3997.51,6417.3,60.53,High Promotion Response,Turnaround Priority,"Conduct store-specific review of local demand, competition, assortment and promotion response before allocating further promotional resources."
98,779,3980584,5109.86,4957.0,1299.45,451.59,442.0,11.2,350,25.43,d,c,15140.0,1,Type D,Extended,893,1011,239,Low Sales / Low Footfall,4415.61,5960.83,34.99,Moderate Promotion Response,Turnaround Priority,"Conduct store-specific review of local demand, competition, assortment and promotion response before allocating further promotional resources."
65,780,3988058,5112.89,4985.0,1757.78,455.9,462.0,11.07,351,34.38,a,c,13840.0,1,Type A,Extended,892,1002,254,Low Sales / Low Footfall,4018.41,6450.59,60.53,High Promotion Response,Turnaround Priority,"Conduct store-specific review of local demand, competition, assortment and promotion response before allocating further promotional resources."
130,781,3999550,5121.06,4953.0,964.21,573.75,574.0,8.89,350,18.83,c,a,900.0,1,Type C,Basic,891,764,672,Low Sales / Low Footfall,4552.88,5820.74,27.85,Low Promotion Response,Turnaround Priority,"Conduct store-specific review of local demand, competition, assortment and promotion response before allocating further promotional resources."
839,784,4019692,5127.16,4884.0,1660.71,647.06,658.0,7.82,353,32.39,c,a,240.0,0,Type C,Basic,890,615,893,Low Sales / Low Footfall,4066.48,6422.21,57.93,High Promotion Response,Turnaround Priority,"Conduct store-specific review of local demand, competition, assortment and promotion response before allocating further promotional resources."
99,622,3191184,5130.52,4971.5,1346.82,465.52,456.5,10.88,274,26.25,c,c,2030.0,1,Type C,Extended,889,985,280,Low Sales / Low Footfall,4461.71,5979.96,34.03,Moderate Promotion Response,Turnaround Priority,"Conduct store-specific review of local demand, competition, assortment and promotion response before allocating further promotional resources."
314,779,4002280,5137.72,4914.0,1458.37,571.26,570.0,8.9,350,28.39,a,a,3560.0,1,Type A,Basic,887,773,662,Low Sales / Low Footfall,4152.51,6345.29,52.81,High Promotion Response,Turnaround Priority,"Conduct store-specific review of local demand, competition, assortment and promotion response before allocating further promotional resources."
1074,780,4014070,5146.24,4892.0,1455.43,555.61,544.0,9.15,352,28.28,c,c,3330.0,1,Type C,Extended,886,804,612,Low Sales / Low Footfall,4253.63,6231.58,46.5,Moderate Promotion Response,Turnaround Priority,"Conduct store-specific review of local demand, competition, assortment and promotion response before allocating further promotional resources."
1083,781,4019314,5146.37,5025.0,1235.92,360.65,359.0,14.16,350,24.02,d,c,11540.0,1,Type D,Extended,885,1091,13,Low Sales / Low Footfall,4708.43,5685.66,20.75,Low Promotion Response,Turnaround Priority,"Conduct store-specific review of local demand, competition, assortment and promotion response before allocating further promotional resources."
452,784,4037476,5149.84,5024.0,1698.76,478.33,478.5,10.63,353,32.99,a,c,1850.0,1,Type A,Extended,883,966,314,Low Sales / Low Footfall,4030.6,6516.4,61.67,High Promotion Response,Turnaround Priority,"Conduct store-specific review of local demand, competition, assortment and promotion response before allocating further promotional resources."
438,780,4019904,5153.72,4762.0,1724.73,524.33,505.5,9.63,352,33.47,d,c,1110.0,1,Type D,Extended,882,871,500,Low Sales / Low Footfall,4036.75,6511.86,61.31,High Promotion Response,Turnaround Priority,"Conduct store-specific review of local demand, competition, assortment and promotion response before allocating further promotional resources."
495,777,4005216,5154.72,4886.0,1500.6,394.9,382.0,12.85,348,29.11,d,a,5470.0,1,Type D,Basic,881,1068,70,Low Sales / Low Footfall,4160.83,6379.94,53.33,High Promotion Response,Turnaround Priority,"Conduct store-specific review of local demand, competition, assortment and promotion response before allocating further promotional resources."
285,781,4025996,5154.92,5104.0,1143.65,470.24,464.0,10.88,350,22.19,a,a,2410.0,0,Type A,Basic,880,978,282,Low Sales / Low Footfall,4827.29,5558.38,15.14,Low Promotion Response,Turnaround Priority,"Conduct store-specific review of local demand, competition, assortment and promotion response before allocating further promotional resources."
481,781,4026351,5155.38,4838.0,1586.55,476.71,467.0,10.65,350,30.77,c,c,7470.0,1,Type C,Extended,879,968,313,Low Sales / Low Footfall,4331.06,6170.46,42.47,Moderate Promotion Response,Turnaround Priority,"Conduct store-specific review of local demand, competition, assortment and promotion response before allocating further promotional resources."
440,777,4006273,5156.08,5002.0,1344.91,588.96,598.0,8.67,348,26.08,d,a,3900.0,1,Type D,Basic,877,732,703,Low Sales / Low Footfall,4301.43,6209.65,44.36,Moderate Promotion Response,Turnaround Priority,"Conduct store-specific review of local demand, competition, assortment and promotion response before allocating further promotional resources."
997,781,4028334,5157.92,4870.0,1583.65,412.32,399.0,12.31,350,30.7,d,c,5840.0,1,Type D,Extended,876,1057,108,Low Sales / Low Footfall,4161.26,6385.24,53.44,High Promotion Response,Turnaround Priority,"Conduct store-specific review of local demand, competition, assortment and promotion response before allocating further promotional resources."
1004,622,3212907,5165.45,5017.5,1460.22,451.9,445.0,11.27,274,28.27,d,c,970.0,1,Type D,Extended,875,1009,227,Low Sales / Low Footfall,4275.16,6296.17,47.27,Moderate Promotion Response,Turnaround Priority,"Conduct store-specific review of local demand, competition, assortment and promotion response before allocating further promotional resources."
555,623,3223315,5173.86,5000.0,1343.14,479.03,469.0,10.7,274,25.96,d,a,1560.0,1,Type D,Basic,874,964,306,Low Sales / Low Footfall,4390.46,6171.7,40.57,Moderate Promotion Response,Turnaround Priority,"Conduct store-specific review of local demand, competition, assortment and promotion response before allocating further promotional resources."
96,780,4037973,5176.89,4861.5,2257.38,542.77,550.0,9.36,352,43.6,a,a,8780.0,1,Type A,Basic,873,834,559,Low Sales / Low Footfall,3638.35,7047.62,93.7,High Promotion Response,Turnaround Priority,"Conduct store-specific review of local demand, competition, assortment and promotion response before allocating further promotional resources."
521,779,4036010,5181.01,5052.0,1309.84,426.49,420.0,12.05,350,25.28,d,a,18610.0,1,Type D,Basic,872,1038,129,Low Sales / Low Footfall,4477.96,6042.76,34.94,Moderate Promotion Response,Turnaround Priority,"Conduct store-specific review of local demand, competition, assortment and promotion response before allocating further promotional resources."
918,780,4046072,5187.27,5159.5,1631.14,552.94,571.5,9.28,352,31.45,a,c,18710.0,0,Type A,Extended,871,812,577,Low Sales / Low Footfall,4143.46,6456.45,55.82,High Promotion Response,Turnaround Priority,"Conduct store-specific review of local demand, competition, assortment and promotion response before allocating further promotional resources."
835,767,3979293,5188.13,4804.0,1551.03,659.27,641.0,7.76,345,29.9,a,a,2890.0,1,Type A,Basic,870,593,908,Low Sales / Low Footfall,4289.08,6287.83,46.6,Moderate Promotion Response,Turnaround Priority,"Conduct store-specific review of local demand, competition, assortment and promotion response before allocating further promotional resources."
749,779,4042901,5189.86,4979.0,1958.36,636.43,654.0,8.02,350,37.73,a,a,3410.0,1,Type A,Basic,869,642,846,Low Sales / Low Footfall,3911.0,6757.38,72.78,High Promotion Response,Turnaround Priority,"Conduct store-specific review of local demand, competition, assortment and promotion response before allocating further promotional resources."
225,782,4064054,5197.0,4967.5,1470.36,556.33,548.5,9.25,353,28.29,d,a,10180.0,0,Type D,Basic,868,801,584,Low Sales / Low Footfall,4277.54,6314.42,47.62,Moderate Promotion Response,Turnaround Priority,"Conduct store-specific review of local demand, competition, assortment and promotion response before allocating further promotional resources."
828,780,4055958,5199.95,5069.0,1690.65,587.07,590.0,8.73,351,32.51,d,c,3290.0,0,Type D,Extended,867,739,692,Low Sales / Low Footfall,4140.29,6495.09,56.88,High Promotion Response,Turnaround Priority,"Conduct store-specific review of local demand, competition, assortment and promotion response before allocating further promotional resources."
127,623,3263370,5238.15,5164.0,1513.12,659.75,667.0,7.82,275,28.89,d,a,1350.0,1,Type D,Basic,863,592,892,Low Sales / Low Footfall,4308.95,6414.03,48.85,Moderate Promotion Response,Turnaround Priority,"Conduct store-specific review of local demand, competition, assortment and promotion response before allocating further promotional resources."
567,779,4083132,5241.5,4970.0,1607.51,671.42,666.0,7.69,350,30.67,c,a,1010.0,1,Type C,Basic,862,570,925,Low Sales / Low Footfall,4162.15,6564.48,57.72,High Promotion Response,Turnaround Priority,"Conduct store-specific review of local demand, competition, assortment and promotion response before allocating further promotional resources."
989,622,3260812,5242.46,5114.5,1363.43,573.55,581.0,9.08,274,26.01,a,a,1640.0,1,Type A,Basic,861,767,627,Low Sales / Low Footfall,4384.23,6332.49,44.44,Moderate Promotion Response,Turnaround Priority,"Conduct store-specific review of local demand, competition, assortment and promotion response before allocating further promotional resources."
736,622,3261815,5244.08,5089.5,1283.92,509.28,498.0,10.19,274,24.48,c,c,1650.0,1,Type C,Extended,860,903,393,Low Sales / Low Footfall,4526.16,6155.89,36.01,Moderate Promotion Response,Turnaround Priority,"Conduct store-specific review of local demand, competition, assortment and promotion response before allocating further promotional resources."
728,777,4075915,5245.71,5166.0,1122.3,458.06,453.0,11.38,348,21.39,d,a,13990.0,1,Type D,Basic,859,996,214,Low Sales / Low Footfall,4846.32,5738.05,18.4,Low Promotion Response,Turnaround Priority,"Conduct store-specific review of local demand, competition, assortment and promotion response before allocating further promotional resources."
201,779,4089245,5249.35,5197.0,1280.62,444.22,445.0,11.75,350,24.4,d,a,20260.0,1,Type D,Basic,858,1020,165,Low Sales / Low Footfall,4689.79,5935.22,26.56,Low Promotion Response,Turnaround Priority,"Conduct store-specific review of local demand, competition, assortment and promotion response before allocating further promotional resources."
443,780,4095855,5251.1,5021.0,1516.32,488.86,481.5,10.6,352,28.88,d,a,11400.0,0,Type D,Basic,857,946,323,Low Sales / Low Footfall,4261.17,6454.76,51.48,Moderate Promotion Response,Turnaround Priority,"Conduct store-specific review of local demand, competition, assortment and promotion response before allocating further promotional resources."
752,779,4091043,5251.66,4790.0,1904.58,459.4,445.0,11.23,350,36.27,a,a,970.0,1,Type A,Basic,856,993,232,Low Sales / Low Footfall,3953.14,6843.27,73.11,High Promotion Response,Turnaround Priority,"Conduct store-specific review of local demand, competition, assortment and promotion response before allocating further promotional resources."
1111,779,4091076,5251.7,5028.0,1667.62,451.71,453.0,11.55,350,31.75,a,a,1900.0,1,Type A,Basic,855,1010,190,Low Sales / Low Footfall,4169.63,6578.02,57.76,High Promotion Response,Turnaround Priority,"Conduct store-specific review of local demand, competition, assortment and promotion response before allocating further promotional resources."
367,784,4119323,5254.24,5060.5,1508.32,542.79,529.0,9.53,353,28.71,d,c,2640.0,0,Type D,Extended,854,833,530,Low Sales / Low Footfall,4285.72,6436.76,50.19,Moderate Promotion Response,Turnaround Priority,"Conduct store-specific review of local demand, competition, assortment and promotion response before allocating further promotional resources."
53,784,4127609,5264.81,5143.0,1479.47,566.71,564.5,9.2,353,28.1,a,c,30360.0,0,Type A,Extended,852,781,597,Low Sales / Low Footfall,4399.29,6321.57,43.7,Moderate Promotion Response,Turnaround Priority,"Conduct store-specific review of local demand, competition, assortment and promotion response before allocating further promotional resources."
899,780,4109286,5268.32,5115.0,2134.67,562.51,576.0,9.19,352,40.52,d,a,2590.0,1,Type D,Basic,851,787,600,Low Sales / Low Footfall,3833.67,7012.72,82.92,High Promotion Response,Turnaround Priority,"Conduct store-specific review of local demand, competition, assortment and promotion response before allocating further promotional resources."
244,779,4106186,5271.1,5051.0,1700.87,540.34,536.0,9.57,350,32.27,d,a,710.0,1,Type D,Basic,850,837,520,Low Sales / Low Footfall,4212.48,6568.67,55.93,High Promotion Response,Turnaround Priority,"Conduct store-specific review of local demand, competition, assortment and promotion response before allocating further promotional resources."
131,779,4109540,5275.4,5057.0,1299.8,558.9,543.0,9.36,350,24.64,c,a,920.0,0,Type C,Basic,849,799,557,Low Sales / Low Footfall,4565.31,6145.78,34.62,Moderate Promotion Response,Turnaround Priority,"Conduct store-specific review of local demand, competition, assortment and promotion response before allocating further promotional resources."
418,776,4094061,5275.85,5122.5,1839.63,551.55,560.0,9.43,348,34.87,a,a,1060.0,1,Type A,Basic,848,815,543,Low Sales / Low Footfall,4033.95,6803.24,68.65,High Promotion Response,Turnaround Priority,"Conduct store-specific review of local demand, competition, assortment and promotion response before allocating further promotional resources."
176,779,4111700,5278.18,5019.0,1784.9,632.0,629.0,8.21,350,33.82,a,a,3770.0,0,Type A,Basic,847,655,791,Low Sales / Low Footfall,4120.92,6696.64,62.5,High Promotion Response,Turnaround Priority,"Conduct store-specific review of local demand, competition, assortment and promotion response before allocating further promotional resources."
295,777,4106780,5285.43,5050.0,1322.49,670.98,663.0,7.8,348,25.02,a,a,210.0,1,Type A,Basic,846,571,902,Low Sales / Low Footfall,4544.02,6199.41,36.43,Moderate Promotion Response,Turnaround Priority,"Conduct store-specific review of local demand, competition, assortment and promotion response before allocating further promotional resources."
249,784,4144086,5285.82,5076.0,1274.3,537.73,522.0,9.75,353,24.11,d,c,18010.0,0,Type D,Extended,845,843,471,Low Sales / Low Footfall,4653.4,6057.99,30.18,Moderate Promotion Response,Turnaround Priority,"Conduct store-specific review of local demand, competition, assortment and promotion response before allocating further promotional resources."
182,781,4142935,5304.65,5161.0,1382.46,417.79,410.0,12.56,350,26.06,d,c,1390.0,1,Type D,Extended,843,1049,87,Low Sales / Low Footfall,4605.21,6165.97,33.89,Moderate Promotion Response,Turnaround Priority,"Conduct store-specific review of local demand, competition, assortment and promotion response before allocating further promotional resources."
519,784,4160155,5306.32,5115.5,1479.68,559.08,541.0,9.39,353,27.89,c,c,2510.0,1,Type C,Extended,842,797,553,Low Sales / Low Footfall,4664.38,6090.11,30.57,Moderate Promotion Response,Turnaround Priority,"Conduct store-specific review of local demand, competition, assortment and promotion response before allocating further promotional resources."
447,784,4161176,5307.62,5108.5,927.56,619.39,608.0,8.53,353,17.48,a,c,1510.0,0,Type A,Extended,841,676,726,Low Sales / Low Footfall,4885.38,5823.16,19.2,Low Promotion Response,Turnaround Priority,"Conduct store-specific review of local demand, competition, assortment and promotion response before allocating further promotional resources."
28,768,4080950,5313.74,5049.5,2128.43,583.59,592.0,8.93,346,40.06,a,a,1200.0,1,Type A,Basic,839,746,658,Low Sales / Low Footfall,4064.84,6836.96,68.2,High Promotion Response,Turnaround Priority,"Conduct store-specific review of local demand, competition, assortment and promotion response before allocating further promotional resources."
923,784,4167230,5315.34,5227.5,740.82,640.1,640.0,8.32,353,13.94,a,a,280.0,0,Type A,Basic,838,628,768,Low Sales / Low Footfall,4908.87,5811.64,18.39,Low Promotion Response,Turnaround Priority,"Conduct store-specific review of local demand, competition, assortment and promotion response before allocating further promotional resources."
429,622,3309752,5321.14,5139.5,1330.24,429.43,422.0,12.28,274,25.0,d,c,16350.0,1,Type D,Extended,837,1035,112,Low Sales / Low Footfall,4609.86,6224.53,35.03,Moderate Promotion Response,Turnaround Priority,"Conduct store-specific review of local demand, competition, assortment and promotion response before allocating further promotional resources."
953,782,4162942,5323.46,5244.0,1888.7,542.59,565.0,9.7,353,35.48,a,a,19830.0,1,Type A,Basic,836,836,482,Low Sales / Low Footfall,4098.38,6812.29,66.22,High Promotion Response,Turnaround Priority,"Conduct store-specific review of local demand, competition, assortment and promotion response before allocating further promotional resources."
581,779,4154967,5333.72,4992.0,2053.94,587.65,603.0,8.87,350,38.51,a,a,7250.0,0,Type A,Basic,834,735,674,Low Sales / Low Footfall,3849.76,7152.63,85.79,High Promotion Response,Turnaround Priority,"Conduct store-specific review of local demand, competition, assortment and promotion response before allocating further promotional resources."
41,622,3318407,5335.06,5187.5,1377.8,397.96,394.0,13.3,274,25.83,d,c,1180.0,1,Type D,Extended,833,1065,40,Low Sales / Low Footfall,4827.54,5979.65,23.87,Low Promotion Response,Turnaround Priority,"Conduct store-specific review of local demand, competition, assortment and promotion response before allocating further promotional resources."
257,784,4183099,5335.59,5411.5,1462.64,632.01,653.5,8.42,353,27.41,a,a,420.0,0,Type A,Basic,832,654,751,Low Sales / Low Footfall,4468.46,6394.32,43.1,Moderate Promotion Response,Turnaround Priority,"Conduct store-specific review of local demand, competition, assortment and promotion response before allocating further promotional resources."
800,779,4157860,5337.43,5206.0,1369.94,499.31,493.0,10.59,350,25.67,d,a,2020.0,0,Type D,Basic,831,923,327,Low Sales / Low Footfall,4649.58,6180.55,32.93,Moderate Promotion Response,Turnaround Priority,"Conduct store-specific review of local demand, competition, assortment and promotion response before allocating further promotional resources."
114,784,4191703,5346.56,5187.5,1256.11,608.12,601.5,8.72,354,23.49,c,a,4510.0,1,Type C,Basic,830,699,695,Low Sales / Low Footfall,4643.66,6200.37,33.52,Moderate Promotion Response,Turnaround Priority,"Conduct store-specific review of local demand, competition, assortment and promotion response before allocating further promotional resources."
305,781,4176274,5347.34,5081.0,1667.45,507.46,495.0,10.37,350,31.18,c,c,2470.0,1,Type C,Extended,829,908,367,Low Sales / Low Footfall,4673.85,6176.7,32.15,Moderate Promotion Response,Turnaround Priority,"Conduct store-specific review of local demand, competition, assortment and promotion response before allocating further promotional resources."
45,779,4166458,5348.47,5340.0,1321.45,415.38,413.0,12.77,350,24.71,d,a,9710.0,0,Type D,Basic,828,1051,72,Low Sales / Low Footfall,4679.41,6168.54,31.82,Moderate Promotion Response,Turnaround Priority,"Conduct store-specific review of local demand, competition, assortment and promotion response before allocating further promotional resources."
949,784,4194405,5350.01,4980.5,1842.57,496.91,479.5,10.51,353,34.44,a,a,870.0,0,Type A,Basic,827,927,340,Low Sales / Low Footfall,4014.56,6980.53,73.88,High Promotion Response,Turnaround Priority,"Conduct store-specific review of local demand, competition, assortment and promotion response before allocating further promotional resources."
46,622,3329125,5352.29,5098.0,1578.75,660.5,656.0,7.97,274,29.5,c,a,1200.0,1,Type C,Basic,826,589,859,Low Sales / Low Footfall,4340.87,6636.86,52.89,High Promotion Response,Turnaround Priority,"Conduct store-specific review of local demand, competition, assortment and promotion response before allocating further promotional resources."
500,622,3330211,5354.04,5242.0,1144.5,395.56,389.5,13.48,274,21.38,d,c,10690.0,1,Type D,Extended,825,1067,29,Low Sales / Low Footfall,5106.14,5668.88,11.02,Low Promotion Response,Turnaround Priority,"Conduct store-specific review of local demand, competition, assortment and promotion response before allocating further promotional resources."
433,862,4621066,5360.87,5407.0,1854.68,615.73,641.0,8.54,353,34.6,a,c,30030.0,0,Type A,Extended,824,682,724,Low Sales / Low Footfall,4340.79,6831.74,57.38,High Promotion Response,Turnaround Priority,"Conduct store-specific review of local demand, competition, assortment and promotion response before allocating further promotional resources."
575,623,3343994,5367.57,4613.0,2472.73,492.96,470.0,10.56,275,46.07,a,a,960.0,1,Type A,Basic,822,938,333,Low Sales / Low Footfall,3614.41,7586.11,109.89,High Promotion Response,Turnaround Priority,"Conduct store-specific review of local demand, competition, assortment and promotion response before allocating further promotional resources."
501,622,3345228,5378.18,5196.5,1415.52,587.81,590.0,9.08,274,26.32,a,c,1620.0,0,Type A,Extended,821,734,626,Low Sales / Low Footfall,4565.4,6410.47,40.41,Moderate Promotion Response,Turnaround Priority,"Conduct store-specific review of local demand, competition, assortment and promotion response before allocating further promotional resources."
317,622,3346040,5379.49,5325.0,1184.03,579.32,568.5,9.23,274,22.01,d,a,3140.0,1,Type D,Basic,820,753,587,Low Sales / Low Footfall,4934.21,5945.02,20.49,Low Promotion Response,Turnaround Priority,"Conduct store-specific review of local demand, competition, assortment and promotion response before allocating further promotional resources."
719,622,3348602,5383.6,5235.0,1238.38,456.75,451.0,11.75,274,23.0,c,c,8190.0,1,Type C,Extended,818,998,166,Low Sales / Low Footfall,4985.68,5889.0,18.12,Low Promotion Response,Turnaround Priority,"Conduct store-specific review of local demand, competition, assortment and promotion response before allocating further promotional resources."
695,779,4201243,5393.12,4978.0,2140.0,513.88,512.0,10.27,350,39.68,a,a,550.0,1,Type A,Basic,817,891,381,Low Sales / Low Footfall,3874.65,7254.34,87.23,High Promotion Response,Turnaround Priority,"Conduct store-specific review of local demand, competition, assortment and promotion response before allocating further promotional resources."
631,784,4233841,5400.31,5160.5,1225.11,638.44,621.0,8.38,353,22.69,d,c,2870.0,1,Type D,Extended,816,634,757,Low Sales / Low Footfall,4703.01,6251.68,32.93,Moderate Promotion Response,Turnaround Priority,"Conduct store-specific review of local demand, competition, assortment and promotion response before allocating further promotional resources."
1016,779,4213934,5409.41,4956.0,1920.67,500.19,481.0,10.57,350,35.51,c,c,550.0,1,Type C,Extended,815,921,331,Low Sales / Low Footfall,4104.46,7008.91,70.76,High Promotion Response,Turnaround Priority,"Conduct store-specific review of local demand, competition, assortment and promotion response before allocating further promotional resources."
284,622,3367042,5413.25,5368.5,1425.64,449.93,453.0,11.89,274,26.34,d,a,1290.0,1,Type D,Basic,814,1013,147,Low Sales / Low Footfall,4540.12,6522.19,43.66,Moderate Promotion Response,Turnaround Priority,"Conduct store-specific review of local demand, competition, assortment and promotion response before allocating further promotional resources."
1100,769,4167374,5419.21,4900.0,2022.9,669.05,654.0,7.93,346,37.33,a,a,540.0,1,Type A,Basic,812,572,869,Low Sales / Low Footfall,4005.5,7147.54,78.44,High Promotion Response,Turnaround Priority,"Conduct store-specific review of local demand, competition, assortment and promotion response before allocating further promotional resources."
1001,782,4239004,5420.72,5101.0,1809.8,621.0,618.0,8.58,353,33.39,c,a,19640.0,1,Type C,Basic,811,671,718,Low Sales / Low Footfall,4208.77,6893.6,63.79,High Promotion Response,Turnaround Priority,"Conduct store-specific review of local demand, competition, assortment and promotion response before allocating further promotional resources."
334,779,4228712,5428.39,5225.0,1196.62,562.14,551.0,9.59,350,22.04,d,c,4040.0,1,Type D,Extended,810,789,515,Low Sales / Low Footfall,4738.74,6273.69,32.39,Moderate Promotion Response,Turnaround Priority,"Conduct store-specific review of local demand, competition, assortment and promotion response before allocating further promotional resources."
451,781,4248112,5439.32,5254.0,1138.39,458.66,448.0,11.78,350,20.93,a,a,2460.0,1,Type A,Basic,809,994,162,Low Sales / Low Footfall,4795.7,6231.9,29.95,Moderate Promotion Response,Turnaround Priority,"Conduct store-specific review of local demand, competition, assortment and promotion response before allocating further promotional resources."
365,621,3378609,5440.59,5383.0,1372.92,587.21,587.0,9.16,274,25.23,c,a,2410.0,1,Type C,Basic,808,738,607,Low Sales / Low Footfall,4659.78,6429.44,37.98,Moderate Promotion Response,Turnaround Priority,"Conduct store-specific review of local demand, competition, assortment and promotion response before allocating further promotional resources."
851,622,3392054,5453.46,5304.0,1205.21,469.7,459.0,11.57,274,22.1,d,c,2330.0,1,Type D,Extended,807,980,189,Low Sales / Low Footfall,5163.96,5821.16,12.73,Low Promotion Response,Turnaround Priority,"Conduct store-specific review of local demand, competition, assortment and promotion response before allocating further promotional resources."
1096,779,4250632,5456.52,5052.0,1565.24,633.06,610.0,8.49,350,28.69,a,c,1130.0,1,Type A,Extended,806,652,732,Low Sales / Low Footfall,4639.23,6458.29,39.21,Moderate Promotion Response,Turnaround Priority,"Conduct store-specific review of local demand, competition, assortment and promotion response before allocating further promotional resources."
1104,622,3397012,5461.43,5452.0,1278.69,431.21,432.0,12.56,274,23.41,d,a,260.0,1,Type D,Basic,804,1032,88,Low Sales / Low Footfall,4821.69,6273.96,30.12,Moderate Promotion Response,Turnaround Priority,"Conduct store-specific review of local demand, competition, assortment and promotion response before allocating further promotional resources."
79,777,4253485,5474.24,5058.0,1547.23,560.49,548.0,9.64,348,28.26,a,a,3320.0,0,Type A,Basic,803,794,496,Low Sales / Low Footfall,4428.07,6763.91,52.75,High Promotion Response,Turnaround Priority,"Conduct store-specific review of local demand, competition, assortment and promotion response before allocating further promotional resources."
44,784,4295144,5478.5,5159.0,1585.82,640.06,633.0,8.45,353,28.95,a,a,540.0,0,Type A,Basic,802,629,742,Low Sales / Low Footfall,4367.66,6834.79,56.49,High Promotion Response,Turnaround Priority,"Conduct store-specific review of local demand, competition, assortment and promotion response before allocating further promotional resources."
21,777,4259763,5482.32,5278.0,1790.77,516.36,518.0,10.41,348,32.66,c,c,550.0,1,Type C,Extended,801,888,357,Low Sales / Low Footfall,4276.17,6969.21,62.98,High Promotion Response,Turnaround Priority,"Conduct store-specific review of local demand, competition, assortment and promotion response before allocating further promotional resources."
204,622,3412446,5486.25,5329.0,1044.27,524.18,524.0,10.44,274,19.03,a,a,5630.0,1,Type A,Basic,800,872,352,Low Sales / Low Footfall,4878.24,6258.46,28.29,Low Promotion Response,Turnaround Priority,"Conduct store-specific review of local demand, competition, assortment and promotion response before allocating further promotional resources."
782,779,4275775,5488.8,5320.0,1310.04,513.21,506.0,10.61,350,23.87,c,c,5390.0,1,Type C,Extended,799,895,322,Low Sales / Low Footfall,4871.27,6245.71,28.22,Low Promotion Response,Turnaround Priority,"Conduct store-specific review of local demand, competition, assortment and promotion response before allocating further promotional resources."
136,622,3414045,5488.82,5049.5,1793.88,423.98,404.0,12.72,274,32.68,a,c,2200.0,1,Type A,Extended,798,1040,79,Low Sales / Low Footfall,4482.0,6767.55,50.99,Moderate Promotion Response,Turnaround Priority,"Conduct store-specific review of local demand, competition, assortment and promotion response before allocating further promotional resources."
398,784,4309274,5496.52,5353.5,1497.71,614.62,608.0,8.83,353,27.25,c,c,1540.0,1,Type C,Extended,796,687,681,Low Sales / Low Footfall,4632.58,6551.37,41.42,Moderate Promotion Response,Turnaround Priority,"Conduct store-specific review of local demand, competition, assortment and promotion response before allocating further promotional resources."
59,782,4302026,5501.31,5386.5,1913.43,564.02,581.5,9.62,353,34.78,a,c,2840.0,1,Type A,Extended,795,785,505,Low Sales / Low Footfall,4277.34,6988.8,63.39,High Promotion Response,Turnaround Priority,"Conduct store-specific review of local demand, competition, assortment and promotion response before allocating further promotional resources."
14,779,4291174,5508.57,5391.0,1479.65,631.47,641.0,8.65,350,26.86,a,a,1300.0,1,Type A,Basic,794,656,708,Low Sales / Low Footfall,4538.32,6697.81,47.58,Moderate Promotion Response,Turnaround Priority,"Conduct store-specific review of local demand, competition, assortment and promotion response before allocating further promotional resources."
436,780,4297398,5509.48,5311.5,1524.18,616.74,613.5,8.83,352,27.66,d,a,2300.0,0,Type D,Basic,793,681,680,Low Sales / Low Footfall,4510.03,6724.74,49.11,Moderate Promotion Response,Turnaround Priority,"Conduct store-specific review of local demand, competition, assortment and promotion response before allocating further promotional resources."
6,780,4297758,5509.95,5462.5,1577.38,635.23,634.5,8.63,352,28.63,a,a,310.0,0,Type A,Basic,792,647,713,Low Sales / Low Footfall,4578.64,6642.33,45.07,Moderate Promotion Response,Turnaround Priority,"Conduct store-specific review of local demand, competition, assortment and promotion response before allocating further promotional resources."
833,779,4293342,5511.35,5261.0,1462.3,506.18,495.0,10.75,350,26.53,d,c,3290.0,1,Type D,Extended,790,910,297,Low Sales / Low Footfall,4609.06,6617.3,43.57,Moderate Promotion Response,Turnaround Priority,"Conduct store-specific review of local demand, competition, assortment and promotion response before allocating further promotional resources."
735,780,4304462,5518.54,5065.0,2069.06,544.34,522.5,9.89,351,37.49,d,c,1920.0,0,Type D,Extended,787,829,448,Low Sales / Low Footfall,4168.5,7168.59,71.97,High Promotion Response,Turnaround Priority,"Conduct store-specific review of local demand, competition, assortment and promotion response before allocating further promotional resources."
23,779,4300299,5520.28,5181.0,1605.53,482.44,466.0,11.28,350,29.08,d,a,4060.0,0,Type D,Basic,786,960,226,Low Sales / Low Footfall,4479.89,6795.51,51.69,Moderate Promotion Response,Turnaround Priority,"Conduct store-specific review of local demand, competition, assortment and promotion response before allocating further promotional resources."
409,781,4316867,5527.36,5359.0,1250.02,543.68,538.0,10.08,350,22.62,d,c,840.0,1,Type D,Extended,785,832,418,Low Sales / Low Footfall,4774.3,6454.7,35.2,Moderate Promotion Response,Turnaround Priority,"Conduct store-specific review of local demand, competition, assortment and promotion response before allocating further promotional resources."
564,779,4306402,5528.12,5366.0,1200.14,488.63,483.0,11.25,350,21.71,d,c,6540.0,1,Type D,Extended,784,948,230,Low Sales / Low Footfall,4988.53,6189.49,24.07,Low Promotion Response,Turnaround Priority,"Conduct store-specific review of local demand, competition, assortment and promotion response before allocating further promotional resources."
919,621,3438093,5536.38,5344.0,1651.66,676.65,687.0,8.08,274,29.83,a,a,2620.0,1,Type A,Basic,783,563,828,Low Sales / Low Footfall,4399.03,6976.75,58.6,High Promotion Response,Turnaround Priority,"Conduct store-specific review of local demand, competition, assortment and promotion response before allocating further promotional resources."
884,622,3443958,5536.91,5179.5,1465.64,530.07,511.5,10.33,274,26.47,d,c,7550.0,0,Type D,Extended,782,860,371,Low Sales / Low Footfall,4740.48,6548.43,38.14,Moderate Promotion Response,Turnaround Priority,"Conduct store-specific review of local demand, competition, assortment and promotion response before allocating further promotional resources."
301,784,4342138,5538.44,5431.5,1169.64,596.14,599.0,9.24,353,21.12,a,c,4510.0,0,Type A,Extended,781,718,586,Low Sales / Low Footfall,4845.75,6384.2,31.75,Moderate Promotion Response,Turnaround Priority,"Conduct store-specific review of local demand, competition, assortment and promotion response before allocating further promotional resources."
8,784,4342857,5539.36,5356.0,1894.09,658.2,672.5,8.29,353,34.19,a,a,7520.0,0,Type A,Basic,780,595,771,Low Sales / Low Footfall,4250.44,7113.08,67.35,High Promotion Response,Turnaround Priority,"Conduct store-specific review of local demand, competition, assortment and promotion response before allocating further promotional resources."
141,777,4305156,5540.74,5235.0,1463.09,611.9,597.0,8.95,348,26.41,c,c,1540.0,1,Type C,Extended,779,694,655,Low Sales / Low Footfall,4594.84,6706.81,45.96,Moderate Promotion Response,Turnaround Priority,"Conduct store-specific review of local demand, competition, assortment and promotion response before allocating further promotional resources."
152,779,4317171,5541.94,5181.0,1860.54,621.4,617.0,8.73,350,33.57,a,a,1780.0,0,Type A,Basic,778,667,693,Low Sales / Low Footfall,4187.41,7202.21,72.0,High Promotion Response,Turnaround Priority,"Conduct store-specific review of local demand, competition, assortment and promotion response before allocating further promotional resources."
717,779,4325705,5552.89,5110.0,1884.51,559.42,533.0,9.72,350,33.94,d,c,310.0,1,Type D,Extended,777,795,476,Low Sales / Low Footfall,4269.77,7125.63,66.89,High Promotion Response,Turnaround Priority,"Conduct store-specific review of local demand, competition, assortment and promotion response before allocating further promotional resources."
399,622,3457604,5558.85,5307.0,1253.1,564.98,551.5,9.75,274,22.54,a,a,5360.0,1,Type A,Basic,776,783,469,Low Sales / Low Footfall,4837.25,6475.33,33.86,Moderate Promotion Response,Turnaround Priority,"Conduct store-specific review of local demand, competition, assortment and promotion response before allocating further promotional resources."
91,778,4324904,5559.0,5335.0,1664.11,613.93,600.0,8.99,349,29.94,c,a,2410.0,1,Type C,Basic,775,690,643,Low Sales / Low Footfall,4751.95,6551.05,37.86,Moderate Promotion Response,Turnaround Priority,"Conduct store-specific review of local demand, competition, assortment and promotion response before allocating further promotional resources."
149,622,3462975,5567.48,5312.0,1497.34,486.22,478.5,11.33,274,26.89,d,a,2610.0,1,Type D,Basic,774,953,220,Low Sales / Low Footfall,4569.36,6835.17,49.59,Moderate Promotion Response,Turnaround Priority,"Conduct store-specific review of local demand, competition, assortment and promotion response before allocating further promotional resources."
312,781,4348731,5568.16,5165.0,1585.11,538.65,525.0,10.19,350,28.47,d,a,11300.0,0,Type D,Basic,773,841,395,Low Sales / Low Footfall,4496.87,6887.37,53.16,High Promotion Response,Turnaround Priority,"Conduct store-specific review of local demand, competition, assortment and promotion response before allocating further promotional resources."
10,784,4365642,5568.42,5395.5,1051.13,593.96,588.0,9.33,353,18.88,a,a,3160.0,0,Type A,Basic,772,723,565,Low Sales / Low Footfall,4961.5,6309.45,27.17,Low Promotion Response,Turnaround Priority,"Conduct store-specific review of local demand, competition, assortment and promotion response before allocating further promotional resources."
537,777,4335799,5580.18,5307.0,1344.07,604.23,592.0,9.15,348,24.09,a,a,600.0,1,Type A,Basic,770,704,610,Low Sales / Low Footfall,4796.25,6546.58,36.49,Moderate Promotion Response,Turnaround Priority,"Conduct store-specific review of local demand, competition, assortment and promotion response before allocating further promotional resources."
209,882,4928424,5587.78,5598.0,1891.57,577.19,587.0,9.61,354,33.85,a,c,11680.0,1,Type A,Extended,769,758,508,Low Sales / Low Footfall,4734.55,6860.4,44.9,Moderate Promotion Response,Turnaround Priority,"Conduct store-specific review of local demand, competition, assortment and promotion response before allocating further promotional resources."
288,622,3499206,5625.73,5325.5,1612.52,422.52,411.5,13.17,274,28.66,d,a,800.0,1,Type D,Basic,767,1042,46,Low Sales / Low Footfall,4675.25,6832.92,46.15,Moderate Promotion Response,Turnaround Priority,"Conduct store-specific review of local demand, competition, assortment and promotion response before allocating further promotional resources."
258,622,3509384,5642.1,5451.0,1235.11,493.89,488.0,11.37,274,21.89,a,a,27190.0,1,Type A,Basic,766,937,216,Low Sales / Low Footfall,4980.77,6482.03,30.14,Moderate Promotion Response,Turnaround Priority,"Conduct store-specific review of local demand, competition, assortment and promotion response before allocating further promotional resources."
540,622,3513672,5648.99,5314.0,1830.16,391.31,378.5,14.2,274,32.4,d,c,810.0,1,Type D,Extended,764,1073,12,Low Sales / Low Footfall,4774.58,6759.55,41.57,Moderate Promotion Response,Turnaround Priority,"Conduct store-specific review of local demand, competition, assortment and promotion response before allocating further promotional resources."
935,784,4430153,5650.71,5608.0,1676.24,600.43,609.0,9.32,353,29.66,a,c,22350.0,0,Type A,Extended,763,712,568,Low Sales / Low Footfall,4700.19,6811.25,44.91,Moderate Promotion Response,Turnaround Priority,"Conduct store-specific review of local demand, competition, assortment and promotion response before allocating further promotional resources."
591,777,4429448,5700.71,5584.0,1295.76,498.72,504.0,11.4,348,22.73,a,c,3340.0,1,Type A,Extended,758,924,211,Low Sales / Low Footfall,4911.38,6673.75,35.88,Moderate Promotion Response,Turnaround Priority,"Conduct store-specific review of local demand, competition, assortment and promotion response before allocating further promotional resources."
910,780,4452869,5708.81,5417.5,1670.34,573.57,557.0,9.81,351,29.26,d,c,12480.0,1,Type D,Extended,757,766,462,Low Sales / Low Footfall,4640.98,7013.93,51.13,Moderate Promotion Response,Turnaround Priority,"Conduct store-specific review of local demand, competition, assortment and promotion response before allocating further promotional resources."
716,622,3556025,5717.08,5620.0,1250.32,454.31,448.0,12.5,274,21.87,d,a,3200.0,1,Type D,Basic,754,1003,93,Low Sales / Low Footfall,5140.82,6448.97,25.45,Low Promotion Response,Turnaround Priority,"Conduct store-specific review of local demand, competition, assortment and promotion response before allocating further promotional resources."
356,777,4443882,5719.28,5552.0,1283.26,435.8,429.0,13.03,348,22.44,d,c,8970.0,1,Type D,Extended,753,1027,54,Low Sales / Low Footfall,5337.67,6189.72,15.96,Low Promotion Response,Turnaround Priority,"Conduct store-specific review of local demand, competition, assortment and promotion response before allocating further promotional resources."
890,622,3563801,5729.58,5457.5,1551.81,444.68,434.0,12.73,274,27.08,a,a,4450.0,1,Type A,Basic,751,1019,78,Low Sales / Low Footfall,4813.67,6892.86,43.19,Moderate Promotion Response,Turnaround Priority,"Conduct store-specific review of local demand, competition, assortment and promotion response before allocating further promotional resources."
160,781,4475644,5730.66,5476.0,1409.86,559.18,546.0,10.14,350,24.6,d,c,17110.0,0,Type D,Extended,750,796,403,Low Sales / Low Footfall,4842.7,6824.11,40.92,Moderate Promotion Response,Turnaround Priority,"Conduct store-specific review of local demand, competition, assortment and promotion response before allocating further promotional resources."
748,779,4469650,5737.68,5524.0,1569.98,487.66,479.0,11.63,350,27.36,d,a,2380.0,1,Type D,Basic,749,951,183,Low Sales / Low Footfall,4780.27,6911.18,44.58,Moderate Promotion Response,Turnaround Priority,"Conduct store-specific review of local demand, competition, assortment and promotion response before allocating further promotional resources."
950,775,4450296,5742.32,5436.0,1597.7,562.31,560.0,10.1,348,27.82,a,a,8460.0,0,Type A,Basic,748,788,413,Low Sales / Low Footfall,4640.78,7093.91,52.86,High Promotion Response,Turnaround Priority,"Conduct store-specific review of local demand, competition, assortment and promotion response before allocating further promotional resources."
706,622,3572311,5743.27,5677.5,1295.16,524.43,517.0,10.89,274,22.55,d,a,7830.0,1,Type D,Basic,747,870,278,Low Sales / Low Footfall,5216.43,6412.38,22.93,Low Promotion Response,Turnaround Priority,"Conduct store-specific review of local demand, competition, assortment and promotion response before allocating further promotional resources."
1108,780,4482599,5746.92,5401.0,2441.87,590.27,602.0,9.58,352,42.49,a,a,540.0,0,Type A,Basic,745,729,517,Low Sales / Low Footfall,4047.1,7813.76,93.07,High Promotion Response,Turnaround Priority,"Conduct store-specific review of local demand, competition, assortment and promotion response before allocating further promotional resources."
725,784,4505981,5747.42,5516.0,1241.2,595.36,582.0,9.59,353,21.6,d,c,17540.0,0,Type D,Extended,744,720,514,Low Sales / Low Footfall,5182.02,6437.76,24.23,Low Promotion Response,Turnaround Priority,"Conduct store-specific review of local demand, competition, assortment and promotion response before allocating further promotional resources."
547,622,3578049,5752.49,5611.0,1175.9,442.25,437.0,12.95,274,20.44,d,c,8990.0,1,Type D,Extended,743,1022,62,Low Sales / Low Footfall,5250.59,6389.94,21.7,Low Promotion Response,Turnaround Priority,"Conduct store-specific review of local demand, competition, assortment and promotion response before allocating further promotional resources."
514,622,3580238,5756.01,5351.0,1473.62,603.97,581.0,9.42,274,25.6,c,c,1200.0,1,Type C,Extended,742,705,545,Low Sales / Low Footfall,4828.37,6934.18,43.61,Moderate Promotion Response,Turnaround Priority,"Conduct store-specific review of local demand, competition, assortment and promotion response before allocating further promotional resources."
1067,622,3580348,5756.19,5558.0,1254.51,490.37,480.0,11.66,274,21.79,d,c,12020.0,0,Type D,Extended,741,943,178,Low Sales / Low Footfall,5081.15,6613.53,30.16,Moderate Promotion Response,Turnaround Priority,"Conduct store-specific review of local demand, competition, assortment and promotion response before allocating further promotional resources."
991,779,4484520,5756.77,5704.0,1341.03,536.75,528.0,10.65,350,23.29,a,a,1010.0,0,Type A,Basic,740,846,311,Low Sales / Low Footfall,5282.65,6337.9,19.98,Low Promotion Response,Turnaround Priority,"Conduct store-specific review of local demand, competition, assortment and promotion response before allocating further promotional resources."
855,777,4477596,5762.67,5438.0,1677.29,614.36,609.0,9.25,348,29.11,a,a,3440.0,1,Type A,Basic,739,688,583,Low Sales / Low Footfall,4611.75,7181.49,55.72,High Promotion Response,Turnaround Priority,"Conduct store-specific review of local demand, competition, assortment and promotion response before allocating further promotional resources."
920,622,3585330,5764.2,5631.0,1202.15,581.68,574.5,9.85,274,20.86,a,a,850.0,1,Type A,Basic,738,751,457,Low Sales / Low Footfall,5165.52,6524.55,26.31,Low Promotion Response,Turnaround Priority,"Conduct store-specific review of local demand, competition, assortment and promotion response before allocating further promotional resources."
641,779,4490386,5764.3,5448.0,1911.63,538.06,532.0,10.58,350,33.16,a,c,610.0,1,Type A,Extended,737,842,329,Low Sales / Low Footfall,4494.72,7320.43,62.87,High Promotion Response,Turnaround Priority,"Conduct store-specific review of local demand, competition, assortment and promotion response before allocating further promotional resources."
647,784,4527267,5774.58,5499.0,1561.41,677.49,661.0,8.42,353,27.04,a,c,7420.0,0,Type A,Extended,733,561,750,Low Sales / Low Footfall,4791.01,6975.48,45.6,Moderate Promotion Response,Turnaround Priority,"Conduct store-specific review of local demand, competition, assortment and promotion response before allocating further promotional resources."
701,622,3594522,5778.97,5495.5,1706.47,629.65,623.5,9.02,274,29.53,d,a,1450.0,1,Type D,Basic,732,658,639,Low Sales / Low Footfall,4648.49,7214.78,55.21,High Promotion Response,Turnaround Priority,"Conduct store-specific review of local demand, competition, assortment and promotion response before allocating further promotional resources."
611,622,3602813,5792.3,5652.0,964.7,490.52,484.0,11.77,274,16.65,a,a,8080.0,1,Type A,Basic,729,942,164,Low Sales / Low Footfall,5303.2,6413.5,20.94,Low Promotion Response,Turnaround Priority,"Conduct store-specific review of local demand, competition, assortment and promotion response before allocating further promotional resources."
823,784,4549069,5802.38,5637.0,1542.64,570.0,571.0,10.09,353,26.59,a,c,16210.0,0,Type A,Extended,727,775,417,Low Sales / Low Footfall,4879.28,6929.46,42.02,Moderate Promotion Response,Turnaround Priority,"Conduct store-specific review of local demand, competition, assortment and promotion response before allocating further promotional resources."
813,777,4514925,5810.71,5701.0,1159.82,650.24,653.0,8.89,348,19.96,a,a,1560.0,0,Type A,Basic,726,611,667,Low Sales / Low Footfall,5138.63,6639.24,29.2,Low Promotion Response,Turnaround Priority,"Conduct store-specific review of local demand, competition, assortment and promotion response before allocating further promotional resources."
732,883,5135916,5816.44,5411.0,2246.66,661.46,623.0,8.73,354,38.63,a,c,35280.0,0,Type A,Extended,724,587,694,Low Sales / Low Footfall,5176.23,6773.13,30.85,Moderate Promotion Response,Turnaround Priority,"Conduct store-specific review of local demand, competition, assortment and promotion response before allocating further promotional resources."
221,784,4564321,5821.84,5608.0,1412.34,552.75,542.0,10.43,353,24.26,d,c,13530.0,0,Type D,Extended,722,813,354,Low Sales / Low Footfall,5106.96,6694.68,31.09,Moderate Promotion Response,Turnaround Priority,"Conduct store-specific review of local demand, competition, assortment and promotion response before allocating further promotional resources."
606,784,4577941,5839.21,5672.0,1457.26,620.82,625.0,9.36,353,24.96,a,a,2260.0,0,Type A,Basic,721,672,558,Low Sales / Low Footfall,4875.57,7015.78,43.9,Moderate Promotion Response,Turnaround Priority,"Conduct store-specific review of local demand, competition, assortment and promotion response before allocating further promotional resources."
900,622,3635287,5844.51,5633.0,1179.38,549.03,540.5,10.59,274,20.18,a,a,3920.0,1,Type A,Basic,720,818,328,Low Sales / Low Footfall,5140.19,6739.05,31.11,Moderate Promotion Response,Turnaround Priority,"Conduct store-specific review of local demand, competition, assortment and promotion response before allocating further promotional resources."
476,780,4564251,5851.6,5733.5,2142.5,649.8,676.0,8.89,352,36.61,d,a,8300.0,0,Type D,Basic,719,613,669,Low Sales / Low Footfall,4432.92,7576.6,70.92,High Promotion Response,Turnaround Priority,"Conduct store-specific review of local demand, competition, assortment and promotion response before allocating further promotional resources."
402,780,4569233,5857.99,5687.0,1617.13,615.43,593.0,9.44,351,27.61,c,c,5830.0,1,Type C,Extended,718,685,541,Low Sales / Low Footfall,5240.41,6612.81,26.19,Low Promotion Response,Turnaround Priority,"Conduct store-specific review of local demand, competition, assortment and promotion response before allocating further promotional resources."
281,784,4594724,5860.62,5725.0,1269.34,549.65,543.0,10.6,353,21.66,d,c,6970.0,0,Type D,Extended,717,817,325,Low Sales / Low Footfall,5289.17,6558.33,24.0,Low Promotion Response,Turnaround Priority,"Conduct store-specific review of local demand, competition, assortment and promotion response before allocating further promotional resources."
31,784,4596143,5862.43,5716.5,1333.96,586.05,575.0,9.92,353,22.75,d,c,9800.0,0,Type D,Extended,716,741,441,Low Sales / Low Footfall,5173.25,6703.89,29.59,Moderate Promotion Response,Turnaround Priority,"Conduct store-specific review of local demand, competition, assortment and promotion response before allocating further promotional resources."
518,623,3653972,5865.12,5793.0,1726.97,504.31,495.0,11.47,275,29.44,d,c,3330.0,1,Type D,Extended,715,913,202,Low Sales / Low Footfall,4949.73,7023.51,41.9,Moderate Promotion Response,Turnaround Priority,"Conduct store-specific review of local demand, competition, assortment and promotion response before allocating further promotional resources."
834,784,4600937,5868.54,5755.0,1679.2,639.44,652.5,9.09,353,28.61,a,a,3470.0,0,Type A,Basic,713,630,623,Low Sales / Low Footfall,4740.6,7245.72,52.84,High Promotion Response,Turnaround Priority,"Conduct store-specific review of local demand, competition, assortment and promotion response before allocating further promotional resources."
1038,622,3668097,5897.26,5732.0,1382.65,513.44,512.0,11.4,274,23.45,d,a,17290.0,0,Type D,Basic,709,894,212,Low Sales / Low Footfall,5182.61,6804.92,31.3,Moderate Promotion Response,Turnaround Priority,"Conduct store-specific review of local demand, competition, assortment and promotion response before allocating further promotional resources."
393,779,4598489,5903.07,5693.0,1529.76,587.26,578.0,9.96,350,25.91,d,c,4820.0,0,Type D,Extended,707,737,438,Low Sales / Low Footfall,5064.28,6931.19,36.86,Moderate Promotion Response,Turnaround Priority,"Conduct store-specific review of local demand, competition, assortment and promotion response before allocating further promotional resources."
635,780,4609211,5909.24,5718.5,2571.72,596.72,615.5,9.73,351,43.52,a,a,27530.0,0,Type A,Basic,705,717,475,Low Sales / Low Footfall,4159.05,8048.37,93.51,High Promotion Response,Turnaround Priority,"Conduct store-specific review of local demand, competition, assortment and promotion response before allocating further promotional resources."
653,779,4608178,5915.5,5678.0,1519.76,500.18,490.0,11.73,350,25.69,d,c,7520.0,1,Type D,Extended,704,922,168,Low Sales / Low Footfall,4944.71,7105.42,43.7,Moderate Promotion Response,Turnaround Priority,"Conduct store-specific review of local demand, competition, assortment and promotion response before allocating further promotional resources."
810,779,4619798,5930.42,5829.0,1270.8,488.84,483.0,12.05,350,21.43,d,c,9640.0,0,Type D,Extended,699,947,130,Low Sales / Low Footfall,5298.11,6705.45,26.56,Low Promotion Response,Turnaround Priority,"Conduct store-specific review of local demand, competition, assortment and promotion response before allocating further promotional resources."
235,781,4635585,5935.45,5555.0,1947.24,501.13,492.0,11.63,350,32.81,a,a,5710.0,1,Type A,Basic,698,920,184,Low Sales / Low Footfall,4573.23,7612.92,66.47,High Promotion Response,Turnaround Priority,"Conduct store-specific review of local demand, competition, assortment and promotion response before allocating further promotional resources."
671,622,3691881,5935.5,5727.5,1357.13,593.86,587.0,9.92,274,22.86,a,c,2070.0,1,Type A,Extended,697,724,442,Low Sales / Low Footfall,5137.45,6949.09,35.26,Moderate Promotion Response,Turnaround Priority,"Conduct store-specific review of local demand, competition, assortment and promotion response before allocating further promotional resources."
174,622,3692528,5936.54,5818.5,1028.59,479.52,473.0,12.34,274,17.33,a,a,13090.0,1,Type A,Basic,696,963,105,Low Sales / Low Footfall,5587.83,6379.43,14.17,Low Promotion Response,Turnaround Priority,"Conduct store-specific review of local demand, competition, assortment and promotion response before allocating further promotional resources."
135,781,4648837,5952.42,5906.0,1366.09,539.78,534.0,10.94,350,22.95,d,a,5190.0,1,Type D,Basic,695,840,274,Low Sales / Low Footfall,5308.45,6745.41,27.07,Low Promotion Response,Turnaround Priority,"Conduct store-specific review of local demand, competition, assortment and promotion response before allocating further promotional resources."
321,780,4647488,5958.32,5933.0,1456.71,585.46,587.0,10.1,352,24.45,c,c,8140.0,1,Type C,Extended,694,743,410,Low Sales / Low Footfall,5250.94,6818.42,29.85,Moderate Promotion Response,Turnaround Priority,"Conduct store-specific review of local demand, competition, assortment and promotion response before allocating further promotional resources."
517,759,4525491,5962.44,5658.0,2106.59,650.92,651.0,9.03,341,35.33,a,c,22490.0,0,Type A,Extended,693,610,637,Low Sales / Low Footfall,4710.4,7497.2,59.16,High Promotion Response,Turnaround Priority,"Conduct store-specific review of local demand, competition, assortment and promotion response before allocating further promotional resources."
93,779,4646872,5965.18,5968.0,1952.22,603.55,612.0,9.81,350,32.73,a,a,16690.0,1,Type A,Basic,692,706,463,Low Sales / Low Footfall,4681.86,7538.16,61.01,High Promotion Response,Turnaround Priority,"Conduct store-specific review of local demand, competition, assortment and promotion response before allocating further promotional resources."
89,622,3714173,5971.34,5846.5,1271.07,624.18,630.0,9.54,274,21.29,a,a,2380.0,1,Type A,Basic,691,665,527,Low Sales / Low Footfall,5214.78,6932.22,32.93,Moderate Promotion Response,Turnaround Priority,"Conduct store-specific review of local demand, competition, assortment and promotion response before allocating further promotional resources."
550,781,4665403,5973.63,5866.0,1456.45,496.65,489.0,11.95,350,24.38,d,c,50.0,0,Type D,Extended,689,928,142,Low Sales / Low Footfall,5406.3,6672.25,23.42,Low Promotion Response,Turnaround Priority,"Conduct store-specific review of local demand, competition, assortment and promotion response before allocating further promotional resources."
939,779,4656745,5977.85,5852.0,1475.55,576.51,570.0,10.28,350,24.68,d,a,1340.0,0,Type D,Basic,688,759,380,Low Sales / Low Footfall,5203.32,6927.2,33.13,Moderate Promotion Response,Turnaround Priority,"Conduct store-specific review of local demand, competition, assortment and promotion response before allocating further promotional resources."
734,779,4658828,5980.52,5821.0,2145.69,566.05,560.0,10.46,350,35.88,a,a,220.0,1,Type A,Basic,687,782,347,Low Sales / Low Footfall,4561.68,7719.62,69.23,High Promotion Response,Turnaround Priority,"Conduct store-specific review of local demand, competition, assortment and promotion response before allocating further promotional resources."
627,781,4679168,5991.25,5899.0,1543.65,615.62,608.0,9.63,350,25.77,c,c,3970.0,0,Type C,Extended,686,683,502,Low Sales / Low Footfall,5241.1,6915.02,31.94,Moderate Promotion Response,Turnaround Priority,"Conduct store-specific review of local demand, competition, assortment and promotion response before allocating further promotional resources."
92,779,4671417,5996.68,5719.0,1836.88,547.06,538.0,10.77,350,30.63,c,a,240.0,1,Type C,Basic,685,821,293,Low Sales / Low Footfall,4845.85,7407.28,52.86,High Promotion Response,Turnaround Priority,"Conduct store-specific review of local demand, competition, assortment and promotion response before allocating further promotional resources."
38,779,4677617,6004.64,5903.0,1811.57,535.35,535.0,11.06,350,30.17,d,a,1090.0,0,Type D,Basic,684,848,255,Low Sales / Low Footfall,4938.3,7311.68,48.06,Moderate Promotion Response,Turnaround Priority,"Conduct store-specific review of local demand, competition, assortment and promotion response before allocating further promotional resources."
119,784,4707987,6005.09,5759.5,1391.75,664.96,663.0,8.96,353,23.18,a,c,2100.0,0,Type A,Extended,683,578,652,Low Sales / Low Footfall,5134.24,7068.36,37.67,Moderate Promotion Response,Turnaround Priority,"Conduct store-specific review of local demand, competition, assortment and promotion response before allocating further promotional resources."
638,618,3713936,6009.61,5937.0,1202.81,507.71,508.0,11.79,271,20.01,d,a,10170.0,0,Type D,Basic,682,907,160,Low Sales / Low Footfall,5400.98,6788.91,25.7,Low Promotion Response,Turnaround Priority,"Conduct store-specific review of local demand, competition, assortment and promotion response before allocating further promotional resources."
904,622,3742423,6016.76,5936.5,1402.98,513.99,505.0,11.61,274,23.32,d,c,570.0,1,Type D,Extended,681,890,188,Low Sales / Low Footfall,5301.36,6925.37,30.63,Moderate Promotion Response,Turnaround Priority,"Conduct store-specific review of local demand, competition, assortment and promotion response before allocating further promotional resources."
767,784,4722348,6023.4,5945.0,1877.21,615.3,625.0,9.71,353,31.17,a,c,13080.0,0,Type A,Extended,680,686,479,Low Sales / Low Footfall,4865.06,7437.69,52.88,High Promotion Response,Turnaround Priority,"Conduct store-specific review of local demand, competition, assortment and promotion response before allocating further promotional resources."
75,784,4722388,6023.45,5847.0,1289.83,642.14,631.0,9.32,353,21.41,d,c,22440.0,0,Type D,Extended,679,622,566,Low Sales / Low Footfall,5581.92,6562.55,17.57,Low Promotion Response,Turnaround Priority,"Conduct store-specific review of local demand, competition, assortment and promotion response before allocating further promotional resources."
88,780,4699058,6024.43,5949.0,2463.73,613.49,644.0,9.66,351,40.9,a,a,10690.0,0,Type A,Basic,678,691,491,Low Sales / Low Footfall,4351.85,8068.71,85.41,High Promotion Response,Turnaround Priority,"Conduct store-specific review of local demand, competition, assortment and promotion response before allocating further promotional resources."
227,767,4623704,6028.3,5780.0,1878.55,561.89,560.0,10.6,345,31.16,a,a,2370.0,0,Type A,Basic,676,790,324,Low Sales / Low Footfall,5028.36,7251.41,44.21,Moderate Promotion Response,Turnaround Priority,"Conduct store-specific review of local demand, competition, assortment and promotion response before allocating further promotional resources."
1054,784,4730838,6034.23,5803.0,1797.54,616.98,621.5,9.69,353,29.79,a,c,13190.0,1,Type A,Extended,675,679,485,Low Sales / Low Footfall,4904.59,7413.48,51.15,Moderate Promotion Response,Turnaround Priority,"Conduct store-specific review of local demand, competition, assortment and promotion response before allocating further promotional resources."
746,781,4716888,6039.55,5730.0,1776.7,509.05,497.0,11.68,350,29.42,d,c,4330.0,1,Type D,Extended,674,905,175,Low Sales / Low Footfall,5045.92,7263.14,43.94,Moderate Promotion Response,Turnaround Priority,"Conduct store-specific review of local demand, competition, assortment and promotion response before allocating further promotional resources."
1015,779,4705183,6040.03,5744.0,1514.2,492.47,478.0,12.15,350,25.07,d,c,9910.0,1,Type D,Extended,673,939,122,Low Sales / Low Footfall,5161.36,7117.02,37.89,Moderate Promotion Response,Turnaround Priority,"Conduct store-specific review of local demand, competition, assortment and promotion response before allocating further promotional resources."
351,779,4710510,6046.87,5745.0,1558.42,518.82,503.0,11.53,350,25.77,a,a,5290.0,1,Type A,Basic,672,884,193,Low Sales / Low Footfall,5085.48,7225.26,42.08,Moderate Promotion Response,Turnaround Priority,"Conduct store-specific review of local demand, competition, assortment and promotion response before allocating further promotional resources."
803,769,4650665,6047.68,5634.0,1845.73,492.09,473.0,12.12,345,30.52,d,a,1760.0,1,Type D,Basic,671,940,123,Low Sales / Low Footfall,4995.48,7340.81,46.95,Moderate Promotion Response,Turnaround Priority,"Conduct store-specific review of local demand, competition, assortment and promotion response before allocating further promotional resources."
1012,622,3762920,6049.71,5984.5,1295.75,517.01,505.0,11.63,274,21.42,d,c,6330.0,1,Type D,Extended,670,887,182,Low Sales / Low Footfall,5612.73,6604.71,17.67,Low Promotion Response,Turnaround Priority,"Conduct store-specific review of local demand, competition, assortment and promotion response before allocating further promotional resources."
942,781,4731583,6058.36,5922.0,1589.75,470.42,467.0,12.76,350,26.24,d,c,6860.0,1,Type D,Extended,668,977,76,Low Sales / Low Footfall,5168.65,7153.99,38.41,Moderate Promotion Response,Turnaround Priority,"Conduct store-specific review of local demand, competition, assortment and promotion response before allocating further promotional resources."
658,779,4719829,6058.83,5776.0,1804.01,598.63,596.0,9.99,350,29.77,d,c,520.0,1,Type D,Extended,667,714,434,Low Sales / Low Footfall,4853.03,7536.8,55.3,High Promotion Response,Turnaround Priority,"Conduct store-specific review of local demand, competition, assortment and promotion response before allocating further promotional resources."
202,781,4737388,6065.8,5891.0,1362.95,509.39,504.0,11.82,350,22.47,d,c,5140.0,0,Type D,Extended,665,902,154,Low Sales / Low Footfall,5419.71,6861.4,26.6,Low Promotion Response,Turnaround Priority,"Conduct store-specific review of local demand, competition, assortment and promotion response before allocating further promotional resources."
805,622,3784390,6084.23,5813.0,1723.83,572.43,558.5,10.51,274,28.33,d,a,24770.0,1,Type D,Basic,663,769,338,Low Sales / Low Footfall,5022.66,7432.49,47.98,Moderate Promotion Response,Turnaround Priority,"Conduct store-specific review of local demand, competition, assortment and promotion response before allocating further promotional resources."
819,784,4775423,6091.1,5912.5,1231.05,539.95,535.0,11.24,353,20.21,a,c,720.0,0,Type A,Extended,662,839,231,Low Sales / Low Footfall,5326.93,7024.12,31.86,Moderate Promotion Response,Turnaround Priority,"Conduct store-specific review of local demand, competition, assortment and promotion response before allocating further promotional resources."
818,781,4772357,6110.57,5637.0,1915.01,635.26,614.0,9.45,350,31.34,d,a,490.0,1,Type D,Basic,660,646,536,Low Sales / Low Footfall,4797.92,7727.01,61.05,High Promotion Response,Turnaround Priority,"Conduct store-specific review of local demand, competition, assortment and promotion response before allocating further promotional resources."
406,779,4760515,6111.06,5941.0,1739.14,474.06,469.0,12.74,350,28.46,d,c,8240.0,1,Type D,Extended,659,972,77,Low Sales / Low Footfall,5413.63,6965.91,28.67,Low Promotion Response,Turnaround Priority,"Conduct store-specific review of local demand, competition, assortment and promotion response before allocating further promotional resources."
1041,622,3801487,6111.72,6129.0,1061.28,655.97,646.0,9.28,274,17.36,c,a,1600.0,1,Type C,Basic,658,598,576,Low Sales / Low Footfall,5554.97,6818.82,22.75,Low Promotion Response,Turnaround Priority,"Conduct store-specific review of local demand, competition, assortment and promotion response before allocating further promotional resources."
66,777,4750858,6114.36,5991.0,1158.22,524.06,518.0,11.63,348,18.94,d,a,7660.0,1,Type D,Basic,657,873,185,Low Sales / Low Footfall,5563.72,6793.16,22.1,Low Promotion Response,Turnaround Priority,"Conduct store-specific review of local demand, competition, assortment and promotion response before allocating further promotional resources."
766,622,3809093,6123.94,5964.0,1446.24,529.7,523.0,11.47,274,23.62,d,c,9820.0,0,Type D,Extended,655,861,201,Low Sales / Low Footfall,5423.07,7014.11,29.34,Low Promotion Response,Turnaround Priority,"Conduct store-specific review of local demand, competition, assortment and promotion response before allocating further promotional resources."
509,781,4783674,6125.06,5748.0,1845.02,518.31,517.0,11.65,350,30.12,a,a,4740.0,1,Type A,Basic,654,885,179,Low Sales / Low Footfall,4830.27,7719.5,59.82,High Promotion Response,Turnaround Priority,"Conduct store-specific review of local demand, competition, assortment and promotion response before allocating further promotional resources."
763,784,4802197,6125.25,5910.5,1396.92,586.28,576.0,10.37,353,22.81,d,c,32240.0,0,Type D,Extended,653,740,364,Low Sales / Low Footfall,5372.45,7044.4,31.12,Moderate Promotion Response,Turnaround Priority,"Conduct store-specific review of local demand, competition, assortment and promotion response before allocating further promotional resources."
1023,780,4799042,6152.62,5839.5,1827.83,630.17,608.0,9.65,352,29.71,c,a,3740.0,1,Type C,Basic,651,657,493,Low Sales / Low Footfall,5210.28,7298.41,40.08,Moderate Promotion Response,Turnaround Priority,"Conduct store-specific review of local demand, competition, assortment and promotion response before allocating further promotional resources."
588,784,4825215,6154.61,5954.5,1436.56,661.15,657.0,9.25,353,23.34,d,c,15720.0,0,Type D,Extended,650,588,581,Low Sales / Low Footfall,5380.76,7099.46,31.94,Moderate Promotion Response,Turnaround Priority,"Conduct store-specific review of local demand, competition, assortment and promotion response before allocating further promotional resources."
830,780,4816406,6174.88,6066.0,2012.13,526.46,540.0,11.68,352,32.59,a,c,6320.0,1,Type A,Extended,648,866,174,Low Sales / Low Footfall,4869.38,7762.24,59.41,High Promotion Response,Turnaround Priority,"Conduct store-specific review of local demand, competition, assortment and promotion response before allocating further promotional resources."
303,766,4740126,6188.15,5862.5,1969.22,674.0,663.5,9.06,341,31.82,a,a,15430.0,1,Type A,Basic,647,567,632,Low Sales / Low Footfall,5057.82,7596.93,50.2,Moderate Promotion Response,Turnaround Priority,"Conduct store-specific review of local demand, competition, assortment and promotion response before allocating further promotional resources."
366,780,4833475,6196.76,6004.5,2209.0,600.93,607.0,10.16,351,35.65,d,c,6470.0,0,Type D,Extended,645,710,400,Low Sales / Low Footfall,4807.53,7894.71,64.22,High Promotion Response,Turnaround Priority,"Conduct store-specific review of local demand, competition, assortment and promotion response before allocating further promotional resources."
850,772,4787781,6201.79,5872.5,1800.18,653.06,637.0,9.37,350,29.03,d,a,1120.0,1,Type D,Basic,644,603,554,Low Sales / Low Footfall,5159.52,7458.47,44.56,Moderate Promotion Response,Turnaround Priority,"Conduct store-specific review of local demand, competition, assortment and promotion response before allocating further promotional resources."
164,623,3868966,6210.22,5764.0,1986.16,633.43,624.0,9.65,275,31.98,a,a,1160.0,1,Type A,Basic,642,651,494,Low Sales / Low Footfall,4860.86,7917.77,62.89,High Promotion Response,Turnaround Priority,"Conduct store-specific review of local demand, competition, assortment and promotion response before allocating further promotional resources."
477,622,3864914,6213.69,5949.5,1457.29,449.89,437.5,13.7,274,23.45,d,a,770.0,1,Type D,Basic,641,1014,23,Low Sales / Low Footfall,5317.3,7352.16,38.27,Moderate Promotion Response,Turnaround Priority,"Conduct store-specific review of local demand, competition, assortment and promotion response before allocating further promotional resources."
757,777,4832775,6219.79,5895.0,1632.85,535.86,521.0,11.49,348,26.25,a,c,3450.0,0,Type A,Extended,640,847,197,Low Sales / Low Footfall,5240.31,7427.25,41.73,Moderate Promotion Response,Turnaround Priority,"Conduct store-specific review of local demand, competition, assortment and promotion response before allocating further promotional resources."
1107,623,3882362,6231.72,5719.0,2014.66,668.53,649.0,9.13,275,32.33,a,a,1400.0,1,Type A,Basic,636,574,615,Low Sales / Low Footfall,4873.95,7949.92,63.11,High Promotion Response,Turnaround Priority,"Conduct store-specific review of local demand, competition, assortment and promotion response before allocating further promotional resources."
415,780,4863171,6234.83,6070.0,1411.53,521.28,513.0,11.88,351,22.64,d,c,6910.0,0,Type D,Extended,635,877,149,Low Sales / Low Footfall,5593.93,7018.16,25.46,Low Promotion Response,Turnaround Priority,"Conduct store-specific review of local demand, competition, assortment and promotion response before allocating further promotional resources."
272,781,4871343,6237.31,5749.0,2184.75,629.56,635.0,9.74,350,35.03,a,a,16180.0,1,Type A,Basic,633,660,473,Low Sales / Low Footfall,4695.55,8135.89,73.27,High Promotion Response,Turnaround Priority,"Conduct store-specific review of local demand, competition, assortment and promotion response before allocating further promotional resources."
542,622,3885411,6246.64,5986.5,1403.01,531.64,524.5,11.67,274,22.46,a,a,7280.0,1,Type A,Basic,632,854,176,Low Sales / Low Footfall,5295.59,7454.55,40.77,Moderate Promotion Response,Turnaround Priority,"Conduct store-specific review of local demand, competition, assortment and promotion response before allocating further promotional resources."
871,781,4889449,6260.5,6014.0,1704.93,479.63,459.0,12.95,350,27.23,d,c,10620.0,0,Type D,Extended,628,962,61,Low Sales / Low Footfall,5956.17,6635.25,11.4,Low Promotion Response,Turnaround Priority,"Conduct store-specific review of local demand, competition, assortment and promotion response before allocating further promotional resources."
979,782,4898808,6264.46,5921.5,1856.63,636.38,619.0,9.67,353,29.64,a,c,2270.0,1,Type A,Extended,627,643,488,Low Sales / Low Footfall,5002.24,7798.43,55.9,High Promotion Response,Turnaround Priority,"Conduct store-specific review of local demand, competition, assortment and promotion response before allocating further promotional resources."
361,780,4888169,6266.88,6169.5,1689.02,637.82,638.0,9.72,351,26.95,c,c,4490.0,1,Type C,Extended,626,636,477,Low Sales / Low Footfall,5251.92,7507.4,42.95,Moderate Promotion Response,Turnaround Priority,"Conduct store-specific review of local demand, competition, assortment and promotion response before allocating further promotional resources."
280,777,4869839,6267.49,6085.0,1321.88,521.06,514.0,11.97,348,21.09,d,c,18640.0,1,Type D,Extended,625,878,140,Low Sales / Low Footfall,5641.76,7038.86,24.76,Low Promotion Response,Turnaround Priority,"Conduct store-specific review of local demand, competition, assortment and promotion response before allocating further promotional resources."
255,779,4885211,6271.13,6151.0,1486.82,640.36,635.0,9.71,350,23.71,c,c,4630.0,1,Type C,Extended,623,626,480,Low Sales / Low Footfall,5510.98,7202.86,30.7,Moderate Promotion Response,Turnaround Priority,"Conduct store-specific review of local demand, competition, assortment and promotion response before allocating further promotional resources."
1087,784,4925247,6282.2,6077.5,1370.37,615.48,602.0,10.12,353,21.81,d,c,2210.0,0,Type D,Extended,620,684,406,Low Sales / Low Footfall,5538.55,7190.18,29.82,Moderate Promotion Response,Turnaround Priority,"Conduct store-specific review of local demand, competition, assortment and promotion response before allocating further promotional resources."
132,622,3908185,6283.26,6094.5,1591.17,582.41,577.0,10.68,274,25.32,d,c,1040.0,1,Type D,Extended,619,749,308,Low Sales / Low Footfall,5586.9,7167.68,28.29,Low Promotion Response,Turnaround Priority,"Conduct store-specific review of local demand, competition, assortment and promotion response before allocating further promotional resources."
428,622,3910828,6287.5,6074.0,1348.44,526.58,515.0,11.88,274,21.45,d,a,2960.0,1,Type D,Basic,618,865,148,Low Sales / Low Footfall,5645.42,7103.0,25.82,Low Promotion Response,Turnaround Priority,"Conduct store-specific review of local demand, competition, assortment and promotion response before allocating further promotional resources."
602,781,4920431,6300.17,6011.0,1495.24,614.2,609.0,10.18,350,23.73,a,a,2710.0,1,Type A,Basic,617,689,397,Low Sales / Low Footfall,5294.79,7538.21,42.37,Moderate Promotion Response,Turnaround Priority,"Conduct store-specific review of local demand, competition, assortment and promotion response before allocating further promotional resources."
625,779,4907852,6300.2,5966.0,1745.02,616.85,606.0,10.1,350,27.7,a,a,1170.0,1,Type A,Basic,616,680,415,Low Sales / Low Footfall,5088.27,7785.67,53.01,High Promotion Response,Turnaround Priority,"Conduct store-specific review of local demand, competition, assortment and promotion response before allocating further promotional resources."
1115,781,4922229,6302.47,6126.0,1728.16,432.63,426.0,14.42,350,27.42,d,c,5350.0,1,Type D,Extended,615,1031,7,Low Sales / Low Footfall,5512.42,7275.36,31.98,Moderate Promotion Response,Turnaround Priority,"Conduct store-specific review of local demand, competition, assortment and promotion response before allocating further promotional resources."
215,621,3920679,6313.49,6202.0,1813.89,490.28,489.0,12.71,274,28.73,d,a,150.0,1,Type D,Basic,613,944,80,Low Sales / Low Footfall,5172.8,7758.09,49.98,Moderate Promotion Response,Turnaround Priority,"Conduct store-specific review of local demand, competition, assortment and promotion response before allocating further promotional resources."
143,779,4919195,6314.76,5954.0,1857.95,582.04,560.0,10.69,350,29.42,d,a,2930.0,0,Type D,Basic,612,750,307,Low Sales / Low Footfall,5106.61,7795.59,52.66,High Promotion Response,Turnaround Priority,"Conduct store-specific review of local demand, competition, assortment and promotion response before allocating further promotional resources."
289,781,4936879,6321.23,6135.0,1481.93,553.71,543.0,11.32,350,23.44,d,a,6540.0,0,Type D,Basic,611,809,222,Low Sales / Low Footfall,5512.11,7317.6,32.75,Moderate Promotion Response,Turnaround Priority,"Conduct store-specific review of local demand, competition, assortment and promotion response before allocating further promotional resources."
58,623,3947427,6336.16,5962.0,1789.09,513.15,498.0,12.17,275,28.24,a,c,7340.0,1,Type A,Extended,606,896,121,Low Sales / Low Footfall,5327.9,7612.07,42.87,Moderate Promotion Response,Turnaround Priority,"Conduct store-specific review of local demand, competition, assortment and promotion response before allocating further promotional resources."
915,622,3942303,6338.11,6128.0,1588.56,513.68,496.0,12.27,274,25.06,d,c,650.0,1,Type D,Extended,605,893,116,Low Sales / Low Footfall,6093.94,6648.22,9.1,Low Promotion Response,Turnaround Priority,"Conduct store-specific review of local demand, competition, assortment and promotion response before allocating further promotional resources."
617,780,4960149,6359.17,6356.5,2138.64,574.69,597.0,10.97,352,33.63,a,c,8940.0,1,Type A,Extended,604,762,267,Low Sales / Low Footfall,4997.24,8015.15,60.39,High Promotion Response,Turnaround Priority,"Conduct store-specific review of local demand, competition, assortment and promotion response before allocating further promotional resources."
181,623,3976421,6382.7,5864.0,2229.54,668.79,672.0,9.37,275,34.93,a,a,12610.0,1,Type A,Basic,601,573,555,Low Sales / Low Footfall,4804.02,8380.44,74.45,High Promotion Response,Turnaround Priority,"Conduct store-specific review of local demand, competition, assortment and promotion response before allocating further promotional resources."
650,622,3975207,6391.01,6358.0,1114.58,663.82,657.0,9.59,274,17.44,a,a,1420.0,1,Type A,Basic,600,579,516,Low Sales / Low Footfall,5863.87,7060.51,20.41,Low Promotion Response,Turnaround Priority,"Conduct store-specific review of local demand, competition, assortment and promotion response before allocating further promotional resources."
1062,779,4990259,6405.98,6081.0,1815.01,592.43,571.0,10.65,350,28.33,d,a,190.0,1,Type D,Basic,598,726,312,Low Sales / Low Footfall,5153.36,7941.33,54.1,High Promotion Response,Turnaround Priority,"Conduct store-specific review of local demand, competition, assortment and promotion response before allocating further promotional resources."
990,780,4999125,6409.13,6202.5,1718.85,573.48,556.5,11.05,352,26.82,d,a,20930.0,0,Type D,Basic,597,768,259,Low Sales / Low Footfall,5336.54,7713.31,44.54,Moderate Promotion Response,Turnaround Priority,"Conduct store-specific review of local demand, competition, assortment and promotion response before allocating further promotional resources."
712,622,3994137,6421.44,6038.0,1643.02,574.68,566.0,11.07,274,25.59,a,a,4870.0,1,Type A,Basic,596,763,253,Low Sales / Low Footfall,5431.85,7678.29,41.36,Moderate Promotion Response,Turnaround Priority,"Conduct store-specific review of local demand, competition, assortment and promotion response before allocating further promotional resources."
1057,784,5036413,6424.0,6340.0,1404.57,640.41,643.0,9.97,353,21.86,d,c,3230.0,0,Type D,Extended,595,625,436,Low Sales / Low Footfall,5865.43,7105.99,21.15,Low Promotion Response,Turnaround Priority,"Conduct store-specific review of local demand, competition, assortment and promotion response before allocating further promotional resources."
414,781,5020250,6427.98,6273.0,1418.24,484.14,472.0,13.22,350,22.06,d,c,6210.0,1,Type D,Extended,594,959,43,Low Sales / Low Footfall,6010.44,6942.15,15.5,Low Promotion Response,Turnaround Priority,"Conduct store-specific review of local demand, competition, assortment and promotion response before allocating further promotional resources."
886,779,5018882,6442.72,6246.0,1732.64,609.0,615.0,10.49,350,26.89,a,c,12430.0,0,Type A,Extended,592,698,344,Low Sales / Low Footfall,5349.54,7782.65,45.48,Moderate Promotion Response,Turnaround Priority,"Conduct store-specific review of local demand, competition, assortment and promotion response before allocating further promotional resources."
277,622,4008491,6444.52,6069.5,1628.82,535.25,521.5,11.91,274,25.27,d,c,7840.0,1,Type D,Extended,590,849,146,Low Sales / Low Footfall,5424.88,7739.54,42.67,Moderate Promotion Response,Turnaround Priority,"Conduct store-specific review of local demand, competition, assortment and promotion response before allocating further promotional resources."
139,622,4020701,6464.15,6207.0,1686.49,513.82,520.0,12.51,274,26.09,a,a,1700.0,1,Type A,Basic,587,892,92,Low Sales / Low Footfall,5360.64,7865.69,46.73,Moderate Promotion Response,Turnaround Priority,"Conduct store-specific review of local demand, competition, assortment and promotion response before allocating further promotional resources."
19,779,5036169,6464.92,6247.0,1842.07,624.67,633.0,10.26,350,28.49,a,c,3240.0,1,Type A,Extended,585,663,383,Low Sales / Low Footfall,5245.26,7959.87,51.75,Moderate Promotion Response,Turnaround Priority,"Conduct store-specific review of local demand, competition, assortment and promotion response before allocating further promotional resources."
325,779,5051539,6484.65,6279.0,1733.44,673.06,649.0,9.61,350,26.73,a,c,350.0,1,Type A,Extended,580,568,509,Low Sales / Low Footfall,5354.4,7870.01,46.98,Moderate Promotion Response,Turnaround Priority,"Conduct store-specific review of local demand, competition, assortment and promotion response before allocating further promotional resources."
715,776,5037090,6491.1,6371.0,2560.76,675.4,704.5,9.51,348,39.45,a,a,14810.0,0,Type A,Basic,578,566,533,Low Sales / Low Footfall,4818.16,8548.61,77.42,High Promotion Response,Turnaround Priority,"Conduct store-specific review of local demand, competition, assortment and promotion response before allocating further promotional resources."
126,779,5069540,6507.75,5919.0,3049.54,543.81,529.0,11.81,350,46.86,d,a,3370.0,1,Type D,Basic,575,830,157,Low Sales / Low Footfall,5363.28,7910.55,47.49,Moderate Promotion Response,Turnaround Priority,"Conduct store-specific review of local demand, competition, assortment and promotion response before allocating further promotional resources."
785,779,5072473,6511.52,6139.0,2014.01,561.39,547.0,11.42,350,30.93,d,c,970.0,1,Type D,Extended,573,793,208,Low Sales / Low Footfall,5529.5,7715.2,39.53,Moderate Promotion Response,Turnaround Priority,"Conduct store-specific review of local demand, competition, assortment and promotion response before allocating further promotional resources."
832,781,5115779,6550.29,6525.0,1558.25,554.44,548.0,11.72,350,23.79,d,a,5070.0,1,Type D,Basic,569,807,170,Low Sales / Low Footfall,5703.57,7592.97,33.13,Moderate Promotion Response,Turnaround Priority,"Conduct store-specific review of local demand, competition, assortment and promotion response before allocating further promotional resources."
9,779,5112061,6562.34,6215.0,1628.65,579.82,561.0,11.21,350,24.82,a,c,2030.0,0,Type A,Extended,564,752,237,Low Sales / Low Footfall,5735.0,7576.42,32.11,Moderate Promotion Response,Turnaround Priority,"Conduct store-specific review of local demand, competition, assortment and promotion response before allocating further promotional resources."
952,622,4085326,6568.05,6470.5,1285.48,530.22,523.0,12.34,274,19.57,d,c,6300.0,0,Type D,Extended,563,859,106,Low Sales / Low Footfall,6117.94,7139.72,16.7,Low Promotion Response,Turnaround Priority,"Conduct store-specific review of local demand, competition, assortment and promotion response before allocating further promotional resources."
648,784,5154013,6574.0,6423.5,1439.7,609.82,603.0,10.71,353,21.9,d,a,2130.0,0,Type D,Basic,562,697,303,Low Sales / Low Footfall,5674.96,7671.69,35.18,Moderate Promotion Response,Turnaround Priority,"Conduct store-specific review of local demand, competition, assortment and promotion response before allocating further promotional resources."
